timestamp,bearing_1_rms,bearing_1_kurtosis,bearing_1_bpfo_energy,bearing_2_rms,bearing_2_kurtosis,bearing_2_bpfo_energy,bearing_3_rms,bearing_3_kurtosis,bearing_3_bpfo_energy,bearing_4_rms,bearing_4_kurtosis,bearing_4_bpfo_energy,bearing_1_rms_z,bearing_1_kurtosis_z,bearing_1_bpfo_energy_z,anomaly_type,severity,pct_above_baseline
2004-02-12 10:32:39,0.0741789985651262,0.6287626426442556,4083.8017903274936,0.0909438869642807,0.5068005370841773,2882.17974800437,0.1094041391987895,3.213074668222574,36695.45210744282,0.0541034680395466,0.0659590511486278,1322.1189056227618,-2.6704951582392016,1.6960556831570115,-0.3660239627175923,Normal,Normal,-4.0
2004-02-12 10:42:39,0.0753824568113952,0.6482910813108558,6039.736243767326,0.0934188881965258,0.2530137693762384,16983.433630310843,0.1098173316826202,1.3952499379815348,49643.139355790496,0.0561008587069418,0.1075393316008175,929.8019407257132,-1.6390622531447228,1.8783687394394009,0.12642792754437704,Normal,Normal,-2.5
2004-02-12 10:52:39,0.0762297744691993,0.5134753088232071,2265.635196467312,0.0937178978891739,0.3107892284776641,4936.045850282256,0.1098610497134476,2.639947862656676,20038.43713596361,0.0561452192491155,0.2572364127659483,861.1529331078964,-0.9128623072503051,0.619759388384016,-0.8237895971349294,Normal,Normal,-1.4
2004-02-12 11:02:39,0.0787236764660297,1.157952723004808,2280.993232771784,0.0929470991070828,0.2353407404249003,5009.060836107592,0.1106665343992369,2.682779117744172,14265.866103660925,0.0568074302434054,0.8061900787493554,1253.5628312598512,1.2245550810025925,6.636453763719597,-0.8199228550794643,Normal,Normal,1.8
2004-02-12 11:12:39,0.0784742907367796,0.6031769286310373,2178.022355302711,0.095347968554248,0.226308794897708,9657.476965160504,0.1075055998723148,1.5783946520336087,31136.550586493435,0.0568409414678638,0.1389537967943335,1461.124543250225,1.0108171735953448,1.4571932836301638,-0.8458481631399669,Normal,Normal,1.5
2004-02-12 11:22:39,0.0783146413938072,0.4560936214628657,5446.24597615318,0.0924047194559583,0.1856375972262229,5496.546051511388,0.1105172274731834,1.8624281531683409,89684.313068575,0.0555659267608925,0.1494073383771934,2416.893368312428,0.8739885082644503,0.0840570224187951,-0.022997020528229186,Normal,Normal,1.3
2004-02-12 11:32:39,0.0786324432585717,0.4786149756059883,4902.318223019895,0.0939184853198007,0.2501083955512979,16604.392302560904,0.1073879121310913,1.8220329786922909,57330.889660171255,0.056279076686245,0.1077937548325298,3422.682995233446,1.146362977120951,0.2943112560290427,-0.15994345537698343,Normal,Normal,1.7
2004-02-12 11:42:39,0.0777728802246483,0.4719824550317826,4541.240983296611,0.0932405161271442,0.1037504492141558,5289.391555332965,0.106232635529589,1.4448963659987744,83092.81441461066,0.0555046842230736,0.209791004669348,1719.7717669545864,0.4096680398931346,0.23239155433740763,-0.25085303004069043,Normal,Normal,0.6
2004-02-12 11:52:39,0.0790294298426225,0.404514320897305,4669.806658749929,0.0958592438365035,0.4514264068174758,20223.955072338333,0.1105864187224605,2.3845540569234336,67434.59077066125,0.0558550986125315,0.1598373115450946,1897.5787022532013,1.486603302816075,-0.39747558177748754,-0.21848363760606782,Normal,Normal,2.2
2004-02-12 12:02:39,0.0757175598983031,0.32520331504832,7158.985080429186,0.0947418712500906,0.196032358893337,18238.79040023673,0.1097707485459041,1.4615057334105144,164982.76313048933,0.0554596132439803,0.206106647540921,3228.7953439409284,-1.3518596422464237,-1.1379050713039163,0.4082247967177325,Normal,Normal,-2.0
2004-02-12 12:12:39,0.0792411164801179,0.4552119318712826,1634.4047408510114,0.0951461052679312,0.1700577747770562,5425.833322132255,0.1060237146876672,1.1014436437540749,15216.993737604778,0.0555234945519968,0.1744089633248347,1323.3114989264868,1.6680309212303206,0.07582576917432526,-0.9827165133782061,Normal,Normal,2.5
2004-02-12 12:22:39,0.077638908086269,0.6415150749455005,3518.6964561527925,0.0933290672562512,0.0591476196236211,15011.102987476066,0.1046041228143787,1.6360985486862392,22777.95629649348,0.0547741630291771,0.1100550414613756,3038.95869549174,0.2948462151072013,1.8151094870768612,-0.5083023450642192,Normal,Normal,0.4
2004-02-12 12:32:39,0.077404580876231,0.3647260382142652,2175.2805039655286,0.0943805185162204,0.2904622065873399,14881.656102262368,0.1044223491497539,1.1545225133803472,11854.540811134282,0.0546898316467227,0.0449189911528482,1549.5192527165652,0.09401432439435256,-0.768929928129261,-0.8465384878445796,Normal,Normal,0.1
2004-02-12 12:42:39,0.0798646872010324,0.5982531546782233,2764.820445018212,0.094840197884471,0.1063206619307339,5107.338864496091,0.1048940806912501,1.5414655991864716,58431.96789734517,0.0562540167836651,0.1023836811066272,3067.755399786362,2.2024668787707524,1.4112260512719286,-0.6981081261595302,Normal,Normal,3.3
2004-02-12 12:52:39,0.0792169800714507,0.5511103583412886,4699.157367809373,0.0947824516182485,0.1402485423367241,13255.109164931662,0.1036627343841556,1.215237462759629,21917.937784157493,0.0556320049135668,0.0799000452087419,1444.0463594195342,1.6473446313757754,0.9711116402522424,-0.2110939154548818,Normal,Normal,2.5
2004-02-12 13:02:39,0.0786617772193871,0.5530516614826197,1816.3173213906443,0.0946310815829688,0.1959868254526617,3570.392098345583,0.1047238917623833,1.3682988461680416,46708.07140024805,0.0563228742351575,0.1938711839800735,453.7665105911104,1.1715038679790661,0.9892352042969197,-0.9369157995599959,Normal,Normal,1.8
2004-02-12 13:12:39,0.078453383600948,0.4799660990734948,5014.288582907993,0.0956939023617427,0.165848195193623,4332.087251445866,0.1087079305301883,2.0724590260877376,21562.78480826873,0.0561796065610945,0.2139803382727145,666.4847193373956,0.992898556215105,0.3069250370374172,-0.13175231876540935,Normal,Normal,1.5
2004-02-12 13:22:39,0.0776227741604187,0.4477488811593342,3593.987997753306,0.0929425740460877,0.1176072740378524,11788.642093792849,0.1042154063837702,2.366988657907563,44826.26901582171,0.0548299430626186,0.2029543008346217,767.8868096613309,0.281018513097642,0.006152427248999836,-0.48934595216633675,Normal,Normal,0.4
2004-02-12 13:32:39,0.0778255583294901,0.341445316373242,7395.821757258387,0.0949667977546955,0.1374079413435138,33561.29463477566,0.1052298003831228,1.1526700310009694,140419.90872481136,0.0556262653472653,0.0922079817125856,2295.9451146389933,0.4548162042605314,-0.9862734456402824,0.46785392640701673,Normal,Normal,0.7
2004-02-12 13:42:39,0.0789331606338948,0.5964296522845243,1630.4970170282074,0.0954754841119239,0.2425243166798711,3645.337925122466,0.1067608303749261,2.455067043287836,14939.592970370551,0.0547639189284902,0.0815636614284054,903.3876802465612,1.404095056321446,1.394202248180998,-0.9837003735376184,Normal,Normal,2.1
2004-02-12 13:52:39,0.0790285478605872,0.5063801110635779,5677.408785330883,0.0956655579328808,0.1524805052472984,16652.278556591602,0.1056178591798488,1.9139070690457816,10529.676965081768,0.0553470134201589,0.1503507695277135,1167.28045033465,1.4858473935057808,0.553520237852318,0.03520358130565455,Normal,Normal,2.2
2004-02-12 14:02:39,0.0793632849991693,0.3844068433999403,9688.849188936145,0.0960886657699706,0.1564794915640446,10391.59716076332,0.1064042916945346,1.2867130291679612,36533.64196088743,0.0552470092516328,0.1642612881271437,1546.89620091925,1.772736365650119,-0.5851944127224166,1.0451767968980836,Normal,Normal,2.7
2004-02-12 14:12:39,0.0794867204047514,0.4149724425540562,1593.116901559106,0.0943347873247688,0.1334861481249847,3851.104548280959,0.1065285037872053,1.9633041034020016,13119.09770980956,0.0547529117733134,0.2284064437457211,846.7632822252722,1.8785276046613344,-0.29984093956329255,-0.9931116850918459,Normal,Normal,2.8
2004-02-12 14:22:39,0.0797529434091424,0.5200740317916859,1237.2067138383356,0.0962719724311351,0.1871939286863471,6609.664158584111,0.1051904914997221,1.2544789369804352,31785.24831234,0.0566476112070822,0.0815873750234374,2037.649948584841,2.1066960248564546,0.6813635633251357,-1.0827203345015166,Normal,Normal,3.2
2004-02-12 14:32:39,0.0793813878458176,0.4846810415588352,10786.453749472284,0.0967415088328169,0.3711304232280987,18722.049781828864,0.1080023043916482,1.387538137119228,41006.834043171984,0.0561040463217393,0.1358328182378496,1418.6343144379096,1.7882515459788277,0.35094266637141364,1.3215242172554433,Normal,Normal,2.7
2004-02-12 14:42:39,0.0775918794453348,0.3099755507638151,5487.061868177844,0.0947511445552572,0.2615943824726452,10254.835782435124,0.106593097925666,1.022536467478275,49267.30085126472,0.0554997809328446,0.1271939001086788,892.9439279207821,0.2545399661020623,-1.2800680109251017,-0.012720672491654948,Normal,Normal,0.4
2004-02-12 14:52:39,0.0777409956351457,0.3680421199233374,845.1965486132585,0.0962464358613638,0.1566551621494887,5672.116699325217,0.1056286225802605,1.612231805636072,30180.999401551377,0.0552180837007055,0.0949560451636615,863.0643872893316,0.38234111361182976,-0.7379717444472709,-1.1814179910244602,Normal,Normal,0.6
2004-02-12 15:02:39,0.0775139440580693,0.4042083382464931,7817.207858360308,0.0951367018611409,0.1738220022516348,24735.747937943925,0.1074551448479637,2.3155987865544674,108079.19781878694,0.0554945103035257,0.0647472076999928,2575.9362019377004,0.18774485863063206,-0.4003321661256419,0.5739476565178686,Normal,Normal,0.3
2004-02-12 15:12:39,0.0782795440183369,0.3419917127536713,8367.812361856166,0.0946834910454959,0.2331517446347866,9512.447775524555,0.1065545609670962,1.20232900829488,121938.4616186364,0.05516388093459,0.1245815093004498,2155.486001296953,0.843908039702488,-0.9811724134605785,0.7125751182185575,Normal,Normal,1.3
2004-02-12 15:22:39,0.0788611814361159,0.5350200636292444,2254.9188612553767,0.0958770485948833,0.2907499147594046,6689.373508223285,0.1049086484124104,2.017434683384363,25968.50451721264,0.0552473618926166,0.2345610991748845,821.8002039909785,1.3424047456674353,0.8208963129790832,-0.8264876832198274,Normal,Normal,2.0
2004-02-12 15:32:39,0.0785823674660066,0.4890447103350155,2838.320152273435,0.0949221543205766,0.1655068894218261,19304.90718397389,0.1048734000082808,0.9570967413089556,24116.88420053696,0.0544348664690196,0.0734951184794376,1427.5086535010364,1.1034451439842685,0.39168088435041265,-0.679602869141392,Normal,Normal,1.7
2004-02-12 15:42:39,0.0802309176470291,0.4867117699711172,5867.066053855267,0.0948932305030896,0.1657361179752685,4409.397510115804,0.1049042615986714,1.1352691918982902,70416.96672225452,0.0568091316727007,0.143500272564844,2056.0306050290405,2.5163474259517664,0.3699010843813403,0.08295420005594062,Normal,Normal,3.8
2004-02-12 15:52:39,0.0774210702531334,0.5086729705515918,1421.9762304536932,0.095491725958653,0.2012338515120801,16536.243620111774,0.1042516798144788,1.434412997331692,15031.430074429416,0.0553916731212542,0.1759125783377575,2563.498520990955,0.10814666839079827,0.5749258518915408,-1.03620032072498,Normal,Normal,0.2
2004-02-12 16:02:39,0.0790161246152881,0.404492415747514,843.0019701666871,0.0962606817327627,0.2295606492347852,1552.2484744316382,0.1067292061129473,1.7143269486039925,35940.18910059408,0.0559818377878877,0.1527706475195329,949.047931411436,1.4751999580594115,-0.39768008326759136,-1.1819705270782332,Normal,Normal,2.2
2004-02-12 16:12:39,0.0782347541557618,0.4066809287512813,12328.57766559808,0.097852774505967,0.3069613520962955,26322.767817822143,0.1081312258865067,1.3174828224675943,76556.51306785637,0.0555853180965138,0.1142662308563497,1614.1252599731126,0.8055205524607496,-0.37724862424301603,1.7097897013971899,Normal,Normal,1.2
2004-02-12 16:22:39,0.0781287058496067,0.4218788787843972,1974.2278611737229,0.095256199304084,0.1137938912215692,3938.516331905515,0.1028741684352782,1.426502408342559,38973.398032374265,0.0556276122982103,0.1958801945559418,1583.514542309109,0.7146310572605536,-0.23536402368335488,-0.8971581565205243,Normal,Normal,1.1
2004-02-12 16:32:39,0.0768618910316988,0.4096278061735678,6437.234870898903,0.0959553294202079,0.1730856867768788,8151.497118396886,0.1062854164318593,1.3472119328296015,75685.33808051384,0.0556401467263915,0.033498695927733,1200.0457705319957,-0.3711020721623843,-0.3497372477055002,0.22650743172368418,Normal,Normal,-0.6
2004-02-12 16:42:39,0.0798651870072506,0.5706517890996228,2886.1146932365464,0.0965205068985504,0.2158220815230112,7093.216410625905,0.1049208695502829,1.1663803941882165,42626.78710484642,0.0564670780916024,0.1600982637971593,1773.983093179028,2.2028952414341108,1.1535459877444396,-0.6675694842802099,Normal,Normal,3.3
2004-02-12 16:52:39,0.077429174731553,0.3569692841046232,2444.749169245124,0.0954842855096946,0.2629708782870037,3752.0217239251087,0.1074529498235448,1.8640022241691008,24903.06274385324,0.0561014009406182,0.2587931953743987,848.4439057484306,0.11509267233112908,-0.8413452180919182,-0.7786934977683881,Normal,Normal,0.2
2004-02-12 17:02:39,0.0784612560514543,0.6561008820895786,5554.973370378748,0.0967955377228045,0.2754390482884199,5651.232471758204,0.1068019414032348,2.579939922114935,68949.26053775947,0.0566376645778065,0.0975187996884603,1419.3061486876145,0.9996456988942168,1.951279261024557,0.004377624217904832,Normal,Normal,1.5
2004-02-12 17:12:39,0.0785959604559929,0.5058926832599493,4735.130926250461,0.0972332343155813,0.1992983078286321,3200.548004150533,0.107177799078141,2.2355183820764024,32616.07363692217,0.0563313886017101,0.1320730134927656,1132.7583608868306,1.115095117877392,0.5489697228770201,-0.2020367372745966,Normal,Normal,1.7
2004-02-12 17:22:39,0.078661426813651,0.4531140075529549,6891.629251907486,0.0951198172762746,0.1483699249076551,7883.271627000123,0.1052633059248033,1.401758131800796,57741.65588000347,0.0557735739641487,0.138691962476336,1347.9470920272026,1.1712035501180507,0.056240025487727455,0.3409117623282003,Normal,Normal,1.8
2004-02-12 17:32:39,0.077628540390781,0.430764022232676,1062.5207980346247,0.0950440676985549,0.1384097036275555,8256.86635857795,0.1029920072843185,1.1634253579081315,26335.79397110008,0.0550799383566739,0.1682948222939555,2036.8310900566405,0.28596050402459994,-0.1524143478173748,-1.1267015677623717,Normal,Normal,0.4
2004-02-12 17:42:39,0.078208743242244,0.488396336752809,4517.144185104563,0.094586272726444,0.1835254854912502,7301.586137957804,0.1018525540840164,1.0846068355776328,29171.945997389397,0.0555195137429174,0.063034373451503,885.1877675680225,0.7832277041820526,0.3856278162376507,-0.25691995820286184,Normal,Normal,1.2
2004-02-12 17:52:39,0.078088564316122,0.5367816627512911,6570.924931609394,0.0968336368348119,0.4142096945384077,21232.62603622473,0.1070284363225055,3.123223334762214,31082.72042386409,0.0553809093206991,0.1887912733896777,1222.2059872183052,0.6802274552864713,0.8373422012227763,0.2601670070690314,Normal,Normal,1.0
2004-02-12 18:02:39,0.076482262483594,0.4576700058997076,8710.277435036505,0.0947345334919505,0.1890539413388863,27839.88094793713,0.1049778317837419,1.2872550382771744,81008.2020652597,0.0558357262002787,0.1232386701607399,2672.765095632207,-0.6964655631206041,0.0987737885393849,0.798798648020268,Normal,Normal,-1.1
2004-02-12 18:12:39,0.0789132753679434,0.3564760255027606,3809.872977930174,0.0957861461330166,0.1346844751907334,2639.090602866126,0.1070484279098425,1.7336051729812525,57871.75936552077,0.0560093197288127,0.1850172740601889,1218.8489567260676,1.3870522401768788,-0.8459501680717113,-0.434991898337847,Normal,Normal,2.1
2004-02-12 18:22:39,0.0773226647395307,0.498286101761717,7142.182838116365,0.0944983700566278,0.2704278986319677,13666.27427664525,0.1065838058337927,1.0687203531583052,144248.74826536112,0.0557219515870709,0.1281886854958358,1930.0684379268369,0.0238074857999483,0.4779564102164621,0.40399444228380105,Normal,Normal,0.0
2004-02-12 18:32:39,0.0782475476352933,0.329758248993226,5039.816757569147,0.0960272684152625,0.182610544256581,3658.6304329116265,0.1046073205082046,0.9536161721882292,93587.06470530469,0.0562290711933393,0.112558287673822,1707.094098765608,0.8164852999294386,-1.095381245265509,-0.1253250083590131,Normal,Normal,1.2
2004-02-12 18:42:39,0.0769698265505305,0.4243128403754697,2779.8477851902894,0.0947181538149333,0.3387513027605617,19594.92323737512,0.1027216425094719,1.159766503739327,30815.87431909576,0.0552177830454385,0.1504887734668334,1604.523209287924,-0.2785951272005567,-0.21264111254241927,-0.6943246445299006,Normal,Normal,-0.4
2004-02-12 18:52:39,0.0784796425633743,0.5533985473990728,3243.8672422242826,0.0965518000746555,0.2066651233560459,5519.9915494324405,0.1048983799550188,1.2143407388564906,48013.43637142358,0.0560017168054359,0.1070165993688743,2116.7901258529578,1.0154039966689685,0.9924736522184135,-0.5774969776656789,Normal,Normal,1.5
2004-02-12 19:02:39,0.0785395635148895,0.5791138307510244,7234.290311365533,0.0961099844010106,0.2713402186131421,13587.049957725452,0.1034739302822062,1.4894622658892924,26341.862540995167,0.0562381762746901,0.1447980616240283,717.8630093816199,1.0667596970341133,1.2325456815855291,0.4271846362236011,Normal,Normal,1.6
2004-02-12 19:12:39,0.0793809083677004,0.6276825132083981,1091.5260789858703,0.095490465513088,0.1479687682553763,6473.627586579674,0.1042355835824102,1.5309454622456435,48258.34268293209,0.0552693369724569,0.1284570734867234,1162.4918544700793,1.7878406056667044,1.6859718407160609,-1.1193988151538168,Normal,Normal,2.7
2004-02-12 19:22:39,0.0769133301291947,0.3985078570542333,2095.1049230982558,0.0958092314857531,0.2914047717655537,9844.04237898337,0.1031748771428272,1.089851746767514,52107.383454695846,0.0573072367573731,0.1900659310638115,1344.7584550337288,-0.3270158083222212,-0.45355056039587355,-0.8667245509723615,Normal,Normal,-0.5
2004-02-12 19:32:39,0.0766279232593894,0.4252427854733471,1777.4434533898964,0.094073104935819,0.1322240308933109,4952.998337499223,0.1052646933404667,1.3981050792716705,48038.422808532,0.0550818420731539,0.0525892192967294,706.0899776936006,-0.5716259040773857,-0.20395935688015904,-0.9467031979797618,Normal,Normal,-0.9
2004-02-12 19:42:39,0.0783392072750572,0.613387552300388,3054.153891086598,0.0963282033150533,0.3700609545993831,11596.556245482923,0.1051380015276796,1.0193944038430145,55464.48749842991,0.0564216365786986,0.1410640808870447,1880.668109320094,0.8950428808132621,1.552517340995407,-0.6252617165153794,Normal,Normal,1.4
2004-02-12 19:52:39,0.0773803136427678,0.4843217611881623,2138.3990281241245,0.0957542659277349,0.1831700204454205,16245.637573489985,0.1044731139718193,2.203556437332323,18263.79439621713,0.0552134299927336,0.1292842641937257,1470.9499675596676,0.07321591016838758,0.3475885066478473,-0.8558242553005438,Normal,Normal,0.1
2004-02-12 20:02:39,0.0774234728013733,0.4494151207921923,5466.078722851383,0.0950121050059214,0.34651446607314,10830.370646585883,0.1030581322035347,1.3988224926041566,25688.707872084866,0.0543304985820291,0.120776568756562,631.6395624870518,0.11020579035733817,0.021708061017344304,-0.018003666285994497,Normal,Normal,0.2
2004-02-12 20:12:39,0.0759975110098186,0.2985831400319756,10987.059216569842,0.0940781556219847,0.1664830486569655,30357.981585594807,0.1021902398333006,1.2782639250474128,102023.57748351373,0.0541156129092785,0.125812815631964,1699.5634877080229,-1.1119254450027325,-1.3864249631835666,1.3720312990727004,Normal,Normal,-1.7
2004-02-12 20:22:39,0.0781288589671935,0.3479309532451049,13833.271551353948,0.0971620045437162,0.1915876504630875,54135.45060873112,0.1054743924416609,1.1733696112988712,107904.1911306427,0.0542447767142722,0.1297392002764903,2854.8095125747186,0.714762287835331,-0.9257250167446638,2.0886313067500444,Normal,Normal,1.1
2004-02-12 20:32:39,0.0786632849704597,0.4129906291536191,1841.6658937019336,0.0956929175678965,0.2366233871727616,11225.787482454329,0.105910028702137,2.7951063995798986,20739.8331872563,0.0559320637197763,0.2198315059854652,700.5927811625877,1.1727960973304352,-0.318342698161794,-0.9305337082132316,Normal,Normal,1.8
2004-02-12 20:42:39,0.0771263263409048,0.3950734414213919,1850.769575908649,0.0956172058200203,0.2052111430541443,11185.790692683078,0.1045968796215379,1.065480887483738,17257.223997315312,0.0545471677162011,0.0665951734962497,1925.6782757777207,-0.14446580951722507,-0.48561348264260856,-0.928241644947432,Normal,Normal,-0.2
2004-02-12 20:52:39,0.079301470002335,0.4723936249303304,7631.246415731611,0.0952250195363756,0.1810602453309475,6173.248362329783,0.104238431893394,0.7934352136022493,78992.63730114358,0.0567770421872366,0.1332643295619928,1299.5615030910171,1.7197573595559221,0.23623014287668365,0.5271275477063022,Normal,Normal,2.6
2004-02-12 21:02:39,0.0769426198413264,0.3944622448109758,1927.380543797679,0.0960258365196412,0.1059972898755998,15155.527119112432,0.1021657598242618,1.2396369321629832,34623.03878132448,0.0556020655845232,0.0169624208784893,1938.3638044825907,-0.3019128411299299,-0.49131947501285234,-0.9089530558613294,Normal,Normal,-0.5
2004-02-12 21:12:39,0.0771994016001541,0.3780082777784423,4652.94782935626,0.0945199275244048,0.1774893915244364,10665.122754668611,0.105937718473226,3.379747161306049,25675.6348301045,0.0551513396362398,0.0744160963157796,708.6248151036962,-0.08183611116939817,-0.6449299642529075,-0.22272823915082599,Normal,Normal,-0.1
2004-02-12 21:22:39,0.0769963679262088,0.4364865722352333,5859.914843929168,0.0957202704029591,0.1990169885737378,7064.6714539691975,0.1020787956315028,1.0030363022559836,34958.800722516695,0.0557011377625886,0.0558695977707137,2082.9390631785955,-0.255847642353498,-0.09898992415982039,0.08115371699804763,Normal,Normal,-0.4
2004-02-12 21:32:39,0.0774460721521555,0.4911372191123604,5076.637574582831,0.0955018810146886,0.1388645532315853,16981.176660882626,0.1048129672582011,1.2221989216192428,136243.6771317943,0.0553248428142536,0.262734499268757,2377.664510483477,0.12957473323741442,0.4112160697796476,-0.11605451317064429,Normal,Normal,0.2
2004-02-12 21:42:39,0.0766416564660457,0.3460049721647049,1898.0137117830332,0.0958331573254724,0.2060181473394053,2574.264991211558,0.1046389318307841,1.6468220602844514,25848.26132052595,0.0550397339605954,0.2958428942463356,909.6362406134442,-0.5598557564368755,-0.9437055375177011,-0.9163468373406548,Normal,Normal,-0.8
2004-02-12 21:52:39,0.0769556484357832,0.4469901117158317,3589.268431657644,0.0956460607934927,0.1302977212296454,16365.700042555543,0.1040238918150987,1.3927113991049564,30347.42744166551,0.054434081587561,0.1326356189831212,585.640389283575,-0.29074658665326825,-0.0009312714849508717,-0.4905342124584634,Normal,Normal,-0.4
2004-02-12 22:02:39,0.0773247059887718,0.4880416166718633,7172.512033776174,0.0959872501807694,0.1715128251316944,25768.213508441266,0.1038358777203386,1.579198650474679,84312.41407241795,0.0558879136014107,0.1378021885222122,1758.020482826823,0.025556953753066776,0.38231623034048634,0.4116305211444863,Normal,Normal,0.0
2004-02-12 22:12:39,0.0757729244782354,0.5881648615563311,3731.2295533814768,0.0941600286019929,0.2184852588694861,7377.792084900966,0.103481273545552,1.785811206843225,49826.161893968536,0.055409366099627,0.1380682408762621,1041.478514672585,-1.3044090142782787,1.3170440440400633,-0.45479220555548955,Normal,Normal,-2.0
2004-02-12 22:22:39,0.0766891312479317,0.3623983965568214,2931.263197802195,0.0964824096459751,0.1063137377346525,10666.53570795922,0.1060660836993999,1.6363261543602654,101065.90043810425,0.0557978297314006,0.1745432174390124,1827.155724859009,-0.5191671389869514,-0.790660260581521,-0.6562023004889772,Normal,Normal,-0.8
2004-02-12 22:32:39,0.07740031675131,0.5401611783934817,5241.514863453037,0.0959002057499911,0.3920831152437811,16799.278047524684,0.1038766847035464,1.2466096817065138,61514.15591183129,0.0568191935172713,0.2451474041553569,3290.116082191098,0.09035972418815821,0.8688925896588817,-0.07454282937029583,Normal,Normal,0.1
2004-02-12 22:42:39,0.0779550918022076,0.3260740035745182,10917.074915971654,0.0979049862270814,0.1996724417020638,45345.38997126422,0.1042294971969907,1.3719869623829872,129224.67808434856,0.0557049657830486,0.0569402677295229,4451.567746513455,0.5658338373908753,-1.1297765215006645,1.3544111272629402,Normal,Normal,0.9
2004-02-12 22:52:39,0.0788204118500959,0.3948251135159331,1337.41372184163,0.0969382235728153,0.2173348924129365,5939.342164970152,0.1061941555907886,1.573925098875823,12251.937993146968,0.0564137750347543,0.1846573202714125,782.0546422796264,1.3074628665632217,-0.4879318154175596,-1.057490894720478,Normal,Normal,2.0
2004-02-12 23:02:39,0.0775606227109639,0.340161177797444,2416.782068518899,0.0948937978022174,0.1299100237634785,1868.0016398662065,0.1022008914677209,1.3360804625620712,3580.02189481646,0.0562152952836514,0.0530039074065764,1100.412510452738,0.22775114776466016,-0.9982618709537848,-0.7857348644121196,Normal,Normal,0.3
2004-02-12 23:12:39,0.0768905265697398,0.4461346262694325,8112.558738457265,0.0967071004696656,0.313454532863942,28070.9818875772,0.1041874582895837,1.0814898393083068,56891.45188235599,0.0556455474690024,0.1565247268159741,1774.3753660417246,-0.346559769774961,-0.008917888797316526,0.6483090948260346,Normal,Normal,-0.5
2004-02-12 23:22:39,0.0782462743097674,0.4445772787585356,2086.585910752324,0.0955982226090821,0.1747507168074373,2460.9999048819564,0.1037711384245247,1.442726635952626,24353.364584087707,0.0551970077809363,0.1409018099410128,2515.3485870558093,0.8153939867489525,-0.023456930512463555,-0.8688694100322044,Normal,Normal,1.2
2004-02-12 23:32:39,0.0767253297203936,0.6543006059840124,1976.8176082235848,0.094504505772625,0.1531224526838266,7317.600426869918,0.0995385726309466,1.3640326168518468,16112.123836397874,0.0552237777139521,0.1345240797386906,1134.8680943049042,-0.48814296700000004,1.9344722932704332,-0.8965061276001471,Normal,Normal,-0.7
2004-02-12 23:42:39,0.0773825486649969,0.3863550827223334,16594.00496178212,0.0959558797540567,0.1063500670500201,44928.45372459895,0.1057414015139795,1.0985282762006534,181828.52574560317,0.0562046605468576,0.3371074036062893,2803.03473538904,0.0751314527124309,-0.567006094070885,2.783710011501,Normal,Normal,0.1
2004-02-12 23:52:39,0.0769906180871247,0.4490551594338545,3340.7132339006066,0.0942411442084546,0.1788891702940223,4523.350736290654,0.1056128263602337,2.539898718834978,8153.061314179602,0.0545567924599277,0.1568631698924769,805.0179203320761,-0.2607755850126908,0.01834754374801597,-0.5531137517444694,Normal,Normal,-0.4
2004-02-13 00:02:39,0.0748226248892171,0.3027462055056253,2891.162181665061,0.094482146337615,0.1751232232429038,3270.075234789011,0.1024507560824955,1.2115547723936508,72762.17284589943,0.055754784513024,0.0128213346094403,1089.4822614046625,-2.1188703957595236,-1.3475595319546547,-0.6662986619306541,Normal,Normal,-3.2
2004-02-13 00:12:39,0.0773385585378907,0.58162761268939,3983.488965224376,0.0954862189929946,0.2133919307031337,10080.846008591732,0.1034476500873449,1.3405734951640973,47278.91048850639,0.0555373119405155,0.1399153181106918,1016.3022579801244,0.037429384745150805,1.2560137773117244,-0.39128004440922154,Normal,Normal,0.1
2004-02-13 00:22:39,0.0767939753394594,0.3194399375811274,3624.726268760015,0.0936830826280984,0.173230548639129,8771.820950730767,0.1012830270208192,2.178081611190562,28739.29880663336,0.0560913544056702,0.1480071064790098,861.0227937534806,-0.4293097249539557,-1.1917106508738817,-0.48160687909360805,Normal,Normal,-0.6
2004-02-13 00:32:39,0.077721765308917,0.4393592386496618,3651.0793670887383,0.0963535084155443,0.2913523343271853,21129.93126232095,0.1010585673419286,1.4510029479173916,18890.819187873876,0.0548865329032598,0.0808023869942813,1477.9409403378045,0.3658596184627735,-0.07217136469198276,-0.4749718750097974,Normal,Normal,0.6
2004-02-13 00:42:39,0.0773589786144157,0.5730646490077822,2174.962989256096,0.0949196784725281,0.2512409016754353,4514.242503715012,0.1019406932075735,1.1694722105313708,9403.488634372396,0.0561612929010052,0.2258499825883726,972.1150332121337,0.05493056429809068,1.1760718983790748,-0.8466184295412817,Normal,Normal,0.1
2004-02-13 00:52:39,0.0768917699569295,0.2631304571372461,3893.815043411202,0.0939470938630488,0.2962981014032273,5780.620742960541,0.1036333340191363,2.5184058199803943,10444.361417010312,0.0549516468915513,0.1601230199915924,893.85396063471,-0.34549411546978287,-1.7174031372350924,-0.4138575352992862,Normal,Normal,-0.5
2004-02-13 01:02:39,0.0749221806563108,0.4409564688174709,5871.829207016414,0.093893104061131,0.1794985865361793,15683.203922293576,0.1017541787379024,1.3816161665210809,30182.970972750794,0.0558327060463052,0.086379817613305,1419.1305163663776,-2.0335453797976304,-0.05725998757417203,0.08415343440333367,Normal,Normal,-3.1
2004-02-13 01:12:39,0.0776306811528148,0.6069125322892983,4668.924557165399,0.0958610434349506,0.2352122767714362,7996.404806383558,0.1056628445516682,1.8648148562940623,31312.457998402024,0.0566147268378279,0.1547480612014649,1514.3963008593462,0.2877952601621548,1.4920680286942454,-0.2187057271510118,Normal,Normal,0.4
2004-02-13 01:22:39,0.07778453061583,0.4203109108981144,8167.337504847282,0.0953079307306388,0.1450110428849109,14038.152451716,0.1053020740851794,1.0177974456419454,156056.57574258128,0.055397452417733,0.175120593671362,3339.3600736881967,0.4196530949287225,-0.2500022148045823,0.6621009205222083,Normal,Normal,0.6
2004-02-13 01:32:39,0.0785893111942354,0.3801399430969199,6755.192534939326,0.0954830390288636,0.2413092544930273,28380.645482413776,0.1033853940228774,1.2099423024855378,51114.9776701364,0.0548503143329359,0.089612686912099,1436.4435597497811,1.1093963182783728,-0.6250292222725717,0.30656065252799936,Normal,Normal,1.7
2004-02-13 01:42:39,0.0759905331788934,0.3464396355508277,16364.339150332216,0.0946767501117288,0.23831540216892,53535.17632524487,0.1045525137191832,2.2098177515766766,141240.9186468807,0.0556117180420974,0.1216411255018123,2480.098821050965,-1.1179058472682408,-0.9396476191284735,2.7258863135860976,Normal,Normal,-1.7
2004-02-13 01:52:39,0.0767109717925628,0.358155992917113,9205.501299350655,0.0950079810072718,0.210906030654741,11442.784534363698,0.1048719992680064,1.1248418565844922,150547.58045112513,0.0550036224836885,0.2132932337289288,3073.6483438311843,-0.500448536602914,-0.830266374861492,0.9234827485817402,Normal,Normal,-0.8
2004-02-13 02:02:39,0.0750442929105038,0.3535492935283626,954.4497118008932,0.0944965321060943,0.1854929119210382,3221.8131814326384,0.1029087780588347,2.035958221913908,10419.863074315386,0.0555155414437873,0.1364547063575227,2547.7611235633967,-1.928888157596203,-0.8732734712953572,-1.1539109717405416,Normal,Normal,-2.9
2004-02-13 02:12:39,0.0782462777419395,0.5428820813815229,4100.068416720808,0.0956711377666352,0.2884851379138888,9690.626196064744,0.1056577977001402,1.971783876317854,109312.04233509077,0.0553162516383069,0.1285679249238929,1478.0532082076309,0.815396928317763,0.8942943203382578,-0.36192846202150036,Normal,Normal,1.2
2004-02-13 02:22:39,0.0774503545626164,0.5008486498061995,6198.939191312457,0.0956340033547495,0.1786711662631233,12368.364660814384,0.1020858836309837,0.9506236922757072,33568.188292079336,0.0553822670880535,0.1501647595870272,1101.6419363597158,0.13324500520254695,0.5018797752041145,0.1665109642310093,Normal,Normal,0.2
2004-02-13 02:32:39,0.0783160298860289,0.5366345309682168,3207.405581022141,0.0956230014088529,0.2057239229292577,4341.696382484007,0.1031075683657454,1.0837880960576642,49058.82620966016,0.0560589067445185,0.0973646911885399,1120.8591186838662,0.8751785259242801,0.835968612401544,-0.5866770470435193,Normal,Normal,1.3
2004-02-13 02:42:39,0.0765601491986039,0.3892193620919868,981.5858496316688,0.0962074667588553,0.2178828622115665,5411.657702521116,0.1019896929152034,1.0717727888102022,10367.958272992131,0.0560195866799896,0.2726749633543774,1177.650576858873,-0.6297121705704296,-0.5402658341431297,-1.1470788192899963,Normal,Normal,-1.0
2004-02-13 02:52:39,0.0776802038005823,0.4508614826233654,2543.8810304451326,0.0949029124577784,0.1662380512119377,6167.589802985676,0.1016831833460706,1.7701490091350562,8059.931293431345,0.0563996308443149,0.1848170286100714,852.8712877666685,0.33023901640643133,0.035210965700776725,-0.7537347511461393,Normal,Normal,0.5
2004-02-13 03:02:39,0.0757156300946178,0.3925339025403622,776.6195145777751,0.0952910132030593,0.1252599645539045,3740.3542228890105,0.1033623894118256,2.412364177060872,11817.422445755668,0.0558724141250067,0.1466585719952959,1875.4690661710176,-1.353513594951105,-0.5093220393200222,-1.1986838508184536,Normal,Normal,-2.0
2004-02-13 03:12:39,0.0779462057211775,0.5248632368505843,4268.465376430812,0.0948618004343193,0.1320935328878878,13012.98164264116,0.1025843881370509,1.2515653595283167,48743.36386385993,0.0553656929960919,0.168217665111467,923.2399538392352,0.5582179550782195,0.7260744911344438,-0.31953061940580396,Normal,Normal,0.8
2004-02-13 03:22:39,0.0765939269046304,0.4165630099460307,8591.120393177362,0.0951526056362882,0.1722858300953147,38434.163511132574,0.1023051239132539,1.2532962430208163,104954.2748191228,0.0557820119870924,0.0642020030984791,3989.468171221295,-0.6007627345909509,-0.2849917646033947,0.7687980974402816,Normal,Normal,-0.9
2004-02-13 03:32:39,0.0763999198553653,0.4453741256774362,1965.476131198493,0.0955157855184321,0.13525956917469,6121.6843337658975,0.1041770168035067,2.2451290291899437,52180.28911569283,0.0552765879181683,0.0587747440611265,1198.904006805267,-0.7670379294742675,-0.016017749139380286,-0.8993616076442492,Normal,Normal,-1.2
2004-02-13 03:42:39,0.0766318018621552,0.4007797505176063,6816.003189966608,0.0961069881633387,0.097205993618318,23009.90311022128,0.1012323713916557,1.2542307546283444,59008.1814673869,0.0555554353460071,0.0909057844136369,2132.23785204272,-0.5683017185222712,-0.4323406803882149,0.3218711461713769,Normal,Normal,-0.9
2004-02-13 03:52:39,0.0772828175386919,0.5316575196159739,5423.282591768268,0.0958063407694951,0.2109481424887671,34758.83285153733,0.1016750112375516,1.2569894540156232,52713.867996622335,0.0558662338446433,0.1444020536617589,3189.6412944866174,-0.010343856175118122,0.7895043678057148,-0.028778585461182168,Normal,Normal,-0.0
2004-02-13 04:02:39,0.0776406155665118,0.4422063380916783,3149.798742791421,0.0966004865614363,0.196420930281473,22879.316110736483,0.1027135851112512,1.193934293652962,28655.701909540083,0.0561738877421039,0.0846554054410613,930.3783323401246,0.29630962384006787,-0.04559149265635109,-0.6011809054569967,Normal,Normal,0.4
2004-02-13 04:12:39,0.0768205504579097,0.4360999697344807,1582.10498145192,0.0946447224430825,0.2001694892577559,8899.504893134348,0.1025839476165435,1.7836905803160752,17889.972857422516,0.0553056656265036,0.1507341968890934,1848.462582470398,-0.40653332061139247,-0.10259915706788553,-0.9958841915337977,Normal,Normal,-0.6
2004-02-13 04:22:39,0.0760618968880156,0.4773209140232173,3576.0357238086544,0.0955108566104856,0.2711515130004951,12950.107578700636,0.1047031089109822,1.870874263480986,54780.36256056471,0.0549731099926648,0.136238083399959,3538.196200758121,-1.0567430457780995,0.2822301917821546,-0.49386585375250525,Normal,Normal,-1.6
2004-02-13 04:32:39,0.0760405791517553,0.4479454656885879,6675.541018411223,0.0950081948048594,0.2539670358570585,22911.913862996,0.1023925875841972,1.8875397548532409,45782.95371295519,0.0551610767186938,0.0812677486045161,1437.013683139905,-1.0750135713315718,0.00798769564694779,0.28650653475962845,Normal,Normal,-1.6
2004-02-13 04:42:39,0.0773597751706474,0.418356203515617,3829.081760781543,0.094586044036964,0.0918883134380794,13630.619522085512,0.1036783595843112,1.8538444590521843,66807.03905045586,0.0568726999878346,0.2509696888736035,3949.511228346613,0.055613258783497,-0.2682509177923106,-0.4301556414744575,Normal,Normal,0.1
2004-02-13 04:52:39,0.0765037277609929,0.4765381440622018,7416.473836224523,0.0955275974522546,0.1903074547065077,27622.000160644155,0.1032252848086558,2.0678084004142665,58857.15051598607,0.0555905634275053,0.1432680996003097,2144.687222376203,-0.6780685863290508,0.2749224296822146,0.47305356656204717,Normal,Normal,-1.0
2004-02-13 05:02:39,0.0762754484940518,0.387836383529768,1914.1481440021,0.0933164093077619,0.1172356909502676,5481.685618111417,0.1031826735034914,2.095860168540722,82086.53543683462,0.0547744237760654,0.0512250155596709,1371.3726356058414,-0.8737170421054503,-0.5531770070615447,-0.912284619595776,Normal,Normal,-1.3
2004-02-13 05:12:39,0.0779773100887166,0.4254419235589375,13493.114595481222,0.0965201649207466,0.227873400252685,26028.95848620298,0.1051677707749176,0.9521126377119588,179757.22995674593,0.0566248719472889,0.0842657666045982,2780.53471716858,0.5848761862810408,-0.2021002490617595,2.002988899045284,Normal,Normal,0.9
2004-02-13 05:22:39,0.0760653325402126,0.4506324194814031,3219.914161208543,0.0949654349639416,0.1839427238400239,12011.718580291366,0.1021936829169249,0.971371164444832,110428.92091590294,0.0553697761362189,0.046643141497908,1844.946342149276,-1.053798494326121,0.03307248437076546,-0.5835277216934525,Normal,Normal,-1.6
2004-02-13 05:32:39,0.0768050345360128,0.4783552562370219,2344.51924319944,0.0961166050056518,0.2325355542114002,20059.769617884984,0.1016046443808826,1.825469462174052,33995.87723563081,0.0547468329920211,0.1345572311237233,842.594325830334,-0.4198313577032096,0.291886575144903,-0.8039287076984599,Normal,Normal,-0.6
2004-02-13 05:42:39,0.0755123832197822,0.3984273331430605,1416.4797400270113,0.0940717637153446,0.1490564029743892,5387.854521652693,0.1037375406675423,2.0297368243466547,44861.73141926012,0.0556465236623378,0.1406452307232095,2395.297383042942,-1.5277078515553433,-0.45430231329329457,-1.0375841897476186,Normal,Normal,-2.3
2004-02-13 05:52:39,0.0789483965410713,0.5276336298870357,5073.445886067733,0.0953766978981403,0.1942190988588157,12103.00483408969,0.103807141878958,0.9618252209843005,49845.20212594586,0.0561435290092222,0.2006841195222355,1994.5385075179693,1.4171531046995511,0.7519382496356667,-0.11685809482422325,Normal,Normal,2.1
2004-02-13 06:02:39,0.0772153821098814,0.4862324196442009,4962.646066421565,0.0953087302020878,0.2106940317033201,7760.406327013528,0.1044857921524201,1.1842499453626465,76431.93879009012,0.0552454475287896,0.2007187686372411,1610.8163868168551,-0.0681398955972991,0.3654259788891872,-0.14475452076502202,Normal,Normal,-0.1
2004-02-13 06:12:39,0.0777582227866448,0.5105274416299461,9786.664127468324,0.0970265286693541,0.1661934120301218,22277.665170402528,0.1028846272929203,1.1146395687269806,64272.35066911617,0.0565066277051584,0.2201331467589709,1085.8582153425775,0.39710577285307913,0.5922387715700774,1.069803977676722,Normal,Normal,0.6
2004-02-13 06:22:39,0.0772733429537638,0.6148985783371206,4919.017575277496,0.0952841205188297,0.2219679100667959,3036.325586617928,0.1040257768817872,1.2394721520612686,80119.50713779115,0.0555783595721785,0.1784933925693717,2171.536423922289,-0.01846412016205137,1.5666239359763021,-0.15573900590223586,Normal,Normal,-0.0
2004-02-13 06:32:39,0.0766900818381604,0.4040831221348422,4859.091884931087,0.0960122301576405,0.3072513671492447,26141.77862245774,0.1013899327203211,1.7440357477361754,30504.650856828324,0.0556877507710403,0.0863782473402747,1591.543059387319,-0.5183524285105549,-0.40150115522920576,-0.17082668914972052,Normal,Normal,-0.8
2004-02-13 06:42:39,0.0781278252614145,0.5378888733945129,15884.56205551683,0.0959725775653194,0.1877626150383489,40775.53431486365,0.104486888942764,1.3143933914547905,119546.79085886922,0.0545999513507109,0.1908236356201142,1503.1964717725805,0.7138763425539266,0.8476788676486173,2.6050912957209955,Normal,Normal,1.1
2004-02-13 06:52:39,0.0778183676251548,0.4002455766738801,609.4694508855217,0.09466636495766,0.2312296311648674,3280.1037203936075,0.105521366273539,1.9353715754189027,21123.578932506694,0.0557208347548854,0.1289782263407559,1704.3602660384508,0.44865335724425126,-0.4373276057486326,-1.2407677584248138,Normal,Normal,0.7
2004-02-13 07:02:39,0.0791846286846246,0.4507943486351515,3402.1091894819187,0.0961796668756577,0.2414269075610198,12996.161784263146,0.1023195240888347,1.2156847443136645,19017.966201426927,0.0556970473542752,0.1437956486700979,1315.7180205863326,1.619617632951586,0.03458421807488308,-0.5376558951034738,Normal,Normal,2.4
2004-02-13 07:12:39,0.0763926464116884,0.3466352920025497,4636.874908579276,0.0938237995984694,0.1727151300520293,12899.641148232746,0.1024865880611793,1.4752786856683269,106448.929425453,0.0545570985477886,0.1240922676240043,2146.258124740485,-0.7732716888630682,-0.9378210150510149,-0.2267749699626568,Normal,Normal,-1.2
2004-02-13 07:22:39,0.0771387194037469,0.4445053285611084,8085.994088588287,0.0969744142117844,0.2914566197696508,44452.00387374488,0.1033659089488042,1.987448032367108,67609.95151304152,0.0549880797629415,0.0987097052213012,3473.842141164319,-0.13384424217171814,-0.02412864117080227,0.6416208277324627,Normal,Normal,-0.2
2004-02-13 07:32:39,0.0761974348142089,0.3380137985962994,8777.599291672359,0.0947076435359925,0.165408931400544,19380.00875653748,0.1016678259144547,1.6666944162095092,60737.15686295391,0.0540177623781636,0.0524983734010247,1709.5803237298326,-0.9405792508168268,-1.0183093141642598,0.8157484877748502,Normal,Normal,-1.4
2004-02-13 07:42:39,0.0763485655844094,0.4714581263449666,9348.970914620584,0.0946982734176355,0.1989234580689816,18759.478630308902,0.1022864579620483,1.1898615178571497,114697.23163654387,0.055473901169266,0.2183745465294229,3104.707718621584,-0.8110514920928859,0.22749654111991718,0.9596045537427368,Normal,Normal,-1.2
2004-02-13 07:52:39,0.076352099612482,0.3800510420069867,1341.8650950338688,0.0950872563918267,0.254540289723816,3675.58882618017,0.1046173160260766,3.701245894479851,9303.643990133878,0.0557576333058981,0.123439097091909,1823.7624732148383,-0.8080226268597901,-0.6258591826032088,-1.0563701582157734,Normal,Normal,-1.2
2004-02-13 08:02:39,0.0749701125345127,0.3385783303104972,1305.21417438686,0.0942338454428828,0.2253587024805652,4188.503033252672,0.1014274224334049,1.9582957176332003,5605.98168365829,0.0550873214839971,0.1201427689564043,368.22542688728817,-1.9924650045260393,-1.0130389746383572,-1.0655978780510262,Normal,Normal,-3.0
2004-02-13 08:12:39,0.0759947813149651,0.2445073274091016,19736.49211008667,0.0962524918508606,0.2852960115794531,52120.44191753927,0.1046011997365619,1.176837349738709,166571.54501560554,0.0551069180059035,0.068037984612312,2754.888920890059,-1.1142649504251119,-1.8912644354293195,3.574904079167708,Normal,Normal,-1.7
2004-02-13 08:22:39,0.0763751281837099,0.6446447698043443,11673.581567263012,0.095207447741596,0.1746671357142024,18748.79224500869,0.1056580091265121,1.8029677459203703,187690.5072057938,0.0553371484628544,0.0776550893301646,2184.787815192737,-0.78828581738144,1.8443276055700186,1.5448792330673056,Normal,Normal,-1.2
2004-02-13 08:32:39,0.0761586642390206,0.3468116029579766,2952.4039352276563,0.0942592626416629,0.1506387308492529,2801.5982260944024,0.1021750740247009,1.5032980293471925,37487.121826670205,0.0548751490423659,0.1389096459014194,1756.5147751964796,-0.9738078627131146,-0.9361750161215195,-0.6508796292264555,Normal,Normal,-1.5
2004-02-13 08:42:39,0.0767504071650437,0.4102122577509011,15816.103364903864,0.0950028250505116,0.0835591891473579,43436.89930781619,0.1059358639715116,1.2690827344473945,142182.1580049032,0.0548259190208825,0.1432678514503216,1643.4405419265322,-0.46665015520700176,-0.34428094087361133,2.587855231630031,Normal,Normal,-0.7
2004-02-13 08:52:39,0.0777560039005228,0.5009742049448347,7133.046202106331,0.0959335491348536,0.2072259976015593,28108.6771371734,0.1035637331606575,1.2484801003146684,104801.22649315652,0.0555067070834687,0.0959740377806528,1664.1151908077643,0.3952040598804927,0.5030519293863992,0.40169408213325314,Normal,Normal,0.6
2004-02-13 09:02:39,0.0782920744761642,0.5043214057082972,7575.013308278647,0.0950779372943915,0.2519456136800233,12498.529510696037,0.1046448014602553,1.5723267802826175,90475.00108048266,0.0548947092310588,0.0777034239257781,1222.374971826558,0.8546473624492845,0.5343006334735979,0.512969557896462,Normal,Normal,1.3
2004-02-13 09:12:39,0.0777104419815558,0.3657509634861617,12935.392801152058,0.0965709141257248,0.1493364401301637,26782.668739995715,0.1046803703262489,2.035788342790876,96246.84619979883,0.0559773256446583,0.1600750185825177,2491.0324526585086,0.35615487592458567,-0.7593614591916957,1.8625694942054778,Normal,Normal,0.5
2004-02-13 09:22:39,0.0764751437227932,0.414344141995989,4747.246237421952,0.0960936641259778,0.1752988416575394,9773.64971922511,0.1025462345706041,1.1975909535207503,80883.76139705133,0.0555349046525302,0.1876603151263016,2287.528819606596,-0.7025667503917065,-0.3057066104938145,-0.19898642652567541,Normal,Normal,-1.1
2004-02-13 09:32:39,0.0778043642207612,0.6014461458186253,4961.54035753167,0.0966620231968875,0.2586037085017496,17465.217631424148,0.1035184471313416,1.269373626608063,98708.83269220425,0.0562059654029267,0.0870893466498827,2901.5934648288285,0.4366516346089354,1.4410350894355841,-0.14503290863837343,Normal,Normal,0.7
2004-02-13 09:42:39,0.0752134550353816,0.3069850202401407,3109.587469943552,0.0951660652778539,0.2301618683088411,11986.671613220797,0.100226556349384,1.7157602948617263,39423.9178009893,0.0536800043879818,0.0456473792499041,994.0572985389553,-1.783906491272843,-1.3079869228762833,-0.6113050265843419,Normal,Normal,-2.7
2004-02-13 09:52:39,0.0767870829209941,0.4109711039546799,4392.339773737296,0.0951154879853302,0.114392563688856,11617.610491148462,0.1003762448358362,1.1286349662703108,41217.93965154122,0.0553272327660337,0.2142686082559102,928.3108383914176,-0.4352169238308835,-0.3371965255232013,-0.2883423651157086,Normal,Normal,-0.7
2004-02-13 10:02:39,0.0774211301679611,0.5054325389849681,3873.088151664873,0.0954430079861144,0.2094677968581395,17547.75197948878,0.1039087889727392,1.6041066340936236,42818.57620703569,0.0552614992628796,0.0843101206940595,1687.892305954835,0.10819801884269864,0.5446739207120397,-0.41907601130791955,Normal,Normal,0.2
2004-02-13 10:12:39,0.0765823124875287,0.6014717502352931,7766.5880518293,0.095,0.1164550566859921,25074.968394767016,0.104040805499498,1.9699047242008705,68789.3303727297,0.0557652878947502,0.2664685927397037,3107.611189882392,-0.6107169577717985,1.4412741264388347,0.5612029454836872,Normal,Normal,-0.9
2004-02-13 10:22:39,0.0767776473259388,0.285974613414325,9428.104890694663,0.0961153263378492,0.1077085362131096,15613.345262805287,0.1044486091955782,1.2527696486758764,154337.2684363176,0.0549736740084231,0.0612407367385889,2561.1963869964648,-0.44330377125526926,-1.504135296412267,0.9795283686911831,Normal,Normal,-0.7
2004-02-13 10:32:39,0.0759113548098207,0.3737099239461083,10816.53228568554,0.0946116184705101,0.1860633193743437,34952.6983440984,0.1032146338681257,0.896473570951168,148358.19816236076,0.0555702522010427,0.2818539517426885,2987.985288062486,-1.1857662616087363,-0.6850584167899871,1.3290971867833747,Normal,Normal,-1.8
2004-02-13 10:42:39,0.0758847987777978,0.5015377766649429,10287.033797597813,0.0965274878374192,0.2499025681592677,38103.425773957264,0.1080262753772201,3.1173384672849656,161451.69282853982,0.0548159901254871,0.1298851690711226,4339.361605082487,-1.2085263077857222,0.5083133066260955,1.1957836542715465,Normal,Normal,-1.8
2004-02-13 10:52:39,0.0760569816198684,0.3156659175567031,4030.547648256412,0.0955871085058021,0.2490389543651701,6232.394041833967,0.102962036010245,1.2270335840738875,63326.59402820688,0.0551689348905081,0.1555462206876634,529.9303638820808,-1.0609557131640226,-1.2269440423841063,-0.37943192885933213,Normal,Normal,-1.6
2004-02-13 11:02:39,0.075625561077464,0.4161307415388537,7009.759779713999,0.0954985169939663,0.153427556239738,19343.080553068605,0.1020346649505083,1.4336103958056094,25429.774611374694,0.056758812039547,0.1834113750433248,752.0754766950387,-1.43070792081157,-0.28902732401458003,0.3706538641730006,Normal,Normal,-2.2
2004-02-13 11:12:39,0.0762109675326696,0.4421486925018034,7755.042856467724,0.0941355405784659,0.1803936738712015,43099.92729605636,0.1017093368820403,2.2838638589885454,60079.21655056326,0.0550520736262211,0.1386559244687486,1726.4234310178383,-0.9289809330862293,-0.046129658756095294,0.5582961746206592,Normal,Normal,-1.4
2004-02-13 11:22:39,0.0768013535062411,0.3848917195361929,7971.669646819955,0.0957995881201186,0.2300596621825197,15816.108184898309,0.1026061926090172,1.10829455334913,98971.10933366657,0.0549176669796193,0.1765448652822048,2174.504313089072,-0.42298621184371604,-0.5806677195326637,0.6128369963760755,Normal,Normal,-0.6
2004-02-13 11:32:39,0.0751580064113889,0.4884129775588759,9364.799380300528,0.0945221798334589,0.1882423362476557,20829.571490115617,0.1009504045543528,1.1096716638608788,37536.57104661562,0.0550982662641257,0.0654027303248607,804.8330786195584,-1.8314291498325344,0.3857831710135676,0.9635897373107888,Normal,Normal,-2.8
2004-02-13 11:42:39,0.0789397088715099,0.530290575512856,2379.9278822925407,0.094931814037267,0.1540004089294169,4924.808783501348,0.1043741106810915,2.41325322744855,31140.77309893158,0.0559976139105218,0.1225251727884164,2134.783003927005,1.4097072724224484,0.7767428889460227,-0.7950137610741825,Normal,Normal,2.1
2004-02-13 11:52:39,0.0769239827433145,0.4776599891458457,11417.865128457246,0.095925884374181,0.2218267663564121,40816.03009070493,0.1029163642349638,1.292513908977008,126711.85657874418,0.0550328790218856,0.085192512339006,3993.4335577079,-0.3178859055919055,0.2853957199112125,1.480496685155491,Normal,Normal,-0.5
2004-02-13 12:02:39,0.0764916416364191,0.4558731292846363,4119.499710768077,0.0951826774672983,0.184837239499668,13639.267154380896,0.1046583756129317,1.6668174487363396,29502.85244939921,0.0564238952663785,0.1942111751274593,1046.574130814114,-0.688427089932429,0.08199855765437365,-0.35703618280069865,Normal,Normal,-1.0
2004-02-13 12:12:39,0.0765074518301771,0.2582723095291377,6534.964306777548,0.0951031887157641,0.2849633821768464,28900.45391072428,0.1017066546668192,1.107342884336811,109296.42392726404,0.0551018729831391,0.0955670363070124,1959.74765185789,-0.6748768449376588,-1.7627576969838987,0.2511130852250248,Normal,Normal,-1.0
2004-02-13 12:22:39,0.0773984885213569,0.3756330439000876,3717.058861686127,0.094525160444356,0.1905585867554013,10902.566683313074,0.1007730888168438,2.0540092979313025,17594.8309837822,0.0547356359582128,0.1689144017823327,1712.1161085582116,0.08879282601155243,-0.6671046068416644,-0.45836000605075766,Normal,Normal,0.1
2004-02-13 12:32:39,0.0784800631530072,0.6057349862672048,13900.811835549046,0.0969243259000127,0.2789033882915745,30014.98949069904,0.1053800759175596,1.2171908282506276,116477.07256694265,0.0561553857056471,0.1893203992743113,1941.7864958492364,1.0157644661645018,1.4810747271883642,2.1056361407117414,Normal,Normal,1.5
2004-02-13 12:42:39,0.0790460027872417,0.5919121753524377,1131.623804883143,0.0957656612008415,0.1701303528908009,12477.870171950248,0.1006165153158112,1.885135561266096,8609.36468918784,0.0553436600083966,0.0961741296290825,1454.4742704954213,1.5008072691502252,1.3520281122843831,-1.109303282106382,Normal,Normal,2.3
2004-02-13 12:52:39,0.076684854401187,0.3698641949707917,16245.903947690913,0.0940892468720688,0.1980789611051268,30858.89318635773,0.1026953497646376,1.5912474558092802,99102.39526390482,0.0546931354239268,0.1791304251994216,974.049718771232,-0.5228326425274402,-0.7209612667358387,2.696067502781013,Normal,Normal,-0.8
2004-02-13 13:02:39,0.0773112450635821,0.3735731947545719,3106.961691948338,0.0948111331888956,0.1652861194015291,10556.105349500593,0.1034024964376162,2.4350056006766074,29757.326444100043,0.0550587913762416,0.1016125303502608,1247.533896191103,0.014020166983180135,-0.6863348893855488,-0.6119661271313861,Normal,Normal,0.0
2004-02-13 13:12:39,0.0765127398884288,0.3431000304730087,6724.309297509915,0.0944313369204213,0.0801713604353659,21252.34320534472,0.1012224350016153,1.5693716570721046,52454.46911360768,0.0558531806005989,0.1131563228539547,1645.575938289654,-0.6703446750000889,-0.9708254116242301,0.29878508079410215,Normal,Normal,-1.0
2004-02-13 13:22:39,0.078531645753579,0.4245621228322682,12819.908253758174,0.0960661014594085,0.0725515589880019,37080.85033036747,0.1023227597749823,1.48589626543259,112125.42197205064,0.05557275592565,0.1305258579246206,2437.6629581392203,1.0599737203908446,-0.21031386829353582,1.8334935793351457,Normal,Normal,1.6
2004-02-13 13:32:39,0.0769533588194417,0.5118109145356007,2033.047451569921,0.0945048992198949,0.157918947501586,4350.4372660049485,0.1000234039995452,1.8110837517912597,18621.65902213659,0.0555062263364154,0.0174439496666729,1265.2565741106991,-0.2927089194903193,0.6042209823387102,-0.8823489596049011,Normal,Normal,-0.4
2004-02-13 13:42:39,0.0773624014758421,0.528245856584737,16761.686599139764,0.0958788565167165,0.0891784693742696,48748.236149338576,0.1039448680585199,1.1364603564619855,145344.68528796482,0.0551414228477274,0.0728409999738932,4829.847825858901,0.05786415332431435,0.7576538586662291,2.825927755113917,Normal,Normal,0.1
2004-02-13 13:52:39,0.0761746701410235,0.3254543370500293,4191.964368447614,0.0948918918695276,0.2422450508243283,13967.074829045769,0.0993345023613396,1.432323391410307,36449.21520514952,0.0546550921832769,0.0784317700136134,1219.0445601059337,-0.9600898845009972,-1.1355615870598832,-0.33879152353376063,Normal,Normal,-1.4
2004-02-13 14:02:39,0.0776222130513191,0.4408628476384644,7927.431802760079,0.0950941974911423,0.1329951509850957,28837.641717154307,0.1015308760861843,1.0648674244824656,91498.74528147111,0.0539157894639003,0.027374765903545,1241.8189246357415,0.28053761034054997,-0.05813401358151647,0.6016990925009801,Normal,Normal,0.4
2004-02-13 14:12:39,0.0772534147328817,0.4886392346942525,10074.932503673266,0.09588958366715,0.3065695013067562,37948.53087118234,0.1030446545439312,1.155827743243452,102509.85604379204,0.0551886652269399,0.121824091549922,3146.7703034600654,-0.0355437511517476,0.387895456105092,1.1423822312655452,Normal,Normal,-0.1
2004-02-13 14:22:39,0.077686366142168,0.5379390953077108,11154.360174794772,0.0957583083250808,0.1756658574163196,33567.603991938326,0.1035267831250384,1.7070486727823626,82481.73414944939,0.0552116705457562,0.1180539515001983,1302.6915606274397,0.33552049742468576,0.84814772799346,1.41415319787949,Normal,Normal,0.5
2004-02-13 14:32:39,0.0778175399974196,0.4370585910735873,9464.78016385388,0.0956031429268933,0.208261747955746,36240.53397782562,0.1010323482870245,0.6714352853298808,75011.48460790559,0.0557359966122377,0.1081568030498316,2696.702302764629,0.4479440326940172,-0.09364968654779952,0.9887622198365359,Normal,Normal,0.7
2004-02-13 14:42:39,0.0772822912384363,0.2541945515228283,1637.3702403814466,0.096528057925128,0.1673854256509384,6036.365081640669,0.1022726709280147,1.479184542952546,65853.91866284491,0.0566583756668255,0.1373561019070548,757.3962195646246,-0.010794925751704793,-1.8008267171243437,-0.9819698800507111,Normal,Normal,-0.0
2004-02-13 14:52:39,0.0763878511845552,0.3353471347991004,4317.801673910575,0.0939547482917308,0.1234214669551949,10776.99548229099,0.0997224713345116,1.130806831083385,42705.09279326974,0.0543175967653151,0.10492995169542,953.0117830149164,-0.7773814741987216,-1.043204680109539,-0.3071090615618241,Normal,Normal,-1.2
2004-02-13 15:02:39,0.0781846659658241,0.3804427448967304,4183.186651288445,0.0949041971707521,0.1007393675081225,9128.095610293482,0.1016934122628218,1.2361330491115572,33342.153995957706,0.0548973215919388,0.0469994843238179,700.0713838591508,0.7625920940630226,-0.6222023336250077,-0.3410015175341299,Normal,Normal,1.2
2004-02-13 15:12:39,0.0761614441576042,0.3194051922040413,5489.84467747609,0.0948605774301981,0.1803046948422393,35399.04915200484,0.0998519489982544,1.2025473017522863,46409.03578610955,0.0548561542240248,0.205534553309286,1763.5348718371308,-0.9714253126666095,-1.1920350258019747,-0.012020035669828193,Normal,Normal,-1.5
2004-02-13 15:22:39,0.0753425857308426,0.2916771063217678,4663.891314821106,0.0946775402146346,0.1496741644817172,15085.76984155547,0.0997662862155065,1.021461269306645,62644.54825687427,0.0543162757605857,0.1349939368179629,1321.328336916334,-1.673234061407388,-1.4508981212272043,-0.21997296271825423,Normal,Normal,-2.5
2004-02-13 15:32:39,0.0768942681010546,0.4095598092509278,1348.5295815363124,0.0947997478240316,0.2083317921908536,6310.043077830153,0.0995110325816627,1.2141667937177385,17202.882914363425,0.0555124858386325,0.1246946936673172,1339.0290852509208,-0.34335306233372687,-0.35037205149068473,-1.0546922190752352,Normal,Normal,-0.5
2004-02-13 15:42:39,0.0754841967887567,0.3288086624212525,2025.8443415168813,0.0954850070548545,0.2230944877062914,13589.08022790168,0.1009278400950401,1.0564855286428898,19999.02615513362,0.0553595253843568,0.1115040317410778,798.0511760927656,-1.5518652434108564,-1.10424636925708,-0.8841625097242038,Normal,Normal,-2.3
2004-02-13 15:52:39,0.0782630183983989,0.4398804995476126,4708.733713111741,0.0953553896840491,0.1253816529619897,20643.149031523542,0.1004034016675045,0.9975440280393886,33039.41507292194,0.0555682716349896,0.1519241440251177,1147.0466263693793,0.8297446333408837,-0.06730499165272653,-0.20868284828560169,Normal,Normal,1.3
2004-02-13 16:02:39,0.0754740697529828,0.3431725485830394,7595.102030328081,0.0947148117067263,0.1204507675027066,20827.096572438502,0.1002123638634163,0.8742024795076313,71996.11574272689,0.0552834166124322,0.0718719265017133,1087.5676145148118,-1.5605446952827007,-0.9701483990631523,0.5180273598738203,Normal,Normal,-2.4
2004-02-13 16:12:39,0.0755606754458172,0.4429353349113323,3239.5031199964747,0.0944357446271339,0.1911646007063012,9852.5406474148,0.1000556251542111,1.1489999634937489,40156.60118654352,0.0559187224069452,0.1532879077561544,3028.005254934511,-1.4863186374740203,-0.038785744358686494,-0.5785957467152443,Normal,Normal,-2.2
2004-02-13 16:22:39,0.0766782479647096,0.4250634087395855,2883.814467768408,0.0943249106521244,0.2039607444829823,4802.982799687671,0.0979712950726034,1.126026116604244,9594.389112595827,0.0552197810458353,0.1309683278258759,782.0169580345375,-0.5284947383993446,-0.205633977218034,-0.6681486194234255,Normal,Normal,-0.8
2004-02-13 16:32:39,0.0767507923793583,0.7083040858036118,1950.631003753036,0.0947892849689345,0.2391049848343445,6088.942467170163,0.1000663129738849,1.3853169976107085,19823.205033864968,0.0548805320923036,0.1289709486757648,736.3397056036265,-0.4663200043930144,2.4386364829367846,-0.9030992129913192,Normal,Normal,-0.7
2004-02-13 16:42:39,0.076119838315358,0.3437128400504776,17378.084885506785,0.094785340076192,0.0967802701575433,33695.9608263074,0.1023767580358818,0.9102303869839864,143978.93643678862,0.0551673687447457,0.0912540897497238,3013.738712219771,-1.0070839114339092,-0.9651043609608938,2.9811203285367336,Normal,Normal,-1.5
2004-02-13 16:52:39,0.0751650628278981,0.267315005954134,4065.925089901828,0.0938666227745184,0.2001157170094614,26956.224997170604,0.0995643851830311,1.4095585224003937,43043.124554783695,0.0543214427332798,0.1158838883024735,2013.166433309837,-1.8253813952035618,-1.6783371424059979,-0.3705248369165123,Normal,Normal,-2.8
2004-02-13 17:02:39,0.0780915247031888,0.3541207352122204,7163.129558462529,0.0951667820526154,0.2935591625769955,22152.731804925294,0.1018684078101038,1.5405732076815708,64305.35859923644,0.0558183839983521,0.2176681441276833,722.9606689222668,0.6827646771983834,-0.8679386218662803,0.40926826524403165,Normal,Normal,1.0
2004-02-13 17:12:39,0.0763568558388423,0.4990925057617095,14797.06125370782,0.0950695291923725,0.1674334349504773,37348.91294234598,0.102814432685102,1.0894909470789198,140253.93656382072,0.0548895361762205,0.1850462528053413,2258.789086913512,-0.8039462674287087,0.4854848143222354,2.3312877311023468,Normal,Normal,-1.2
2004-02-13 17:22:39,0.0778680606107616,0.349412751660938,2793.8383325420205,0.0954758620509655,0.2525115041715846,4062.874508998038,0.1009673388558151,1.1861423951749233,81262.41674188098,0.0555279389312544,0.1130697264660125,1781.3322868470946,0.4912431028096972,-0.9118912841766335,-0.6908021995537702,Normal,Normal,0.7
2004-02-13 17:32:39,0.0766102510530167,0.4160923963921235,5645.318744335946,0.0953861869360712,0.1651333720694046,7309.790125110159,0.1051055027066554,1.8338258382470256,128421.898608153,0.0555255264003075,0.1385822786415005,1907.6380608210727,-0.5867720009319514,-0.28938530557231423,0.027124168767699047,Normal,Normal,-0.9
2004-02-13 17:42:39,0.0789996421322986,0.6273356080180288,3390.190088198008,0.0959387576261218,0.3557424899909818,3129.069324102444,0.1020415481020476,1.3142432398333312,51429.34054060906,0.0575771086240009,0.2927866305752165,2453.220884083345,1.4610735225426463,1.6827332128576742,-0.5406568054597298,Normal,Normal,2.2
2004-02-13 17:52:39,0.0753898542706717,0.5084444464835771,2067.955369462824,0.0945132180632522,0.2055227960188457,5613.315551433571,0.0996539439506629,1.3008388666896105,3992.680948223932,0.0547123010727192,0.0667268969406524,797.7040742436167,-1.6327222052572856,0.5727924032331442,-0.8735600811630712,Normal,Normal,-2.5
2004-02-13 18:02:39,0.0772312243313463,0.4005096065091718,906.6179196069188,0.0950320083823734,0.0918404114016127,10921.185831480436,0.1002336479416343,1.2304646473382714,20816.59830286119,0.0559752168583896,0.2109515835981525,496.1521217847748,-0.05456220101640735,-0.4348626833324802,-1.1659537354635874,Normal,Normal,-0.1
2004-02-13 18:12:39,0.0753107112080097,0.2905308522713739,4132.384204368174,0.0945542503010837,0.2046315103830425,13772.060471267445,0.0993367981308569,1.397093061685152,36837.62570525874,0.0537848115831156,-0.0160028517935049,734.4081054078555,-1.7005523599740113,-1.4615992880112545,-0.35379221252486587,Normal,Normal,-2.6
2004-02-13 18:22:39,0.0781331223902713,0.5664490782766274,5005.253532149804,0.0941879836790832,0.169697981014365,11382.335118285406,0.1022812347234941,1.5164170174695784,56513.83598866248,0.056515977068989,0.3321445487403398,1011.8346170588736,0.718416286521546,1.114310436562264,-0.13402710247130403,Normal,Normal,1.1
2004-02-13 18:32:39,0.0774481646838104,0.2876786871169621,3556.97573909942,0.0950106549843062,0.2699943139571954,15873.706307442986,0.0996311630582708,1.4989831356545302,43906.13418977474,0.0560182543838948,0.2181842381594694,1543.8369575475251,0.13136815316743913,-1.4882264523842204,-0.4986646472304358,Normal,Normal,0.2
2004-02-13 18:42:39,0.0776162400074277,0.5162164874021524,3732.416915624199,0.0948379582766211,0.2047578538084966,31411.647762757573,0.0990309497273769,1.2802307183837698,41010.552782030936,0.055708637087024,0.1578585419157243,3204.0118037309526,0.27541836832923783,0.6453504073628179,-0.45449325955562436,Normal,Normal,0.4
2004-02-13 18:52:39,0.0777373661484818,0.3658649197381023,5680.86409091457,0.0950182460890736,0.2386375339887099,17049.41292237699,0.1039508778691436,1.6507116203480852,120118.94272898872,0.0562385999732668,0.1436571459481102,2864.881139616265,0.3792304348779821,-0.7582975895742382,0.03607353467404418,Normal,Normal,0.6
2004-02-13 19:02:39,0.0765784033227955,0.5125468703141571,6093.225972632488,0.0957727675179477,0.2272487672070258,42620.271554803,0.1012039888704059,1.070446703093627,56898.36581118637,0.0558662906558205,0.1684240943398576,2253.0585936105817,-0.6140673366900146,0.611091697891961,0.13989520812881787,Normal,Normal,-0.9
2004-02-13 19:12:39,0.0761828242130608,0.381054399079956,18113.767130262346,0.095267162629054,0.1312425341734355,48489.1607275401,0.1041949234851589,1.02034582799112,154683.9192301025,0.0543047858445735,0.1110530586766556,2156.255416627916,-0.9531013759791109,-0.6164920694592153,3.1663454067211796,Normal,Normal,-1.4
2004-02-13 19:22:39,0.0752741149586795,0.451479273130082,10952.579309785762,0.0930365621908767,0.1703065183293053,34746.161281078515,0.1008577635909229,1.0198624824728109,80998.87481475808,0.0541228127264453,0.1835617198229377,1316.157312466793,-1.7319174496056862,0.04097851718528882,1.3633501823604226,Normal,Normal,-2.6
2004-02-13 19:32:39,0.0765357389455246,0.3525296268183004,4525.289401164443,0.0956895362801786,0.2883813120650536,8265.152849981696,0.1010334257807781,1.3116460503929748,37335.88711207399,0.0556234954150447,0.1214468166903799,955.9729703869218,-0.6506331608297431,-0.882792847497142,-0.2548692110327684,Normal,Normal,-1.0
2004-02-13 19:42:39,0.076604936581096,0.3462653410221592,1210.3743496054012,0.0942008280011049,0.1376469648896758,11651.601654172948,0.1004284102043434,1.0731745910527302,8417.08527310247,0.0556023237662161,0.0799017447006864,2156.065596065637,-0.5913268089024049,-0.9412747931569427,-1.0894760048990944,Normal,Normal,-0.9
2004-02-13 19:52:39,0.0786412688727863,0.3624940923308948,3591.388589546759,0.0955242673069584,0.1467625317923007,18665.43455299426,0.104022033235452,2.383042346915773,24856.816725618137,0.0554599139088878,0.1223182126967432,1350.8421408913373,1.1539270358964253,-0.7897668666270685,-0.49000041350711704,Normal,Normal,1.7
2004-02-13 20:02:39,0.0770268453989216,0.5425193663094023,4379.008687562786,0.0942288264201333,0.168264139093285,7849.509228225439,0.0998752965127795,0.9325062209123344,30365.39016453301,0.0555717511983381,0.157012217436451,869.5817641469112,-0.22972669605763868,0.8909080950241423,-0.29169877543627803,Normal,Normal,-0.3
2004-02-13 20:12:39,0.076546190864977,0.5200155088401144,14065.279174645577,0.0957325107946452,0.2727503627682002,46210.904004986805,0.1017431165611616,1.005629002333853,106518.31552482536,0.0547175247935362,0.1846672528157351,1245.7180515560217,-0.6416752649675174,0.6808172063763893,2.147044610142813,Normal,Normal,-1.0
2004-02-13 20:22:39,0.0774117948786108,0.4319008103829311,11417.34073042884,0.0952391941459108,0.0929000524035972,27708.45912695269,0.1027900310269221,1.9797426001961025,86126.18062313978,0.0558563823499047,0.068190470417035,1546.5180105663962,0.10019713917419207,-0.1418015525214009,1.4803646557820709,Normal,Normal,0.2
2004-02-13 20:32:39,0.0758903216356917,0.5098311593414597,7091.395009664834,0.0935310001980459,0.1429211956128586,10397.997927288488,0.1004530272981326,1.0792334087241322,53919.297882973406,0.0558204934610432,0.150671927117449,2114.5952501370216,-1.2037929010559147,0.5857384386854849,0.39120742783182294,Normal,Normal,-1.8
2004-02-13 20:42:39,0.0756436037293058,0.4222048814261767,3657.33632950528,0.0943275190990148,0.1547994853855807,6935.274699461865,0.1002043193441998,1.3849784701206405,15920.793106531586,0.0548832954827502,0.100967092619697,695.0732477725979,-1.4152443308926932,-0.23232053725857493,-0.473396539515346,Normal,Normal,-2.1
2004-02-13 20:52:39,0.075893641205246,0.3855004562475095,2614.5549568415854,0.0938438095758219,0.1966369241459005,3144.965833356189,0.1011009657393909,2.0306544479582627,80727.15614724095,0.0552701528396826,0.0726509800219656,2065.942202822163,-1.2009478391024453,-0.5749846922202326,-0.7359409500374361,Normal,Normal,-1.8
2004-02-13 21:02:39,0.0772214041809126,0.3501330939408524,5949.231709492424,0.0954838176018749,0.1183756208095143,15511.692530781163,0.0994516852311337,1.3501368331425097,41557.2471245793,0.055960938263472,0.2162758920817449,1394.3248790337982,-0.06297863450855272,-0.9051663326911247,0.1036413106909478,Normal,Normal,-0.1
2004-02-13 21:12:39,0.0766942979108046,0.3974503405974849,9295.42020727038,0.0951942047663288,0.0795822811743796,20117.047151330396,0.1000888665195678,1.662056651738104,65815.87862350105,0.0565047681028723,0.1649369543079037,3343.6192990615523,-0.5147390118681495,-0.46342329321339626,0.9461219204095512,Normal,Normal,-0.8
2004-02-13 21:22:39,0.0766944507088436,0.454256780561586,1180.797013384503,0.0928996936279763,0.0801012639022782,5320.155187502291,0.0977220171044024,1.1132409553617535,35396.76581979019,0.0546159049207508,0.2490234257138719,3077.406438888417,-0.514608055164212,0.06690869405859974,-1.0969227856975405,Normal,Normal,-0.8
2004-02-13 21:32:39,0.0764435019107249,0.4621422075469619,6284.2186357846285,0.093171984791567,0.183568611338861,6749.285551026425,0.1000378317109957,2.0474437661139246,72072.6275196364,0.054509701598517,0.0933902690369614,1066.2620579365705,-0.7296856024542863,0.14052524468710875,0.18798204346730704,Normal,Normal,-1.1
2004-02-13 21:42:39,0.0780629960202415,0.3311462198582431,12902.293520101552,0.095247146908139,0.1777286659936714,34585.241703142354,0.10247992157575,1.5929099854929527,126382.15980342294,0.0564080535549612,0.1049270997906264,1758.5229948377369,0.6583139557694727,-1.08242346534504,1.854235982061976,Normal,Normal,1.0
2004-02-13 21:52:39,0.0773382030839222,0.4270108659962561,4086.713696548988,0.0950561722294047,0.2862010684722307,4255.068815078404,0.103288531560639,2.049774191290383,77613.5699884363,0.0557993134268357,0.1693470870107596,1428.7918594177554,0.03712474025872733,-0.18745295975399165,-0.3652908227493696,Normal,Normal,0.1
2004-02-13 22:02:39,0.0769496671177416,0.320109256981544,3803.6477470336345,0.0937969577710779,0.127760602992228,7466.435903163329,0.1028168012968029,2.725315526258852,27891.392502858704,0.0541564397897713,0.1251773655670067,1314.4112960841294,-0.29587292008700156,-1.1854620373721911,-0.43655924468574053,Normal,Normal,-0.4
2004-02-13 22:12:39,0.078916126547727,0.5186211330341539,18827.817232744776,0.0959988255746847,0.3718894798174927,70904.53221194989,0.1038906997292557,1.4182691128076792,158961.2198701185,0.0562671740275524,0.093053079408973,3138.868855187697,1.38949586516866,0.6677996313858368,3.346124091068611,Normal,Normal,2.1
2004-02-13 22:22:39,0.0774781193910577,0.4064589681713531,3327.119810191701,0.0939925079606581,0.0569964973780119,11430.186624112312,0.1012012334333801,1.2005952184040298,42238.38324141015,0.0562367983640105,0.0926880629942625,1929.960081678628,0.15704105940504573,-0.3793207976713065,-0.5565362116274218,Normal,Normal,0.2
2004-02-13 22:32:39,0.0768843633144323,0.4088430650331287,1430.9312728450473,0.0949658704626792,0.2582638801700598,1798.016582018464,0.0995980478853783,1.2336177044697356,24704.135994637825,0.0565105938457283,0.1886469102321224,1334.3447263361054,-0.35184203390532254,-0.35706341228765237,-1.0339456809821999,Normal,Normal,-0.5
2004-02-13 22:42:39,0.0774325046310494,0.2120974655470124,1921.9461490232832,0.0952095763446848,0.2212885008351204,10623.10944654929,0.1029556751467439,1.4318646753422914,60899.52549122014,0.0554581407107536,0.0783643489832615,2905.5772045124063,0.11794658763886566,-2.193835525245802,-0.9103212908624432,Normal,Normal,0.2
2004-02-13 22:52:39,0.0776523798079862,0.4663598030208287,5273.312493508261,0.0942158620515111,0.1875384924666283,28856.57456542411,0.099194666860642,1.0615683249643588,40746.62777997793,0.0556444611321513,0.1909008536097198,1237.7180436589508,0.30639225512186347,0.1798997555802162,-0.06653703807242943,Normal,Normal,0.5
2004-02-13 23:02:39,0.0784514380046663,0.3903152250695116,770.0534859281693,0.0954441107218479,0.2375447034384872,3371.952346917116,0.1011912370468813,1.1294051220103878,25270.19406163133,0.0558670051606939,0.121491843450725,2442.7503835689167,0.991231068347367,-0.5300351069400908,-1.2003370009096164,Normal,Normal,1.5
2004-02-13 23:12:39,0.0774654115733878,0.3981598851468177,5747.702105517863,0.094197697948666,0.2324261143633537,28661.162810831436,0.09851759985134,1.0166463682150804,42705.83861638915,0.0552795276017713,0.1439905529249694,1849.9670951352864,0.14614972907653925,-0.4567991468816867,0.05290155596834843,Normal,Normal,0.2
2004-02-13 23:22:39,0.077023694165436,0.3219624132001542,3546.832639571185,0.0944685057782982,0.193687762680133,10074.163812246874,0.1004539693151638,1.197597833624215,97186.4151780302,0.0553287524674953,0.0407937383080745,3229.493679773539,-0.23242748432242377,-1.1681613929248,-0.501218407928812,Normal,Normal,-0.4
2004-02-13 23:32:39,0.0760276339435002,0.3787525414114188,4124.093864343597,0.0941327950581982,0.1278679655968271,13444.277270272723,0.1016968493608424,2.2208050112346047,38662.51422538251,0.0547970269280756,0.1747594662944531,885.4019025003412,-1.0861083590394123,-0.6379816884626957,-0.3558794980209815,Normal,Normal,-1.6
2004-02-13 23:42:39,0.0774021077186976,0.3420917702434818,11177.861812333853,0.0938089905551934,0.1616468519925762,41783.58516975754,0.1007985072434111,1.4035152646501323,96591.44655108488,0.0544451262955992,0.0238783277929228,3048.951185503908,0.09189468620387488,-0.9802382995212753,1.4200702805353111,Normal,Normal,0.1
2004-02-13 23:52:39,0.0775634886747019,0.4734358466541311,764.7158097253634,0.0936176224250307,0.2373568826328611,4245.241153574707,0.1014861751668669,1.909554926289526,25937.04419127638,0.0550906368767359,0.1794399560852624,1973.9043421078957,0.23020744345531358,0.24596008755039603,-1.201680884765773,Normal,Normal,0.3
2004-02-14 00:02:39,0.0770032787070825,0.447202651604071,3582.409175814324,0.0937389264293388,0.1756680884843851,7378.757023765968,0.1006879163263428,1.2773012743106928,75985.0671668164,0.0553445991782678,0.1183781049108025,968.712731159844,-0.24992470583689835,0.0010529525110566523,-0.4922611893006029,Normal,Normal,-0.4
2004-02-14 00:12:39,0.0763369899534704,0.4471539298962406,4875.51915070018,0.0939661354911471,0.1617245811613599,11889.112206841512,0.1012808703421609,2.1121779423002307,24360.07848671839,0.0546885053479019,0.0474616973442971,946.6329215934848,-0.8209724733024449,0.0005980977418908888,-0.16669074376279897,Normal,Normal,-1.2
2004-02-14 00:22:39,0.0764212568340363,0.5469289750901192,1297.853239195043,0.0943828470971917,0.1554430228612218,14261.9104745299,0.101556367843722,2.293636472439026,22147.2151102575,0.0561647305087899,0.1598357994958892,1021.8811022025766,-0.7487509120685539,0.9320751984238177,-1.0674511643116833,Normal,Normal,-1.1
2004-02-14 00:32:39,0.078216215500288,0.4036836853433656,2619.3118910061985,0.0950372141337934,0.1697084017933861,9886.943172223033,0.0999902946950509,1.3330152048998087,19694.3942987454,0.0554035638096729,0.1696329311639481,2131.5175751389806,0.789631858913494,-0.4052302061527846,-0.7347432814667457,Normal,Normal,1.2
2004-02-14 00:42:39,0.0776202063611459,0.3791111272392764,10402.126947119232,0.0952992495912546,0.1946473712690903,52066.5463010877,0.1025552704452274,1.6536104624286194,122608.76489429775,0.0559602280118712,0.1187538245387229,1993.5696953350207,0.27881776149545706,-0.6346340128326879,1.2247610256442676,Normal,Normal,0.4
2004-02-14 00:52:39,0.0771707424243678,0.3713008615841109,1173.694936200352,0.0946394989717559,0.1801042276016713,7177.043156951764,0.0990378350603318,1.343452991766088,6116.06677965882,0.056053931723999,0.0780693460229389,1733.9425691513875,-0.1063986724634921,-0.7075488743984489,-1.0987108984474185,Normal,Normal,-0.2
2004-02-14 01:02:39,0.0778553763020937,0.5050743337064105,8420.97854810724,0.0940972070520693,0.2253001289997973,18640.42450952076,0.1020439150351608,1.1247372963215962,85877.43025666339,0.0570405480434203,0.1601350876283009,2959.3897063144545,0.4803719210474689,0.541329797803637,0.7259609394414089,Normal,Normal,0.7
2004-02-14 01:12:39,0.0761451459513548,0.3286110755448455,4274.844086360873,0.0942781213227981,0.0875750241081658,5360.106059614843,0.0969771193113193,1.287454522728301,23832.080554218457,0.0549437425349784,0.0392065878765781,1605.040954856058,-0.9853938124228483,-1.1060909953397924,-0.3179246311494149,Normal,Normal,-1.5
2004-02-14 01:22:39,0.0781157938325774,0.4255858785681634,2164.102152366456,0.095221699833287,0.3206771434605886,8837.803997793982,0.1011103985518428,0.9550294172657074,28102.97565829967,0.0574379382294218,0.2646845207065622,756.6189598979154,0.7035647163414173,-0.20075631787774656,-0.8493528972770099,Normal,Normal,1.1
2004-02-14 01:32:39,0.0764661533452669,0.3505466792877056,1281.730055272939,0.094596701256819,0.1882307348882492,7351.461615526486,0.1000875071226736,2.347071495751221,13160.16019242031,0.0545351171623042,0.0284137649692808,2362.467169311838,-0.7102720207977206,-0.9013051940765265,-1.071510550036761,Normal,Normal,-1.1
2004-02-14 01:42:39,0.077847334070442,0.3003506570636691,7980.911854220021,0.0945011468081042,0.3500282647247776,27926.664965741333,0.0986873109957024,0.9724461211530344,84656.73984251429,0.0554273525098394,0.1201357390243456,1772.403800476357,0.47347926616586433,-1.3699238266830664,0.6151639365740721,Normal,Normal,0.7
2004-02-14 01:52:39,0.0780961612397858,0.2668683879683278,5764.354575900193,0.0942769402085055,0.1089073211896298,20988.85404239382,0.1040675453919532,2.735696460804184,51365.40560144215,0.0551822296287208,0.0828905655344436,995.2084724606384,0.6867384556212346,-1.6825066662155113,0.05709420184300325,Normal,Normal,1.0
2004-02-14 02:02:39,0.0785332868816624,0.3653585893301865,4354.7498716209575,0.0949206450537599,0.1857848728531017,33045.49578771232,0.0994716655930691,1.0566328951245856,37552.67520401838,0.0555632135780949,0.1341957520552923,2574.008867116823,1.061380261508447,-0.7630245749585701,-0.29780649532692216,Normal,Normal,1.6
2004-02-14 02:12:39,0.0774005971644033,0.5063321280777151,4982.825467358397,0.0945999494685548,0.2139954072747212,30069.704640656702,0.1012602092653809,1.5505272809658202,76337.75766696887,0.0563425544971616,0.1106508784917355,4337.418844960399,0.09060005433035186,0.5530722796232165,-0.1396738882733653,Normal,Normal,0.1
2004-02-14 02:22:39,0.0770826017349854,0.4444705851182156,1858.1158105655088,0.0938101989016586,0.1590807677564583,6540.79170725618,0.1007085592986794,2.1082780912099626,38387.30826317915,0.055139843080316,0.0704259415578163,1983.3785884879944,-0.18194031056233256,-0.024452998041707637,-0.9263920598876074,Normal,Normal,-0.3
2004-02-14 02:32:39,0.0778543530765541,0.3956523870817223,2660.434244036062,0.0941355595110217,0.1652287562852628,14652.735196352978,0.099429192672317,1.096053395572591,21458.50169131681,0.0549301469588592,0.0765096524047539,978.8112990226124,0.47949495793374874,-0.48020857779802495,-0.7243897747600347,Normal,Normal,0.7
2004-02-14 02:42:39,0.0761950705067673,0.371201721911139,4297.378952042671,0.0928020448656709,0.201588904643962,8876.826659126154,0.1004774153047744,1.3980374582212152,87641.23658153895,0.0550816630069333,0.0707898978366081,1478.8972517188142,-0.9426055982207281,-0.7084744198087567,-0.31225095574465656,Normal,Normal,-1.4
2004-02-14 02:52:39,0.076898898724234,0.3074947402522205,8540.66699541804,0.0945959639028999,0.1942461676228806,13777.103286497571,0.1039096827440482,1.9301784851118,165402.464264778,0.0567348031689984,0.1281054018483196,1659.753565618813,-0.3393843520497297,-1.3032282929193728,0.7560952836762408,Normal,Normal,-0.5
2004-02-14 03:02:39,0.0756627175441899,0.4881647708848424,3877.666234673605,0.0930506309590375,0.1449878314009685,21374.567882239327,0.0984408253406583,1.3164284111530522,37177.49481272685,0.0551036253025549,0.1300204815612664,804.6556654296221,-1.398862692664303,0.3834659700275957,-0.41792337266634266,Normal,Normal,-2.1
2004-02-14 03:12:39,0.0770909751983411,0.4745222723146702,6885.227908539994,0.0959029111100127,0.2201445406580089,21526.476457548342,0.0989694532951803,1.2033337104071655,103914.70356096711,0.0553150480521858,0.0616748779853693,1528.4292491327808,-0.17476377106755542,0.25610271011116753,0.339300075578681,Normal,Normal,-0.3
2004-02-14 03:22:39,0.0781221418227172,0.4655293058579137,12864.710849552624,0.0945904096907754,0.1654934903483247,42009.705754647366,0.102390337678904,0.9079075762743072,115724.80626297812,0.0561712573853389,0.2531139197677641,1660.3342986565922,0.7090053088436593,0.17214642319200807,1.8447736725656823,Normal,Normal,1.1
2004-02-14 03:32:39,0.0761669264418208,0.5528697268991065,6213.578289947979,0.09520543243552,0.2725350886008999,6998.805848420424,0.1042226634385187,1.58167939303896,120776.56002841512,0.0561509540317159,0.0646508032963835,2544.09766754011,-0.966726679910876,0.9875367044562493,0.1701966970438425,Normal,Normal,-1.5
2004-02-14 03:42:39,0.0773135098711328,0.4825257504421647,6146.591448398982,0.0950215885729231,0.1938923668641869,34024.69144175988,0.0994346587824763,1.2979963491462687,35332.25906041628,0.056172031901728,0.0651666051538457,2371.120940598778,0.01596123726022148,0.33082135931932843,0.15333120511211223,Normal,Normal,0.0
2004-02-14 03:52:39,0.0758767732365898,0.2798720451744803,10667.434918534556,0.0941202472758419,0.1951785730915713,14937.651468621396,0.1043274442560537,1.1842489534877885,177298.168813026,0.0562937590207609,0.0904113067602256,3051.38672134787,-1.2154046579975306,-1.5611074837935754,1.291558464482401,Normal,Normal,-1.8
2004-02-14 04:02:39,0.0762042431228201,0.3237082059057306,6487.668452225256,0.0955052773819986,0.1777963755129188,25530.550107436124,0.101045481618273,1.5578509974765922,36003.52989043399,0.0559388045413523,0.0501488833924299,1596.2860946926671,-0.9347441389204202,-1.151863069785762,0.23920525624084274,Normal,Normal,-1.4
2004-02-14 04:12:39,0.0757623768379835,0.3518243628605009,4115.461364960838,0.094198753060351,0.2317241217401764,16907.381469191438,0.0983401813083829,1.024008631116879,39440.83257812255,0.0552862711470374,0.1204447616024984,1013.183675385221,-1.313448948368758,-0.8893770312010935,-0.3580529300760529,Normal,Normal,-2.0
2004-02-14 04:22:39,0.0760924460873909,0.4018811172873735,3962.842445560093,0.0957704107855409,0.3922656877026331,17109.62749901818,0.0992842143777618,1.961204005111374,14806.984291740362,0.0558325175818827,0.0968360150708478,1581.9406858864593,-1.03056062560884,-0.4220585710341502,-0.396478284880995,Normal,Normal,-1.6
2004-02-14 04:32:39,0.0786182224572888,0.4397530049606644,2345.6119788174983,0.09450039759961,0.1359529466053555,9607.19462190687,0.1003276242005878,0.8159954611841931,25112.637506603573,0.055302193160483,0.1149817501617409,1829.9236179841985,1.1341749328531396,-0.06849525208280101,-0.8036535861473655,Normal,Normal,1.7
2004-02-14 04:42:39,0.0765472363611597,0.307565128446384,826.0074949594698,0.0940944150071983,0.2156537983202597,2834.5763181033244,0.100303850143031,1.0335536854350238,20099.74853674296,0.0554625898868158,0.1949187292465177,723.8013322349678,-0.640779214632304,-1.302571164767797,-1.1862492806045009,Normal,Normal,-1.0
2004-02-14 04:52:39,0.0765500541542305,0.4275608497169689,8961.823545871333,0.0939446300001196,0.0779320207885012,13166.559146541804,0.1016983281631112,2.2536595123582863,72719.15077997929,0.0557878497496318,0.1349758909515355,3213.3147131308424,-0.6383642039728381,-0.18231843698232722,0.862131219084091,Normal,Normal,-1.0
2004-02-14 05:02:39,0.0769515739056875,0.4721707407507005,8708.150716340968,0.095433262379316,0.2259763574550208,14826.408587971491,0.1007383617560702,1.0177384064063828,81707.06261154178,0.05603000207757,0.1014279455800584,3636.559715355589,-0.2942386931941706,0.23414934693190498,0.7982631972336474,Normal,Normal,-0.4
2004-02-14 05:12:39,0.0766624733129131,0.4292422492209682,4148.731158180468,0.0949087269700638,0.1302463333801613,6440.773800009683,0.1002541241261269,1.671673802267418,38273.4213091752,0.0553492846434972,0.0622124484964441,1132.8327581365393,-0.5420145218897665,-0.16662127410928648,-0.34967648753687786,Normal,Normal,-0.8
2004-02-14 05:22:39,0.0771811760440774,0.3573263428988387,2489.7730808907054,0.095153016929887,0.2337676100044774,8844.121649547986,0.100252400220643,1.2835556566058957,33922.89366165075,0.0562687876610448,0.1135516667310669,2404.036622057953,-0.09745646053293258,-0.8380117985002502,-0.7673576831362254,Normal,Normal,-0.1
2004-02-14 05:32:39,0.0754853262075236,0.3803225968989236,3648.43517639294,0.0934124172018902,0.1953036066098268,9428.101880041371,0.0989630605504681,1.2606202649509592,13083.191264894553,0.0548653625506338,0.0650185580002875,333.57434299142494,-1.5508972665961875,-0.623324007971858,-0.47563761138151933,Normal,Normal,-2.3
2004-02-14 05:42:39,0.0784893475928222,0.4162216058917836,4647.745912201729,0.0957119271462385,0.2673802913817096,6112.735245475933,0.1021605825117526,1.6007736968319382,88988.67191979421,0.0550757676800503,0.1262438634651679,2383.068429225623,1.0237217648578607,-0.2881790351076896,-0.22403794251600248,Normal,Normal,1.5
2004-02-14 05:52:39,0.0774487298909333,0.4381933427723923,1292.7772352118434,0.09472545830542,0.1431016947326835,3681.359955375152,0.1002993665954732,1.3937204194478428,9042.209664637056,0.055770918160812,0.0378081103520244,1349.750079875153,0.1318525681660951,-0.08305590309881318,-1.068729166113895,Normal,Normal,0.2
2004-02-14 06:02:39,0.0774396340631083,0.4181568338101229,958.0334857137544,0.094943577765873,0.1985391128189086,3163.626595425171,0.0994526006466931,1.4868721479061593,15564.991685115836,0.0552348523671026,0.0776741281528421,887.4679970433072,0.12405692079166068,-0.270112187961385,-1.1530086734889022,Normal,Normal,0.2
2004-02-14 06:12:39,0.0772467994002219,0.3107750326515632,2303.386841458632,0.0936909068968608,0.2203127075989601,11231.811803407054,0.100909275514026,1.6646595042645511,17520.51999768641,0.055754529664638,0.0861353019264057,1842.7563952228136,-0.041213471563420985,-1.2726042300829057,-0.8142847444013529,Normal,Normal,-0.1
2004-02-14 06:22:39,0.0756460588577033,0.3054551986309328,7069.73135501185,0.0931486502581861,0.1829574678197603,8113.370768826079,0.1008884233924258,1.2017392825257591,64820.23262621839,0.0544600188426679,0.0837494327283763,1260.1436710523794,-1.4131401447082006,-1.3222689890415908,0.38575310002186863,Normal,Normal,-2.1
2004-02-14 06:32:39,0.0761497355646262,0.4668559319086989,5691.622709769847,0.0945336926337311,0.1587111442617614,11237.657196234071,0.1016513832219586,2.187641940698473,58221.66996832141,0.054992718800708,0.2145379055718068,939.2918126755952,-0.9814602499877063,0.18453150189654102,0.03878226664743498,Normal,Normal,-1.5
2004-02-14 06:42:39,0.0785871657903065,0.3615217429430797,1971.0966148060704,0.0937501007811958,0.2215088655977317,2759.123747177314,0.1013324784627626,1.4997542413083649,36633.88699124493,0.0556567347150425,0.2227434934033061,1622.6578658678034,1.1075575837698464,-0.7988444990836803,-0.8979465204607957,Normal,Normal,1.7
2004-02-14 06:52:39,0.07790162973915,0.3905431033629876,4683.782451200245,0.0948855565808424,0.1868184866042401,29117.90654188244,0.0988925859439801,1.1872757661457385,35518.25116623966,0.0550460513882467,0.1283179513180998,3197.8032208141794,0.5200137757619903,-0.5279076870857285,-0.2149649075187873,Normal,Normal,0.8
2004-02-14 07:02:39,0.0777059461206155,0.417840869010627,2512.84354168666,0.0950774406815965,0.2139451545112658,5938.128105802748,0.101423966335702,1.8653791980310643,59968.110331912576,0.0563177062139707,0.0883756220259601,2484.270447524957,0.3523016646271193,-0.273061963376471,-0.7615491592318573,Normal,Normal,0.5
2004-02-14 07:12:39,0.077858983354925,0.2996620795127183,16181.020840279814,0.0942541967939956,0.1485767011871104,61941.91459469972,0.1026882234739425,1.4551374028805428,151734.828002265,0.0553893604404311,0.1433143678849986,3352.037963840874,0.48346337269703693,-1.3763522298925863,2.679731674740112,Normal,Normal,0.7
2004-02-14 07:22:39,0.0757133410289469,0.3175699833688572,5882.017489174325,0.0944440579291519,0.1662489237069477,6184.569049260039,0.1008794037530084,1.3005293559290898,90491.15036195556,0.055148800842584,0.0742751930513789,3181.781398715384,-1.3554754558317876,-1.2091681175647635,0.08671857087728962,Normal,Normal,-2.0
2004-02-14 07:32:39,0.0763917745745983,0.4868229040681746,7975.956931703417,0.0938922241501359,0.1404404189780503,27524.70815560813,0.0998985300622274,1.2766771331750515,59225.52969533965,0.0561410642203803,0.1389412736135122,804.2427691195222,-0.7740189033720918,0.37093860700348247,0.6139164198410281,Normal,Normal,-1.2
2004-02-14 07:42:39,0.0773621114568527,0.4052045632928984,5203.678115269931,0.0942784525293458,0.1142397172170728,17997.936632736528,0.0999741121276059,1.2880026189052298,41322.92941016912,0.0544395898709064,0.199394760197876,775.0615974429678,0.05761559037691672,-0.3910316359575108,-0.0840691088074046,Normal,Normal,0.1
2004-02-14 07:52:39,0.07842339670271,0.493499202297464,3653.963002796651,0.0940429254445642,0.1748047535191497,7297.086500944869,0.0990150014281295,1.3636911667646403,10794.325289136768,0.0566307090458105,0.1704712239639851,1016.9416055993698,0.9671980604477701,0.4332670069137233,-0.47424585279944614,Normal,Normal,1.5
2004-02-14 08:02:39,0.0762810730103436,0.4251022370903268,13526.451546672428,0.0945268229851817,0.1710617974524297,47888.96343146195,0.1000838962036194,1.4596348275020334,105404.93261548188,0.0552273713735148,0.1579158544271548,2767.9863000734995,-0.8688965082841907,-0.2052714845776899,2.011382250162347,Normal,Normal,-1.3
2004-02-14 08:12:39,0.0782240275511823,0.4252786985695489,9530.003936519235,0.0944386674729292,0.3018494572188546,24602.985479634768,0.101671055206469,1.3409778418580984,196799.96568335244,0.0555958837947727,0.1469201258769779,3814.016499230156,0.796327235652681,-0.20362408039232,1.0051838182610555,Normal,Normal,1.2
2004-02-14 08:22:39,0.0782593853571849,0.5410550470181565,3532.16148045703,0.094361985340198,0.1511798731806655,20978.315990099647,0.1003152871497535,1.4506509607476987,33567.09689158337,0.0563610643980232,0.1677805294209076,1337.5272523209464,0.8266309081532347,0.8772375435828292,-0.5049122127111726,Normal,Normal,1.2
2004-02-14 08:32:39,0.0788327981147044,0.4923650099388044,5493.456971067342,0.094368608537711,0.1486642516443859,11031.410334999717,0.1009927606084342,1.8781414329656776,18828.128641048377,0.0557717695900275,0.1790388304727552,1717.885375197109,1.3180786074316833,0.4226784453369585,-0.011110556927294105,Normal,Normal,2.0
2004-02-14 08:42:39,0.0769752915409386,0.501785914417268,1531.7813440620307,0.0940764026270669,0.2314087283869521,11180.343579904387,0.0982607348918395,1.2085322668245198,18827.772705518302,0.0552404986881228,0.1667440741279255,1349.371864397199,-0.27391131623294335,0.510629864174693,-1.0085543351134691,Normal,Normal,-0.4
2004-02-14 08:52:39,0.0786875012410643,0.4954958213123177,2875.753101471344,0.0937356574966438,0.1941431843402825,4198.606668487758,0.0989044608842922,1.2203639660864152,30698.78647617382,0.0556610969604781,0.1300956962842399,1879.471413482148,1.1935508334566733,0.45190698735681295,-0.6701782554698185,Normal,Normal,1.8
2004-02-14 09:02:39,0.0762905040986425,0.3915278701871774,1933.69675891319,0.093524654952501,0.2206913287525465,9535.25048833457,0.0968286668433282,1.3654079217105988,3743.9867131808687,0.0552038025361761,0.0771150263818092,1717.3270592697625,-0.8608135234091485,-0.5187141282708803,-0.9073628021248279,Normal,Normal,-1.3
2004-02-14 09:12:39,0.0775828054353459,0.3516255309931115,2486.0370809667693,0.0946532817708926,0.2192718105511817,9266.343105387949,0.0991002170902957,1.2389058521318963,5201.943093238677,0.055321088228038,0.1117615486775855,2217.775342299922,0.2467630178674895,-0.8912332802361018,-0.7682983078188804,Normal,Normal,0.4
2004-02-14 09:22:39,0.0768964226375526,0.2979657430445224,5049.850500005775,0.0929199309847933,0.0927930395308358,5543.767344928196,0.1001130766933071,1.197504930014369,79713.19216229221,0.0552282957227316,0.0679198113845487,1145.0625709967635,-0.34150650068843763,-1.3921888408618497,-0.12279878084631227,Normal,Normal,-0.5
2004-02-14 09:32:39,0.0767991155573462,0.3961449284507434,4193.731114471002,0.0918368880879131,0.2944641093665838,4105.221773426834,0.0997943001566221,1.399380498471534,65223.301722923046,0.0547636710600079,0.2085173703902172,1824.281381016761,-0.42490426270860576,-0.4756103237407085,-0.3383467042212831,Normal,Normal,-0.6
2004-02-14 09:42:39,0.0776273336505093,0.4395667843376549,4552.781877133541,0.0934234955014997,0.1819702465774404,4934.407043552321,0.1022341204337347,2.0224668903315344,90087.05717934054,0.0550026481961891,0.2047498414804764,1918.4496082806704,0.2849262582350286,-0.07023376541217112,-0.24794734218631811,Normal,Normal,0.4
2004-02-14 09:52:39,0.0780638751505177,0.4058667694625035,7115.637001961198,0.0944253275369948,0.1298859292199767,13172.580049356204,0.0997927114267682,1.69520034168393,35223.45658444018,0.0558977407582363,0.1064443155022676,968.501646120075,0.6590674209582738,-0.3848494299588179,0.3973109119792929,Normal,Normal,1.0
2004-02-14 10:02:39,0.0761460433763633,0.3883496712947245,1555.0835763307205,0.0929679679588956,0.102503432824327,1160.010802932532,0.098688383169734,2.201355363684523,15545.99658414507,0.0551226553143646,0.1152575455327342,1148.5151860332646,-0.9846246675966845,-0.5483850693762438,-1.0026874573620912,Normal,Normal,-1.5
2004-02-14 10:12:39,0.0777495293017303,0.566700093050676,1701.584008118487,0.0950880954611958,0.1477743705814767,5637.071020481741,0.1000467717768482,1.1526137701806984,42330.406810543296,0.0548285190745313,0.1518151145042794,1429.2388763769368,0.3896549564840374,1.1166538533305033,-0.9658025738062019,Normal,Normal,0.6
2004-02-14 10:22:39,0.0760554112863608,0.4178361569761297,6672.573182488513,0.0930698775093712,0.1124824002946924,18037.974586908524,0.0987620826765483,1.3481230909263022,56189.2211383672,0.0548622008671213,0.0943331431592287,960.0555936719264,-1.0623015792601131,-0.273105953857491,0.2857593131911574,Normal,Normal,-1.6
2004-02-14 10:32:39,0.0769188978450882,0.3496762549842871,10679.45297350978,0.0952350102521881,0.1752505353880367,31506.559529580994,0.1010720226361658,1.373271569414582,68498.15163613635,0.055774889780959,0.1515555399773296,1474.9643643196976,-0.3222439557078307,-0.9094312771560769,1.2945842887268755,Normal,Normal,-0.5
2004-02-14 10:42:39,0.0762592963083026,0.3821786978973143,3203.315283030854,0.0935940181548746,0.1472766577867128,15765.069483578967,0.0976946162135323,0.9571704511460352,9809.650330175253,0.0550805185650119,0.0915117009650221,2136.666001175659,-0.8875603938981459,-0.6059958717310353,-0.5877068744868682,Normal,Normal,-1.3
2004-02-14 10:52:39,0.0775034389987994,0.5782366156865968,1919.1231433956625,0.0958758866688139,0.2120960933234386,5489.865129963401,0.0989692487949224,1.5597001222615532,15490.59538237166,0.0560717083261191,0.2085105961861706,1215.6070761396336,0.17874141888975448,1.2243562015076221,-0.9110320480430313,Normal,Normal,0.3
2004-02-14 11:02:39,0.0768942052356881,0.5470773142021708,6764.854184157975,0.0929475527305251,0.2711996631345044,25642.41914747056,0.1017229053010708,1.340120910300023,82812.01879453486,0.0557476399969933,0.1495542753188568,4271.227321097638,-0.3434069415670078,0.9334600585934427,0.3089931969378616,Normal,Normal,-0.5
2004-02-14 11:12:39,0.0776544869015146,0.3311799985725137,11165.661400786588,0.094582848521151,0.1607883764562849,19764.374812438484,0.1033473162372274,1.2471639279083524,123358.8061171203,0.0567897532502013,0.1547796424003245,2660.419100583585,0.3081981554146535,-1.0821081149608593,1.4169985437918542,Normal,Normal,0.5
2004-02-14 11:22:39,0.0769886418672423,0.4282343784664375,10933.085742109746,0.0940529872162329,0.183259401747895,23011.198578362208,0.1041303487990683,1.0859712144731084,203786.9838219272,0.05698377947317,0.1547436161404336,3359.0580161252265,-0.26246931906679627,-0.17603052595646024,1.3584422243083922,Normal,Normal,-0.4
2004-02-14 11:32:39,0.0781368444146429,0.5572219183026546,3824.211909110854,0.0944696007652726,0.1690787146661629,18101.542662902524,0.1001999046827765,1.214663600384232,63488.82112075223,0.0562962214609581,0.1088585785062599,879.3925998640827,0.721606275390984,1.0281677722980351,-0.4313817396477928,Normal,Normal,1.1
2004-02-14 11:42:39,0.0765352831088176,0.4463197937706544,3880.962065859346,0.093339693793691,0.1626850672535393,6606.214833872296,0.1005532758257873,1.5550520915528772,55644.09146760796,0.0560418401000259,0.1090189384450455,1798.3490433127954,-0.6510238390941523,-0.007189207173133618,-0.41709357067857766,Normal,Normal,-1.0
2004-02-14 11:52:39,0.078448256857028,0.4749347955380534,9094.104319781569,0.0938871790639069,0.2432528230151436,27686.408332917483,0.1004469924438538,1.0606396778502498,93693.23553279327,0.0560972065439202,0.0796630574454977,1271.0280588935286,0.9885046419339257,0.25995393298292147,0.895435973771984,Normal,Normal,1.5
2004-02-14 12:02:39,0.0778141308815034,0.5191691228606832,18155.532425563822,0.0955163003002465,0.2210244544039024,45218.96831419786,0.1049696880074939,1.15739137124583,196215.5479469629,0.055469734586332,0.1383655108011661,2984.604011822619,0.4450222243602803,0.6729155396154628,3.1768607890656084,Normal,Normal,0.7
2004-02-14 12:12:39,0.0773026311152715,0.3969041106344453,5245.189101173081,0.094385592327762,0.1258747465816494,9552.850714047008,0.1016028403057863,1.0816698868995376,83209.72211330055,0.0566816019878253,0.0833869957172015,2536.5566472141104,0.006637518056321378,-0.4685227717582473,-0.07361775475579349,Normal,Normal,0.0
2004-02-14 12:22:39,0.0781221315098393,0.4481424372039315,12928.466894409645,0.0939349950805409,0.1351201790719587,38862.27763444301,0.1013816305341634,1.9802883879914936,107748.33267522024,0.0551873336633959,0.1197738442264624,1992.6912494795424,0.7089964701143903,0.009826576858904692,1.8608257364527159,Normal,Normal,1.1
2004-02-14 12:32:39,0.0792329492945091,0.3589869077111522,3383.11450860525,0.0950521171803592,0.2489028236871924,10426.528332713486,0.1001959089285367,1.1413766718216003,79545.492145813,0.0560519756530434,0.1755316258043433,1899.198512150498,1.6610311736237409,-0.8225091435642129,-0.5424382468260419,Normal,Normal,2.5
2004-02-14 12:42:39,0.0753811163044996,0.5001967130650411,12190.39656887278,0.0945331115519186,0.1966840983407185,33088.12799303815,0.1021214391304691,1.8698230403120155,92204.80983649738,0.0552002413979379,0.1848128588020445,926.855696250444,-1.6402111446213583,0.4957934422507972,1.674999403511096,Normal,Normal,-2.5
2004-02-14 12:52:39,0.076952737308668,0.3559125944069117,531.4770076985025,0.0933075295373282,0.1445518252482016,6236.7486099418265,0.0993208824734884,1.1799550028555732,11609.477088039072,0.0560881582345206,0.1516883985652755,1300.8216409899603,-0.2932415899546628,-0.851210232475346,-1.2604041659772505,Normal,Normal,-0.4
2004-02-14 13:02:39,0.076206970761067,0.5239826539737651,3533.8765452467487,0.0936607124291416,0.0722451230680136,14613.182222666828,0.100126226486714,1.0595344412264955,11067.68931028881,0.054755406946198,0.1154557164277845,2573.2406614402776,-0.9324063961281275,0.7178535699269827,-0.5044804053486439,Normal,Normal,-1.4
2004-02-14 13:12:39,0.0785531735464503,0.3618641876245507,1415.498719489161,0.0936992005598066,0.2443397512792868,6567.048544324647,0.1007026706739169,2.8103039053738077,45314.75707655598,0.0556391638392811,0.1192084420693766,1153.469609114916,1.0784242765363197,-0.7956475135205996,-1.037831184434685,Normal,Normal,1.6
2004-02-14 13:22:39,0.07703774503551,0.3981230179180359,3158.8856528550136,0.0932804671763634,0.190397970702667,13100.66607179796,0.0979291933199537,1.9832430802488064,25909.25150556001,0.0556098943674819,0.0516101781877438,1056.8001698144562,-0.22038508087015468,-0.457143330934013,-0.5988930649674614,Normal,Normal,-0.3
2004-02-14 13:32:39,0.0778355331120931,0.4319978423653223,1540.2749600008838,0.0935941691872916,0.1761131561225157,10405.903068870712,0.098292351320563,1.2167694235188504,61219.44899752641,0.0556209417410048,0.0921851860112394,2366.76369364868,0.46336516641172054,-0.14089568403038152,-1.006415870188486,Normal,Normal,0.7
2004-02-14 13:42:39,0.0770224988690398,0.4120063063697388,10677.542215984104,0.0952121359390604,0.3348491695045728,23361.33868913637,0.0994380553684994,1.3937170635519545,77550.4935624612,0.0554334914348379,0.0717228688360211,2180.813225389757,-0.23345192205278342,-0.327532111517432,1.2941032111766044,Normal,Normal,-0.4
2004-02-14 13:52:39,0.0760564121690686,0.4208909131129372,2911.5384378195395,0.0923686134040535,0.0772192385693926,6970.027867875747,0.0992844789666132,1.857588041075956,12424.710152352973,0.0550769255188538,-0.0134763576680527,525.625081320327,-1.0614437652377637,-0.2445874462078613,-0.661168466569512,Normal,Normal,-1.6
2004-02-14 14:02:39,0.0776431996705321,0.4177640583898037,3181.0766154456323,0.0935016700636277,0.0774485995235396,20070.713553293204,0.0978008958771595,1.802505984390284,25993.075595353694,0.0567941548523316,0.2399660781653607,616.9489167828239,0.298524349548234,-0.27377904984079743,-0.5933059751469082,Normal,Normal,0.5
2004-02-14 14:12:39,0.0782455201642959,0.462614995853301,15520.167939518651,0.0958116015328063,0.2065439554906825,43322.75155843978,0.1019517693875393,1.2239199108187266,107956.17357244888,0.0557511013589361,0.1195330609582536,1496.5507048331683,0.8147476407232833,0.14493908864948765,2.513346620479933,Normal,Normal,1.2
2004-02-14 14:22:39,0.0784832327460179,0.3663784441404645,12426.562653374807,0.0955284740560046,0.2314447453439445,37611.520734750375,0.1015968297749122,1.8673729576008415,76155.70581561797,0.0558363042392111,0.1944882189162684,1224.7080829442953,1.0184809895978009,-0.7535034426960057,1.7344596960194965,Normal,Normal,1.5
2004-02-14 14:32:39,0.0777913252439057,0.2953570136517198,2804.526707223198,0.0930218099636114,0.0300952124994893,7526.13303314965,0.0961316119515648,1.363217100388728,10067.43282416075,0.054993419794582,0.0488327919747817,1010.31259254757,0.42547648181968917,-1.4165433444007824,-0.688111153181374,Normal,Normal,0.6
2004-02-14 14:42:39,0.0765333653112116,0.355262772954064,710.9071812745908,0.0939520860993617,0.315496528580748,1790.1493025726563,0.0974732142192632,1.4740737652222196,8588.62606886278,0.0559754427879985,0.0477082137069215,1058.874928945911,-0.6526675018986339,-0.8572768175786983,-1.2152284557216326,Normal,Normal,-1.0
2004-02-14 14:52:39,0.0777195482091096,0.4379526468945034,3285.8863993163573,0.0940690521492888,0.2357552890563496,4286.555483366204,0.1000931904644054,1.468527685182463,21787.66400801189,0.055649714488542,0.1487581326868845,558.0077100690127,0.36395943646450496,-0.08530298500237302,-0.5669176797240654,Normal,Normal,0.5
2004-02-14 15:02:39,0.076934674818661,0.4162375296755685,2595.405976808783,0.0929742666430475,0.1253592467388933,13766.641277842473,0.1004885852309542,2.2700292901630554,36957.72100876666,0.0542217024592379,0.1177891205602184,1175.3885418397367,-0.3087221823216392,-0.28803037428851364,-0.7407621501534002,Normal,Normal,-0.5
2004-02-14 15:12:39,0.078407565565388,0.443220644918866,2914.4128693727675,0.0940240021924255,0.1655354046741788,12337.601378386162,0.0990275177290541,1.7521061147166923,19162.14893264297,0.055128737383935,0.1109721360254059,1438.5172884114145,0.9536298656145902,-0.03612215510050478,-0.6604447617187046,Normal,Normal,1.4
2004-02-14 15:22:39,0.0763741992465183,0.3836154471369735,5257.842356220353,0.0930371405487312,0.1738718798668785,11107.067806853442,0.0999964345067487,1.2708930277381132,83232.07622063784,0.0550807211267585,0.1773437558924664,1791.5966078255606,-0.7890819699601872,-0.5925827080129514,-0.0704320041520156,Normal,Normal,-1.2
2004-02-14 15:32:39,0.0768543341124949,0.3601853709222538,4166.456738361607,0.0932494496674444,0.0910113050743657,3199.667591175165,0.0989611885827121,1.240576687746258,67798.28203537085,0.0551095278386029,0.1244840294302722,1686.935333351516,-0.3775787863751181,-0.8113205639451146,-0.3452136613665833,Normal,Normal,-0.6
2004-02-14 15:42:39,0.0768926888312739,0.4793932922345587,3238.7107400358072,0.0935349421360307,0.1707307742820956,4133.474434813444,0.097379621199715,1.20910255773265,22881.603001320527,0.0545810052382007,0.1651126514001242,1088.0886690846892,-0.3447065873296165,0.30157744283140886,-0.5787952467592002,Normal,Normal,-0.5
2004-02-14 15:52:39,0.0781796718078579,0.4221871397231123,3491.773346993556,0.093765288336756,0.138667831725527,7526.341002825125,0.1006203550946576,1.9937401786255649,11867.78062507785,0.0551678444789455,0.0780050055139809,944.2586626469677,0.7583118135667511,-0.2324861697581591,-0.5150808626029223,Normal,Normal,1.1
2004-02-14 16:02:39,0.0782596608203661,0.4718474436506232,1920.38950407222,0.0927500255327626,0.3442081953838416,2395.4631514780863,0.1001741367121056,1.4256163193997071,73722.45713907568,0.0557625673370194,0.2137163659478802,1813.70215858376,0.8268669959361906,0.2311311188283377,-0.9107132123541218,Normal,Normal,1.2
2004-02-14 16:12:39,0.0760031878957225,0.3043861957047795,3252.4080827447124,0.0948028693300109,0.0814525438025661,7092.700521175466,0.0984918356982889,1.6326280894737597,76101.62266271877,0.0557082054134812,0.0863038208641469,1582.0585720312702,-1.1070600274131281,-1.3322489569217244,-0.5753466228563371,Normal,Normal,-1.7
2004-02-14 16:22:39,0.0775694166814272,0.272213678600965,1597.6252726334797,0.0931690153950738,0.1584298237395289,4382.537591467316,0.0986945703313542,1.2840368974672849,28195.36426379275,0.0553483892218475,0.0415787263476405,2101.886275411715,0.2352880860260389,-1.6326042501242315,-0.991976598047557,Normal,Normal,0.4
2004-02-14 16:32:39,0.0773292290661736,0.2258166101647494,8652.65272052878,0.0944901044236081,0.1392814492612575,19835.072513245585,0.0995171060397721,1.2566001608837256,61277.83997902405,0.0551282701694421,0.0071648457953581,1201.0858664909329,0.029433491122741795,-2.065756715283511,0.7842902888391977,Normal,Normal,0.0
2004-02-14 16:42:39,0.0765137016043736,0.4724327312404091,8669.713986079312,0.0936690371755289,0.2225668427092908,22382.96827136454,0.1001644867907907,1.440886497116974,113900.96306440727,0.0549813227342647,0.0419193360009364,2314.596087508346,-0.6695204291453671,0.2365952304821033,0.7885858583844066,Normal,Normal,-1.0
2004-02-14 16:52:39,0.0787624140760918,0.6552318596666904,2873.353784738942,0.0944054997797897,0.1361397014735557,10577.789782196158,0.0983305311659354,1.4328607222122989,10579.23442111146,0.0554687935739265,0.1484912644778386,1601.7161226051005,1.2577554398905295,1.9431662655823945,-0.6707823391384355,Normal,Normal,1.9
2004-02-14 17:02:39,0.0756344567305264,0.2940289000270888,6174.857347351606,0.0930048482964228,0.1927319192535148,15510.759617161148,0.1011360242947894,1.0374098413020612,93771.90379673617,0.0558570344789378,0.0251945029342377,1178.061288243689,-1.4230838347169223,-1.428942310755982,0.1604478011435865,Normal,Normal,-2.1
2004-02-14 17:12:39,0.0776498415992629,0.3089038176237886,9829.347728818762,0.0946615901535074,0.1336968484790364,14335.468942751351,0.1008246064685166,1.6300737114199393,123006.23890852688,0.0553744960650038,0.1315661834616635,2988.91236376132,0.3042168643217881,-1.2900734674602181,1.0805505648802172,Normal,Normal,0.5
2004-02-14 17:22:39,0.078312223475669,0.4207031177532925,999.7042149607988,0.0947710661566532,0.2065572312064385,3275.5510812602174,0.0979642468063923,0.8497986717808281,32669.52696186763,0.0551150470216902,0.1337032417567329,1974.4695335065285,0.8719162134114374,-0.24634066091985113,-1.1425171003432826,Normal,Normal,1.3
2004-02-14 17:32:39,0.077487861007487,0.4261150547702037,6810.429305128266,0.0934697780785987,0.1225224077437139,12904.05501746416,0.0991800153229123,1.3697089091011645,45681.79324104071,0.0556476301403247,0.2111620524297022,2465.417817159715,0.165390184740423,-0.19581604936202096,0.32046779130950154,Normal,Normal,0.2
2004-02-14 17:42:39,0.0766385636190668,0.4142624303884452,9258.121282299106,0.0939070031687766,0.1945899777395041,13923.170456291607,0.1001819075462699,1.717192648686849,68744.95401848736,0.0552159145246809,0.0955813722853671,1463.130726865113,-0.5625065041087198,-0.30646945145408755,0.9367310504473497,Normal,Normal,-0.8
2004-02-14 17:52:39,0.0751217787370946,0.4322386192221237,4373.9430612084325,0.0930810904765134,0.0316449226492201,11069.386878514311,0.0977791773809581,1.2421244437510175,22106.78044479918,0.0560002681180802,0.1228183297189104,389.9372739837384,-1.8624783494686927,-0.1386478461261353,-0.29297416442959273,Normal,Normal,-2.8
2004-02-14 18:02:39,0.0750074140215694,0.264094651949371,4999.813642514411,0.0929709555935851,0.0920772351676713,10880.070211789576,0.0970165802618455,1.1020831755666824,39358.95772957063,0.0549574755706059,0.2126442803421611,2896.902445858803,-1.9604954856179222,-1.7084016340401256,-0.13539672093119395,Normal,Normal,-3.0
2004-02-14 18:12:39,0.0763823157170354,0.332808431759835,6493.061197402116,0.0929938028219152,0.1325459127704822,13389.274770006745,0.0997671221500819,1.151552169790703,61297.08461325285,0.0541956497980349,0.059373891031528,1545.0211468153325,-0.7821256881028648,-1.0669054335585828,0.24056300498920963,Normal,Normal,-1.2
2004-02-14 18:22:39,0.0778802792151196,0.3784283215736437,2186.6693403946906,0.093945738889365,0.2543285394948378,5233.903020059667,0.0984544925809635,1.1773181921077915,11050.868879367174,0.0553273227843565,0.0989310391621418,1006.9787507469376,0.5017151492045312,-0.6410085310352793,-0.8436710839714275,Normal,Normal,0.8
2004-02-14 18:32:39,0.075274390967625,0.4381367657841588,3816.396835015788,0.093747485643366,0.0988801217974906,9918.1317942662,0.0988080537918879,1.6234263898692811,32065.179192157368,0.0556907936911759,0.0776138033118991,1502.5664835278196,-1.731680894071353,-0.08358409297698036,-0.43334936591659967,Normal,Normal,-2.6
2004-02-14 18:42:39,0.0791829985895015,0.4132599061601256,2110.97068107089,0.0953876483974569,0.2540060970552176,4963.998839816676,0.1011358413147263,1.771755747755391,19516.38035918686,0.0557655571413148,0.1131933995136429,930.329118178274,1.6182205477152527,-0.31582878935009095,-0.8627299782041781,Normal,Normal,2.4
2004-02-14 18:52:39,0.0780071132448629,0.3481483745968718,4877.659935150726,0.094107423865296,0.1580053514374362,22416.00394758532,0.1002910975513124,1.446452503806051,25826.72495480449,0.0562830024713278,0.1185709877691136,1214.7658061959737,0.6104192045122613,-0.9236952205167931,-0.16615175159592926,Normal,Normal,0.9
2004-02-14 19:02:39,0.0782558220303168,0.3212339905021637,3858.479911650288,0.0936966311635922,0.1039246810821992,3497.456024916384,0.0996738516812929,1.5065672983238103,57379.22508048013,0.0551879114155106,0.159416895301975,2544.3900068263742,0.8235769321679771,-1.1749617813533555,-0.42275397474679205,Normal,Normal,1.2
2004-02-14 19:12:39,0.0775620121106734,0.5701837051718384,6068.274310687799,0.0947308401740326,0.213306002517748,9310.256339109936,0.0991017848957891,1.4383741433543848,16807.519461028933,0.0564635153391384,0.1306959621978278,528.6026777372163,0.2289419431937131,1.1491760627889438,0.13361304817799213,Normal,Normal,0.3
2004-02-14 19:22:39,0.0768954961879067,0.3632654563177486,726.0645290335467,0.0934972170165708,0.1284500475701713,7196.969011168869,0.0970213992080967,1.1599370414301564,9608.230644957835,0.0545390708933169,0.0064773178862767,710.2102073107784,-0.3423005212975108,-0.7825655881044795,-1.2114122416649045,Normal,Normal,-0.5
2004-02-14 19:32:39,0.0767519820463737,0.3774049694681145,7703.805143099385,0.0933038226457657,0.1596382449615441,15888.235750420885,0.0985078384611156,1.012514684106244,41727.22356956706,0.0551944016423427,0.0627408344947721,1118.765179560302,-0.46530039136564666,-0.6505623132498881,0.5453958912003406,Normal,Normal,-0.7
2004-02-14 19:42:39,0.0770607312373048,0.3376605342051548,6491.007956675717,0.0931231931452229,0.078943365123004,15340.280600834596,0.1003627989159828,0.9356752121576516,146535.57923885933,0.0552288067384222,0.0783566392029344,3078.013098989442,-0.20068458443183398,-1.0216073100729373,0.24004605398653167,Normal,Normal,-0.3
2004-02-14 19:52:39,0.0764843989402414,0.4036831485979366,728.5948647033981,0.0913260545637853,0.2592761239573495,6633.305771705876,0.0986046457925538,1.0841907562129205,39068.68941562396,0.0559095897549114,0.1804936403703183,5131.741326163575,-0.6946344969467105,-0.40523521708587945,-1.2107751709382122,Normal,Normal,-1.0
2004-02-14 20:02:39,0.0780482951572494,0.4955016945782224,4638.368731053254,0.0936427761829496,0.1959175210334018,3402.3374647210453,0.101625420173255,2.2657625657465097,58490.71482841495,0.0556691533856216,0.0739516889829552,1065.4901086702428,0.6457144710176359,0.45196181882981146,-0.2263988654875132,Normal,Normal,1.0
2004-02-14 20:12:39,0.0765058122409051,0.3214339391366456,7804.711167949046,0.0933111596207314,0.1873608303243132,37665.43944198178,0.1010131982017077,1.6800658221566716,93731.94360680017,0.0556116052165878,0.182483096540869,1262.0968765569507,-0.6762820672054256,-1.1730951064350874,0.5708013246946209,Normal,Normal,-1.0
2004-02-14 20:22:39,0.0787050532074696,0.5518785151478065,3558.7055877228254,0.0932088679601155,0.1787709401374013,9465.020120841244,0.0998603495101878,1.161583151458868,55488.531720470586,0.055868345433567,0.0954062343460186,589.8175353575165,1.2085938777464593,0.9782829772695696,-0.49822911769468636,Normal,Normal,1.8
2004-02-14 20:32:39,0.0772206416072436,0.4224930257201391,7154.210163778221,0.0916592100719596,0.0936291783383467,14359.27439183303,0.0987635779826627,2.111803015565441,36126.89230354596,0.0559186534242487,0.1020522004770252,970.5374280638376,-0.06363220398402587,-0.22963048774773187,0.40702260063878104,Normal,Normal,-0.1
2004-02-14 20:42:39,0.0766811590058755,0.3061549297903347,3105.295244652826,0.0923178173189295,0.0358248105183456,5573.093444728783,0.098031461935936,2.1082288666399345,27277.694006166417,0.0542420825155616,0.0279221849877031,1182.0606569905212,-0.5259998087614443,-1.3157364582835243,-0.612385693911476,Normal,Normal,-0.8
2004-02-14 20:52:39,0.0756051849686291,0.389790037405521,2252.134758368634,0.0918590799876194,0.166108925971856,20960.07094758941,0.0990120275107871,2.85517808622574,15311.7730376263,0.0540271732484566,0.1447967999738968,2446.684494322071,-1.448171417526359,-0.534938139372873,-0.8271886457325789,Normal,Normal,-2.2
2004-02-14 21:02:39,0.0764314739805778,0.2740950474169192,4400.87354768005,0.09241911951725,0.2027258492693784,4669.476015160113,0.1006944187470034,2.104177091745033,65442.65307795048,0.0555292214387501,0.1121691039049386,1600.8372132156658,-0.7399942300883187,-1.6150402192927433,-0.2861937894812916,Normal,Normal,-1.1
2004-02-14 21:12:39,0.0773858846721052,0.468679864414069,15240.478789408946,0.0936024265594247,0.1185105362048148,45930.47138261322,0.1016602853775596,1.810123081357004,126483.24664277725,0.055422537087249,0.1129960418962392,1178.108488442815,0.07799060259470061,0.20155932041208607,2.4429283861597284,Normal,Normal,0.1
2004-02-14 21:22:39,0.0767322283221414,0.4150533719613865,1574.229940975299,0.0940399786161449,0.2258023524879679,3802.645437897407,0.0984953478339046,1.2217844085424554,23265.301174927143,0.0554354798990738,0.0438867805714648,1200.2265411942774,-0.482230468694489,-0.2990854010460868,-0.9978669157308081,Normal,Normal,-0.7
2004-02-14 21:32:39,0.0778740356581543,0.5209914178339541,7402.501475200216,0.0935259734771242,0.0830527127157871,26120.36230017833,0.099209691761708,1.9573301409064028,90498.02049241314,0.0553776743499241,0.0545241115329737,1583.0302332622002,0.49636406193681476,0.6899280705042363,0.469535700415898,Normal,Normal,0.7
2004-02-14 21:42:39,0.0761019791494856,0.4680643539839941,3761.473287583816,0.0937778953290366,0.2249148311448219,12887.65039745115,0.0972266679012084,2.20281228349556,15898.935386395337,0.0553591959494705,0.0801183418786872,1795.996118549027,-1.022390243328211,0.1958130552038711,-0.4471776436000367,Normal,Normal,-1.5
2004-02-14 21:52:39,0.0784487728453256,0.3924706247737952,11528.482327560569,0.0948752485792198,0.2047345819491473,39506.46422958448,0.1005224440987092,1.5061057425767466,106202.8550640007,0.0550006791506364,0.1314234305309161,2027.301149553391,0.988946873569665,-0.5099127861387776,1.5083471321365312,Normal,Normal,1.5
2004-02-14 22:02:39,0.0783861896418144,0.4702673332381755,3559.809211478109,0.0940637242964344,0.1908087820857544,11697.925105602057,0.0995783949372616,1.5092529048058465,28620.013700111936,0.0555717239601782,0.1666518943594592,996.8724088287788,0.935309470188371,0.21637956784798879,-0.4979512548023632,Normal,Normal,1.4
2004-02-14 22:12:39,0.076401252073244,0.4155701252808761,8877.284936716598,0.0936303906262711,0.2098816962753567,19092.937724255367,0.0998476676657059,1.5373777289705872,61240.84997657619,0.0551817380910569,0.1341659517689737,2100.077433595934,-0.7658961421616622,-0.29426110973285663,0.840846662331613,Normal,Normal,-1.2
2004-02-14 22:22:39,0.07758806582835,0.4161077726251578,1879.415231547372,0.0941648270238813,0.1372312705605622,15596.324682176211,0.0983603124955322,1.5632614779060097,11006.633887027276,0.0550317051727342,0.1589097750319852,1178.7360713713522,0.25127147709735725,-0.2892417565622547,-0.9210294363571728,Normal,Normal,0.4
2004-02-14 22:32:39,0.0763078773041936,0.259737428643497,4786.187377883702,0.0934489126077886,0.1845263582154275,15706.367328458302,0.1000866394699643,2.0615758865863034,24721.21981378917,0.0548323274251547,0.2137703902377388,896.1560086543486,-0.8459236874485578,-1.7490796785761376,-0.18918209070265224,Normal,Normal,-1.3
2004-02-14 22:42:39,0.0753586240373115,0.4605992204506139,565.0132194944075,0.0922180211657915,0.1953687518031706,5113.162751362513,0.0959584700717744,0.9200501900429864,9289.032224387836,0.0545868878057038,0.1020320194099957,876.9407171657284,-1.6594883107049432,0.1261202685319687,-1.2519606463786899,Normal,Normal,-2.5
2004-02-14 22:52:39,0.0768473247948489,0.2964954180069941,1268.763475766712,0.09256967155498,0.1588939650417717,7914.926104475736,0.0993082708842301,1.618788384035648,19542.407410273478,0.05545045384874,0.1684136331111911,915.1013656956012,-0.383586174570556,-1.405915460582799,-1.0747751873444398,Normal,Normal,-0.6
2004-02-14 23:02:39,0.0778728747327374,0.4005970384193849,4135.351001279438,0.0934793752841535,0.2401486444701874,10609.286365718974,0.1001472202442796,1.7676274830343344,80812.33356469052,0.0560414567355888,0.17259691901093,1196.2216706077622,0.4953690821117368,-0.4340464389291414,-0.353045252551639,Normal,Normal,0.7
2004-02-14 23:12:39,0.0775552395750723,0.4118224568468189,5845.925696533159,0.0938312559323584,0.2126892030572036,27656.024333997408,0.1015701619706022,1.9645873842933952,46046.56865608575,0.0560094753423472,0.1800752971934782,1987.339078935211,0.2231374908235854,-0.32924848879632373,0.07763162449325924,Normal,Normal,0.3
2004-02-14 23:22:39,0.0766644003005143,0.4049766158613508,6361.066387203064,0.0948316644379825,0.3758928634671683,33193.527157340584,0.1008413856439594,2.5845421273232567,64565.87815024978,0.0551415902083275,0.1076503257573699,1802.5635791731293,-0.5403629827310484,-0.39315970126916505,0.20733024830200164,Normal,Normal,-0.8
2004-02-14 23:32:39,0.0775650527128277,0.59416197100937,3800.667913144539,0.0930747801354675,0.0720388519285162,9294.041068487122,0.0985131076204932,0.951979566351143,20717.129156648352,0.0556625351764148,0.0954625860307265,784.098317157599,0.23154791404726235,1.3730316922033292,-0.4373094870206874,Normal,Normal,0.3
2004-02-14 23:42:39,0.0774949654992785,0.3910969739121195,3907.313507505885,0.0942920136485091,0.2325085429754856,7120.778662417481,0.1031360477036884,1.6449580480246446,60168.25867108003,0.0557112397665688,0.1492775450058969,825.3597244367908,0.17147914265022085,-0.5227368777690703,-0.41045898370295364,Normal,Normal,0.3
2004-02-14 23:52:39,0.0769625102144909,0.4719871514500311,4625.610494135787,0.0929666785483514,0.0788256861132703,30866.632932478555,0.098995085746481,2.6659848054667634,39111.091399766265,0.054484390235157,0.1324061693573854,1593.8804038931382,-0.2848656478101198,0.23243539902868507,-0.22961104771343968,Normal,Normal,-0.4
2004-02-15 00:02:39,0.0782745225402637,0.3734058194569596,1901.9307920155425,0.0935433425402029,0.2662208384534055,4120.8391954064455,0.0990667920994467,1.5414997243736537,45977.966171288725,0.0551837564203113,0.1939409411536701,1605.1770742987662,0.83960434430386,-0.6878974670485578,-0.9153606214879637,Normal,Normal,1.3
2004-02-15 00:12:39,0.0757647810712949,0.3936781309835528,1380.314707915587,0.0926530748823602,0.0749323232789995,8043.050253688096,0.0992183804126974,1.5209996645621675,17781.146208082613,0.0549816966170618,0.1351222196889829,1085.2645913864455,-1.311388382199055,-0.498639783143541,-1.0466895758679635,Normal,Normal,-2.0
2004-02-15 00:22:39,0.0749523728985614,0.3035741644560339,5903.723046620301,0.0939187468286251,0.1342219775185165,28689.01386736483,0.0959816912676253,1.0789968281242288,28330.24447019437,0.0555774221560844,0.0965274718325166,1978.9289394857503,-2.0076688924060733,-1.3398298957403925,0.09218344868782266,Normal,Normal,-3.0
2004-02-15 00:32:39,0.0760121051985718,0.5926312705867858,3033.825042909183,0.0931326478088679,0.1541149137672661,20297.421148697234,0.098831326529171,1.8195086650912355,23469.04759189466,0.0552234837211206,0.107018581696014,724.678145862658,-1.0994173862064442,1.3587414216364682,-0.6303799758180931,Normal,Normal,-1.7
2004-02-15 00:42:39,0.0778461664744361,0.4691571133496648,2403.515368686537,0.0926256990105202,0.2428250558039661,2778.000702056181,0.1004534832393674,2.6512130796458955,38785.55972389941,0.055559827955294,0.1744467905672304,894.0229627832706,0.4724785692625163,0.2060148077934097,-0.7890750639768316,Normal,Normal,0.7
2004-02-15 00:52:39,0.0777719026876432,0.3199102815576577,740.5579346970557,0.0937957037033313,0.2003862577088533,8103.077497468618,0.0982821487439033,1.048729949663187,22894.12272914972,0.0549580877237372,0.2118127096308173,1974.8389453430527,0.40883023448015915,-1.187319626617963,-1.2077631904388901,Normal,Normal,0.6
2004-02-15 01:02:39,0.0760942646286499,0.4232333804035528,6775.253732087182,0.0935077795372362,0.0960153122733205,14081.790901655617,0.1028725415961573,2.341060280683603,126751.42971142616,0.0547795430780848,0.0739348131874733,3058.23375461466,-1.0290020312000765,-0.2227187050204733,0.31161152447261153,Normal,Normal,-1.6
2004-02-15 01:12:39,0.0779198171224151,0.3696095439516784,2205.679998816569,0.0939066051365997,0.1433781713127828,4967.6138504649525,0.0993406917978478,1.9232554796178916,47821.308086533405,0.0569602353243306,0.1568990627918345,2228.707096164781,0.5356014088313843,-0.7233386306599386,-0.83888470953106,Normal,Normal,0.8
2004-02-15 01:22:39,0.0768540240691728,0.3818657000263892,3712.3792609825264,0.0929651968858844,0.1593512848962888,30094.544444347703,0.0972674796509925,1.2397175364146626,23675.441500334844,0.0557266552685685,0.1734304377367133,1383.498160418172,-0.377844511326864,-0.6089179485766273,-0.45953820412795116,Normal,Normal,-0.6
2004-02-15 01:32:39,0.0767432976893381,0.3646884901407135,5593.560823293279,0.0920115702112205,0.0912312006396023,38748.82548197785,0.098752892560484,2.388011795011338,48450.47885359012,0.0554117502028845,0.2647810317945565,1960.6521103499888,-0.47274338461770243,-0.7692804683933139,0.014092910992845927,Normal,Normal,-0.7
2004-02-15 01:42:39,0.0758298664929838,0.3324219979978515,4307.205278284675,0.0932577134774752,0.0887862048437639,30380.860730680688,0.0982145210173723,1.8348007122721528,36732.52795607977,0.0548719194038489,0.0790094883715726,1348.894720311121,-1.2556064339843975,-1.0705130911599254,-0.3097769500724851,Normal,Normal,-1.9
2004-02-15 01:52:39,0.0784444861181699,0.56474034220826,12085.916493512224,0.0927770368380728,0.2819338410997183,47742.3450150906,0.099001531662315,1.013351977434276,87899.37996303449,0.0547391702331383,0.0936744713375516,3333.253307109026,0.9852729019489116,1.0983580657494951,1.6486941198572735,Normal,Normal,1.5
2004-02-15 02:02:39,0.0773195448235357,0.2586474375706968,15252.075416405269,0.0938115701465409,0.1457047950575294,38371.5050026644,0.1030255100103397,1.2153610199508815,216168.314440483,0.055861584746502,0.1611045240253164,3461.034393870619,0.021133538425082594,-1.759255587013846,2.4458481061303843,Normal,Normal,0.0
2004-02-15 02:12:39,0.0774024758112991,0.3167613458612375,2559.7549857299173,0.0924173667539514,0.2315341547231755,5748.335538206566,0.1010263651966344,2.63813449242954,60453.77264585568,0.0554544836407244,0.191230016319793,958.4637695062185,0.09221016272537645,-1.2167173731891197,-0.749738114514386,Normal,Normal,0.1
2004-02-15 02:22:39,0.0770157311954025,0.3112997957537105,12179.531915920932,0.0937415540466346,0.1733552682663801,34460.437215510094,0.1014285912889426,1.786866967898007,104025.7384507809,0.0543932130955634,0.1602884883983946,1398.3835736103256,-0.23925220744040016,-1.2677051612628099,1.6722639749931472,Normal,Normal,-0.4
2004-02-15 02:32:39,0.0752119894656098,0.3649192576756848,6938.145726005168,0.0916649418931012,0.1580620288811207,13675.366581429153,0.1009076259487328,1.5346710413407545,42333.74321454301,0.0545161252305797,0.1177366423054611,1180.133671909593,-1.785162568824381,-0.767126075238303,0.3526233641957576,Normal,Normal,-2.7
2004-02-15 02:42:39,0.0768884849072221,0.404782937150947,7969.370366744062,0.0943218825580621,0.1525668792908909,43261.5278645314,0.1005523264839164,2.172177168388445,74874.09667314321,0.0559433778336408,0.086156616899033,4464.071795988667,-0.3483095919298917,-0.3949678416040575,0.6122580992572974,Normal,Normal,-0.5
2004-02-15 02:52:39,0.076371731402541,0.4449028052797281,6078.291040609228,0.092937035031621,0.202982388998246,12886.429412448746,0.100237327752689,1.6096741680949913,43166.854550443255,0.0545492059441805,0.1254351692328579,1141.4553652084214,-0.7911970541275977,-0.020417889041058984,0.13613499239518012,Normal,Normal,-1.2
2004-02-15 03:02:39,0.075864696646501,0.3650362834636387,2049.0908315405845,0.0917706731222589,0.2236217662440514,2854.5805035867065,0.0979881801405946,1.3779147598799515,36416.08551783931,0.0563455334576308,0.0671774290023972,2519.500969922516,-1.2257549899991103,-0.7660335491316346,-0.8783096663766183,Normal,Normal,-1.9
2004-02-15 03:12:39,0.075098837218445,0.3680355169904707,4613.218264631279,0.0939715146022486,0.130892805246805,19093.328854935568,0.098782367124338,1.4579274185596027,74602.15363114137,0.0547067528609928,0.0641373773472815,1911.6756976544216,-1.8821405498826995,-0.7380333879248631,-0.23273107907917515,Normal,Normal,-2.8
2004-02-15 03:22:39,0.0779951132784131,0.4231812112270345,4192.345712364657,0.0923853937932188,0.1630316065566464,4305.304543239041,0.1006523701130529,1.1423116064384775,38833.97060377194,0.0559383427834555,0.0869704820282577,1773.7251421911149,0.6001345433744784,-0.22320574457223494,-0.33869551135275056,Normal,Normal,0.9
2004-02-15 03:32:39,0.0779653456170592,0.267938429937038,2287.834711456396,0.0936589769059972,0.1168279274847297,11089.525464268852,0.0985138771157393,1.355326219401241,52457.76708746766,0.0554940012946219,0.0493848937009855,2078.6703239858475,0.5746219462209738,-1.6725169980706824,-0.8182003540495862,Normal,Normal,0.9
2004-02-15 03:42:39,0.0779880759490473,0.4842177956348408,2476.375370767624,0.0927701626395678,0.1474574297011011,5907.5024828314845,0.0999139006786749,1.442677682406618,63823.27308855164,0.0548548190396705,0.0795576824895767,1627.4629273320124,0.5941031475247455,0.3466179079175685,-0.7707308675819976,Normal,Normal,0.9
2004-02-15 03:52:39,0.0778336241406951,0.3371091909595982,1562.2886700559966,0.0949616015119729,0.1346409427931267,9248.276996634855,0.1011599271420012,1.929265662031491,8025.742530890159,0.0558899308909932,0.1857901031001763,1570.991576918124,0.4617290681749232,-1.026754525058946,-1.0008734078072674,Normal,Normal,0.7
2004-02-15 04:02:39,0.0789731544947989,0.3611321322444012,7838.65458807652,0.0938621334599648,0.0835641604156998,17644.145050502422,0.0999756896719928,1.292561866413755,35318.48589676491,0.054653300020447,0.1719155645138421,931.6265216546608,1.4383720944041116,-0.8024818158425401,0.579347368440787,Normal,Normal,2.2
2004-02-15 04:12:39,0.0786314276610543,0.4299032321679883,1108.9963495118402,0.0945033168957411,0.1869985264749196,5576.095571128626,0.0993932518124816,1.4787873388820616,20150.335991358268,0.0550065510125555,0.1307453493454562,1030.9490024669406,1.145492551660799,-0.16045048783808913,-1.1150002691142131,Normal,Normal,1.7
2004-02-15 04:22:39,0.0772709316302062,0.4383060832869869,3379.9453526646103,0.0937765550932441,0.1732713202089812,5336.917241300112,0.0990292407692988,1.4656129197985166,41003.64904356136,0.05561434501182,0.0816530847733623,721.103665366805,-0.0205307630803695,-0.08200338332836461,-0.5432361553810849,Normal,Normal,-0.0
2004-02-15 04:32:39,0.076864965363881,0.3077839773743682,1636.9254656842652,0.0944205795873408,0.171468148855677,4260.58269469671,0.0994383738078357,1.3320678602886336,7497.932236731757,0.0557110101361537,0.1648027140832368,962.2862158118668,-0.3684671927357428,-1.300528041013456,-0.982081862402667,Normal,Normal,-0.6
2004-02-15 04:42:39,0.0785943268492747,0.5275230618433251,1110.8112683781062,0.0929930186286684,0.1780465333295691,8750.397249407159,0.0990286207346612,1.53591658886213,40736.0981912206,0.0551190468547114,0.1148847772075707,1267.205098840187,1.1136950230021745,0.750906011558666,-1.114543321170588,Normal,Normal,1.7
2004-02-15 04:52:39,0.0740658757801332,0.1608655511931611,2597.458399263265,0.0916876842619143,0.0657767039856094,19660.44679057188,0.0952161962243687,1.0032136619060197,7565.187199623996,0.0547526638550011,0.151650122238379,1738.8864333487568,-2.767447888522489,-2.672125010878007,-0.7402454051696671,Normal,Normal,-4.2
2004-02-15 05:02:39,0.0771829730453874,0.336034830856613,13900.757911794512,0.0934297713149762,0.1766854765083216,37832.80087368751,0.1018391252018348,2.1379282821612517,117648.32878595336,0.0550614988203531,0.1282954185588365,676.6042723512207,-0.09591632709881985,-1.03678450632202,2.105622564155122,Normal,Normal,-0.1
2004-02-15 05:12:39,0.0776099066319621,0.5830624514456058,4859.949492001983,0.0931508529026137,0.1386445239317457,12145.945478504083,0.0993999894877069,1.3768200203253045,33303.97410535543,0.0552222630815122,0.1121470471856254,337.81634624959725,0.2699903014430036,1.2694091051914445,-0.17061076666703098,Normal,Normal,0.4
2004-02-15 05:22:39,0.075354838656747,0.3873433248055256,1169.3860295560978,0.0921459750227356,0.1470564392365472,5172.118657635113,0.0979584077974071,1.6153815372384397,31060.578037367104,0.0547830647160917,0.1825131615555699,742.2532345946369,-1.6627325994741113,-0.5577800910293929,-1.0997957656924295,Normal,Normal,-2.5
2004-02-15 05:32:39,0.0765868073658903,0.3295190812445909,2404.177570465231,0.0936651931520088,0.1396924782504509,2147.548145575697,0.1005144656877804,1.7457821110674008,50079.831703605865,0.0545623970860999,0.16968791837383,1447.247860499204,-0.6068645886007665,-1.0976140609023481,-0.7889083393112482,Normal,Normal,-0.9
2004-02-15 05:42:39,0.0740066815633266,0.346576183254911,1412.7109578046766,0.0916838714027206,0.2323042723777288,4292.678701802804,0.095460159699446,1.1559215477170586,45340.41504080686,0.0547909873512229,0.1499321570948861,1571.9369689735313,-2.8181807354616395,-0.9383728408584445,-1.038533068134678,Normal,Normal,-4.3
2004-02-15 05:52:39,0.0772364486116537,0.412106396846204,1035.7827271149772,0.0923972066613927,0.1368844570023872,2197.7273602489136,0.097774795798096,1.8939994196155825,7486.962533044869,0.0557983924114586,0.0906904793301626,1705.2570445824351,-0.05008469244376224,-0.3265976896222325,-1.1334334976300533,Normal,Normal,-0.1
2004-02-15 06:02:39,0.0763822284580565,0.2227278037888735,3971.279977296171,0.0930075851136447,0.1642010710290971,18103.07022028332,0.0998395756658682,1.849209872779856,27906.59486736487,0.0559746973912934,0.103943984272254,2505.299636962838,-0.7822004740643809,-2.094593108211001,-0.3943539404556132,Normal,Normal,-1.2
2004-02-15 06:12:39,0.0765719723094512,0.3681107468870848,3061.337526844895,0.0937135165990444,0.0614898807960839,4506.086874117803,0.0984925419031658,1.8418291128234072,41258.76229684643,0.0546119849161736,0.064595769952775,913.602042301236,-0.6195790848515949,-0.7373310587417842,-0.6234530695017204,Normal,Normal,-0.9
2004-02-15 06:22:39,0.0762263158017172,0.314020768717103,2439.4226940422345,0.091303575614112,0.1575569971208539,3910.254448614696,0.09703735462882,0.8276182697372154,40838.84690726785,0.0549745950736849,0.1221975628370133,3009.9217006140275,-0.9158265841247936,-1.2423027773094897,-0.7800345615128726,Normal,Normal,-1.4
2004-02-15 06:32:39,0.0761112842349321,0.2386430073686622,5843.140047609748,0.0928160860523547,0.211966136282736,22680.132729818462,0.1007987596223597,1.5479287973627622,66955.48021588934,0.0545766877315763,0.0682602134706882,1729.4653658198272,-1.0144152501417096,-1.9460123918759937,0.07693027272989754,Normal,Normal,-1.5
2004-02-15 06:42:39,0.0762350372742292,0.480251076003642,886.0433990751319,0.0921169807080411,0.1479794395080707,8087.136483774025,0.0998910967062224,2.516356009482404,5981.793023469119,0.0562194474317495,0.0779636595659702,1428.8651877493098,-0.9083517807756558,0.30958551676096846,-1.1711338484828624,Normal,Normal,-1.4
2004-02-15 06:52:39,0.0770855250603388,0.4056871758192346,5910.716507204477,0.091795121525806,0.1234237445705979,8742.52940355533,0.0993924579299625,1.4056862911326968,44421.13307693517,0.0549583742517064,0.0869503485441329,935.1806216720396,-0.17943485266951373,-0.3865260753144574,0.09394421468797846,Normal,Normal,-0.3
2004-02-15 07:02:39,0.0774851308820763,0.6670576458997246,1717.4925715343527,0.0947618888381393,0.2494487402172689,10719.32335131732,0.0995290977985521,1.7774883413818363,7230.659059797445,0.0559119957570041,0.1909737100625865,1848.788629546038,0.16305031030575712,2.0535691128296816,-0.9617972237742938,Normal,Normal,0.2
2004-02-15 07:12:39,0.076106518115135,0.3022605356791521,1266.7133377522712,0.0928096674651945,0.1575288579671943,9513.622781047898,0.0997389448956938,2.0953473490254284,25615.68725163058,0.0548132848076654,0.0986527666645114,2483.6799665565272,-1.0185000888169176,-1.3520936348555643,-1.0752913571673772,Normal,Normal,-1.5
2004-02-15 07:22:39,0.0763500355578666,0.4431342835395671,1182.0287409794898,0.0910308300067551,0.2110712952782831,11696.511460826625,0.0969549672468003,1.0838781577451764,8409.86484547393,0.0555677966928406,0.1064955904132429,771.9361880497054,-0.8097916403297974,-0.03692840527101507,-1.0966126696906506,Normal,Normal,-1.2
2004-02-15 07:32:39,0.0770615609735975,0.3695245233286552,5533.579571161171,0.0929306649932827,0.1046021028292378,9927.34178710148,0.0999109970134356,1.191568844293232,89937.87414276527,0.055032411880835,0.1726538193307054,3118.6298529186315,-0.19997345272660333,-0.7241323638351822,-0.0010087612236177952,Normal,Normal,-0.3
2004-02-15 07:42:39,0.0769959576226854,0.3919277969191701,10806.05852737282,0.0930241300390992,0.1795568829991811,18599.575892906763,0.1001105782665317,1.814513547774225,77055.49966807304,0.0554766411640408,0.1796566271948649,933.2202726285328,-0.2561992960618259,-0.5149805033742147,1.3264601750623657,Normal,Normal,-0.4
2004-02-15 07:52:39,0.0772802709829819,0.4806387098295492,1463.42056553407,0.0926138570283727,0.141732576082592,3209.871867668904,0.0995583266251026,1.4154892453817682,21980.214028317198,0.0547163914754413,0.1830564853694962,2163.7212349301485,-0.012526400822671292,0.31320437788581873,-1.025765747564776,Normal,Normal,-0.0
2004-02-15 08:02:39,0.0778043576312165,0.3735755677580297,580.2219325170397,0.093214403131554,0.27528274191683,4347.409201635326,0.0985323124744492,1.878115095239072,16329.031356714157,0.0553363353481744,0.1538619224786321,1411.8543425203734,0.43664598699028656,-0.6863127355656585,-1.2481314999247912,Normal,Normal,0.7
2004-02-15 08:12:39,0.0768502967803923,0.4013357758732137,2119.076557119219,0.0917577778442889,0.1042970447566125,20304.56404405521,0.0990770553187013,1.529278804135804,39833.85151687043,0.0558662875967586,0.1087769926525945,2930.92011968413,-0.38103901209738117,-0.4271497542890044,-0.8606891357949609,Normal,Normal,-0.6
2004-02-15 08:22:39,0.0765963059931539,0.342578328673436,1141.2819675084413,0.0923144933032084,0.2444516701839258,8085.874359386001,0.0976575947407413,1.3457910709276852,31530.016082873244,0.0542608432603855,0.1228551667404413,2292.975939820304,-0.5987237189500936,-0.975695900820624,-1.1068716155273095,Normal,Normal,-0.9
2004-02-15 08:32:39,0.0764039940873512,0.4208639557564058,681.3838858240697,0.0933216555601344,0.0604165607067881,4043.1677744910394,0.101055370419513,2.170829161397191,25430.66793577574,0.0559026510684813,0.1404147590100559,1786.7839586453638,-0.763546078430603,-0.24483911394958102,-1.2226616305020057,Normal,Normal,-1.2
2004-02-15 08:42:39,0.078077952396247,0.352352808390969,5614.634283193469,0.0937561878166249,0.1622673333683861,23473.937953029388,0.0994503762876239,1.487518930269374,56159.551964851686,0.0551976203737251,0.0579119151846696,1900.507708301992,0.6711324298634972,-0.8844435840687743,0.01939864357706288,Normal,Normal,1.0
2004-02-15 08:52:39,0.0771305745934086,0.4000626852348463,1565.8456579731214,0.0927625415312028,0.1908797847067096,12348.056578575954,0.0991631522377074,1.1039677900883813,20796.255217325805,0.0555883126029822,0.1726839499246648,2041.4393477404956,-0.14082481288510448,-0.4390350385745435,-0.9999778535516806,Normal,Normal,-0.2
2004-02-15 09:02:39,0.0766775226547438,0.3703430496021007,4825.364398082861,0.093632259658881,0.1592564961362295,2456.134044855806,0.100711251369168,1.2898324339563452,52904.30356853094,0.0550282305034765,0.209498507517889,1371.965704035459,-0.5291163707388415,-0.7164907889449936,-0.1793183666816464,Normal,Normal,-0.8
2004-02-15 09:12:39,0.0761684553719582,0.3379413350421916,1999.982723253264,0.0934651424934885,0.2387132264361025,14408.146231914046,0.0982182379480766,1.86887432717128,11626.386923885106,0.0553450451570644,0.2265998296030811,1212.1879564953567,-0.9654162988833728,-1.0189858174036646,-0.8906737722957865,Normal,Normal,-1.5
2004-02-15 09:22:39,0.0776900907150487,0.4444621380077156,6491.621379330691,0.094255090939263,0.2023927181010405,26012.78528166117,0.1004469661939977,1.3970354814512334,45753.73527094102,0.0558641510195995,0.1244062576085731,1900.5373574882544,0.3387126705129373,-0.024531858341719108,0.24020049737569543,Normal,Normal,0.5
2004-02-15 09:32:39,0.0770459766602465,0.4245121177058362,5133.6554429635,0.0928566798258544,0.1322334954002619,36065.26376647532,0.0989775291140936,1.5516425183322076,63732.792566052754,0.0556722705571128,0.2032461850659075,1088.3385755211732,-0.21333010522647627,-0.21078070476649957,-0.10169894158521216,Normal,Normal,-0.3
2004-02-15 09:42:39,0.0761898357030196,0.2049135347984658,1259.678666047183,0.0923766642377993,0.0771194211531018,5394.765417855902,0.0998780286422832,1.5578290875999334,26744.159258188567,0.0545452350440955,0.1337479252544131,957.6415107453936,-0.9470921259867134,-2.260903066755334,-1.0770624990236142,Normal,Normal,-1.4
2004-02-15 09:52:39,0.0762667674955399,0.4773930745507346,1075.5096647568696,0.0927900725217614,0.2013844918656264,7767.17110701821,0.0984629609929541,1.4603158899595758,9398.3973162363,0.0567389775398325,0.1835502639085815,683.8383953426745,-0.8811571569096024,0.28290386603431733,-1.1234313191308385,Normal,Normal,-1.3
2004-02-15 10:02:39,0.076879729910385,0.3443925457307482,7366.786552825383,0.093907615682665,0.1922689946866378,30503.090029902683,0.0989743656146788,0.9572935466525324,81942.23933281968,0.0554753926480302,0.1368213340681161,1492.6067055874787,-0.3558131275529824,-0.9587587835156999,0.4605436398674912,Normal,Normal,-0.5
2004-02-15 10:12:39,0.0775939318614461,0.3416938055017189,1534.9439341251973,0.0932563581738197,0.3395565198307921,14301.028056292223,0.0987169500666868,1.4612554368228334,27590.46509995153,0.0552047524880387,0.1090931433746567,1479.0764440331466,0.2562990047049423,-0.9839536077239488,-1.007758079670455,Normal,Normal,0.4
2004-02-15 10:22:39,0.077518064615913,0.4184945898308085,3247.106650526905,0.0928532759754603,0.1186474792387479,24343.16409840233,0.0984237837666155,1.1792154697306492,36365.39317254668,0.0551094157570022,0.0388069927799588,1931.4062883291904,0.19127641359775424,-0.26695897466767277,-0.5766813814481516,Normal,Normal,0.3
2004-02-15 10:32:39,0.077267901571618,0.3435785290994704,5745.689012768285,0.0938767057830209,0.2187429212345368,26215.789918360453,0.0991161745854486,2.007035666171456,23649.969600878256,0.0546208535861933,0.1493200654651119,1218.6792454083106,-0.02312769749160764,-0.966358257413568,0.05239471315055406,Normal,Normal,-0.0
2004-02-15 10:42:39,0.0762995887675271,0.2913308967098595,814.8467690555585,0.0922673520689333,0.1844598748438679,4907.217196471193,0.0973081031741929,1.4759843638481422,14417.096272664065,0.0547048423395098,0.1648891300017418,1838.061675697332,-0.853027439888173,-1.4541302553234796,-1.1890592523591323,Normal,Normal,-1.3
2004-02-15 10:52:39,0.0778144436880735,0.3765801214698361,2125.049595937435,0.0932588072353122,0.133251278579884,5831.661973173067,0.0990766137422197,1.081262938173512,27125.556636525933,0.0554174066954034,0.4400884872394792,1796.6440115689895,0.4452903175744288,-0.6582629063235038,-0.8591852846554375,Normal,Normal,0.7
2004-02-15 11:02:39,0.0779844341689817,0.2728455757651256,1937.923145386332,0.0940543572576019,0.1424818008539361,13250.328498943438,0.09807659783541,1.156337070287356,10686.22120796238,0.0547141274460947,0.0698834476395418,934.4850225321264,0.5909819326388692,-1.6267050020982579,-0.9062987112479499,Normal,Normal,0.9
2004-02-15 11:12:39,0.0771727857938762,0.4433362853016818,5638.520798978439,0.0928651544663686,0.1756563086517664,20588.628581856123,0.1015606877242155,1.969244246437748,107551.05362955412,0.0568884161717589,0.2384610392922952,2088.5669359799263,-0.10464738731940543,-0.03504256282071472,0.02541262826320304,Normal,Normal,-0.2
2004-02-15 11:22:39,0.0765723166538297,0.4935185749376494,2203.6070419377816,0.0916719735383823,0.097985203704574,8887.066040877755,0.0986914563903741,1.1001576680302805,13623.694316836078,0.0546701338498109,0.0451062354636513,980.048442324733,-0.6192839619225131,0.43344786547086406,-0.8394066245326568,Normal,Normal,-0.9
2004-02-15 11:32:39,0.0782258358631237,0.4387350438105728,3444.523419327595,0.0943675990475544,0.1910661766610375,16605.033709822073,0.0972656378012039,1.3498165592052145,12186.329549066444,0.0561693019229865,0.1294558445449936,1622.1866794079133,0.7978770629481664,-0.07799870556509823,-0.5269771284276398,Normal,Normal,1.2
2004-02-15 11:42:39,0.0782152915735631,0.2898784257899969,6404.848884100293,0.092902420928914,0.1874895956376812,38340.76228891747,0.0989748310809369,2.182691212656004,83454.04934440112,0.0554148510138809,0.0897256862743138,2734.3304421447774,0.7888400005927725,-1.4676901930677266,0.21835350796160377,Normal,Normal,1.2
2004-02-15 11:52:39,0.0773825221631352,0.5335850965343232,15971.484241654738,0.0933378257033623,0.1828170749711293,51495.03816829607,0.1012638700955022,1.7359995932883248,129307.47951286698,0.0549446289991967,0.1119800738313694,1760.2618304543942,0.07510873909333052,0.8074997869584348,2.626975973294948,Normal,Normal,0.1
2004-02-15 12:02:39,0.0772641964605049,0.3621181761247998,2108.2475744013573,0.0929708140527176,0.1785821571261263,8156.836959713824,0.0985981058368231,1.947238003960396,23088.687700137278,0.0549097479499029,0.1900486568389241,1898.7268440872035,-0.02630319072614888,-0.7932763347217441,-0.8634155835037002,Normal,Normal,-0.0
2004-02-15 12:12:39,0.0769938388489827,0.3984708522721947,3520.8438095419424,0.0923946705523883,0.2255155445680206,11126.999944732326,0.0985799477759834,1.6224322874804704,16677.026577830537,0.0552153556363343,0.0837536936546734,882.6657777958361,-0.2580152069354961,-0.4538960286140809,-0.5077616990146098,Normal,Normal,-0.4
2004-02-15 12:22:39,0.0769098260165151,0.4044590198688453,4338.770576313857,0.093820048830194,0.2027519344012187,5452.134172249919,0.1017925097394818,2.127628574752737,60455.60250493432,0.0558326251509814,0.1641142301252336,1207.4940623124476,-0.3300190343436528,-0.39799185958577377,-0.3018296537539321,Normal,Normal,-0.5
2004-02-15 12:32:39,0.0773235519712663,0.4491927431890046,1672.6888019455937,0.0924280952048841,0.2109924697695162,2616.587304692535,0.1012406797890088,2.3429451615021613,66341.8987933893,0.0540950114490409,0.1476612132490835,1095.578474588926,0.024567894405209713,0.01963199435486987,-0.973077612534788,Normal,Normal,0.0
2004-02-15 12:42:39,0.0783128544609895,0.393811964381086,8609.093126378657,0.0932848596454028,0.1536347197199172,22457.60193741843,0.1033332414524121,1.75782908656711,144826.27215423514,0.0557852462679145,0.1009076923020511,5491.12104042472,0.8724570041070898,-0.49739034502134927,0.7733231501191106,Normal,Normal,1.3
2004-02-15 12:52:39,0.0783206512617362,0.3138460014873265,3018.165595417204,0.0932519536281613,0.1061207876992109,8853.455924220012,0.0982418412643004,1.480287213451316,27449.84054517195,0.0549114543812638,0.0603842342244371,1110.5923672705203,0.8791393105930345,-1.2439343643678578,-0.6343226051348994,Normal,Normal,1.3
2004-02-15 13:02:39,0.0786346659772862,0.6568070391325245,9283.084409653777,0.0930588497227359,0.1440400248346929,28746.653739844427,0.0989377667498773,2.1442872997827225,69926.14870805561,0.0563939408314403,0.1035297919749469,1500.4672016784295,1.148267974845644,1.9578717823680571,0.9430160970812176,Normal,Normal,1.7
2004-02-15 13:12:39,0.075895809993763,0.3326513606656682,1328.5464165991127,0.0933584330496414,0.2201012112829437,3900.7441636578633,0.0977615262545803,1.525199720946924,5334.552833376854,0.0554007285390386,0.1027168409003769,1023.0594062900434,-1.199089062657514,-1.0683718135247469,-1.059723444599912,Normal,Normal,-1.8
2004-02-15 13:22:39,0.0759920839704496,0.3630223685147573,1421.0903123976825,0.0930884156326661,0.1127507255682047,7465.77822131422,0.0997278785288214,1.49747355327,14666.171235287618,0.0547876368923683,0.1924248707038658,2151.5604167713345,-1.1165767297479905,-0.7848350004760951,-1.036423371155189,Normal,Normal,-1.7
2004-02-15 13:32:39,0.0767133287926754,0.3933019145314724,3806.133833104693,0.093503430178139,0.0854002335150054,2565.763812802706,0.099726213583898,1.34223923887075,67369.27887471588,0.05560718508613,0.1145241749881633,2788.302565821031,-0.4984284520000764,-0.5021520542663629,-0.43593331482245,Normal,Normal,-0.8
2004-02-15 13:42:39,0.0788765361751159,0.3171912838501538,10722.696179662496,0.0938223652999046,0.1502499330893627,19897.32090650473,0.1000511204784053,1.949563791329592,71688.0504722956,0.0553684273222621,0.1777078053391108,1333.7819948967883,1.3555646397500483,-1.2127035700321218,1.3054717694261606,Normal,Normal,2.0
2004-02-15 13:52:39,0.0769864125339254,0.3960282953144132,6163.046292821522,0.0938136333521646,0.289294221539206,13125.41533710957,0.1002014925603811,1.8389831859347403,66625.90357586145,0.0541618144861996,0.1251201700682207,2844.3533694095518,-0.2643799858860326,-0.4766991841412344,0.15747409406506035,Normal,Normal,-0.4
2004-02-15 14:02:39,0.0787001879291156,0.3987174692024569,4119.021746140352,0.0935459967910172,0.2903457037095736,25762.31878566655,0.1004562239469884,1.3216282914353208,42714.247509082445,0.0551519500802668,0.0791074823382906,1962.8855179568288,1.2044240544872675,-0.4515936691139342,-0.35715652148791177,Normal,Normal,1.8
2004-02-15 14:12:39,0.0790966471466632,0.5847783239420155,9024.78280623383,0.0932224393231553,0.2044217942734003,17639.288633128945,0.1002677523831503,1.7482914167519752,53328.96881675733,0.0556296693089386,0.1845096686816054,1864.4884424360184,1.5442123967703203,1.2854281000712746,0.8779826739835539,Normal,Normal,2.3
2004-02-15 14:22:39,0.0785228525902252,0.3972197475329144,2071.893469450302,0.0925244082028156,0.1695574054154112,8101.748511407026,0.0979483865399591,1.3088246263425942,15903.16797243808,0.0559320401490449,0.1450767894257656,777.2385368919229,1.0524374738687126,-0.46557605755247655,-0.8725685730992587,Normal,Normal,1.6
2004-02-15 14:32:39,0.0776578869923034,0.4890323080068861,5661.954342923891,0.0929490604149996,0.1791280389530256,20305.653488225977,0.09614868704008,0.933464270464011,42729.40471595739,0.055572688270774,0.11578821929904,2884.816442985128,0.31111222869534877,0.39156509903931347,0.03131256677657183,Normal,Normal,0.5
2004-02-15 14:42:39,0.0773441859204887,0.4460425802924233,3834.363494383329,0.0933676479075126,0.1482686310195058,13062.919980493629,0.0980734363922323,1.2486175947363725,48298.74004639724,0.0551322801138033,0.160337471431363,355.7698843261777,0.042252375155592235,-0.009777209077526822,-0.42882584246637445,Normal,Normal,0.1
2004-02-15 14:52:39,0.0794866337894106,0.4256197320515729,4714.084057496249,0.0943892316463125,0.2317270873478683,4115.920397921262,0.0994973764965061,1.450463067295762,68499.70355194598,0.0563186633870435,0.0755936756912962,700.3619724733305,1.8784533703346624,-0.20044026946591176,-0.20733577492070954,Normal,Normal,2.8
2004-02-15 15:02:39,0.0787943463926029,0.439388905842216,9016.902121085346,0.0927707489742018,0.2337061954329304,24327.65289905117,0.1009284131455465,1.4946714277025022,142690.85106935797,0.0561386489006515,0.138942811454477,2129.938038548284,1.2851232709619798,-0.07189439853825097,0.8759985286094053,Normal,Normal,1.9
2004-02-15 15:12:39,0.0781785172947546,0.3073003909672294,3084.2302876215726,0.0941284815819413,0.2605132350056682,7137.09481066283,0.099013961639808,1.4747124129758218,15166.852981424065,0.0557816662274387,0.1181645904367467,504.6927090906641,0.757322329463088,-1.3050426935859059,-0.6176892857011111,Normal,Normal,1.1
2004-02-15 15:22:39,0.0793448060189669,0.3604415941491075,13976.858348449094,0.0945303899754266,0.1789458973336377,32861.738430258694,0.1036831225059224,1.5894168360151708,211334.48950271576,0.0567354916751851,0.1096437245248456,3610.495698138727,1.7568988172412496,-0.808928522247581,2.1247826151549924,Normal,Normal,2.7
2004-02-15 15:32:39,0.0779101486313922,0.3972290693037701,2209.6856659034265,0.0944202693062214,0.0998474569618741,12561.752324322622,0.101081249468636,1.2150442138380804,55244.10904314727,0.0557047523429891,0.266619248884572,2517.3385239926747,0.5273149561733552,-0.4654890316225656,-0.8378761898819408,Normal,Normal,0.8
2004-02-15 15:42:39,0.0774122518615835,0.4460789635914914,3318.4026974032863,0.0923513607269811,0.1414606321327336,4162.807545458485,0.0988328672281202,1.2869179236684225,36569.885419719954,0.0555557464786215,0.1257873171973695,2565.4915610564776,0.10058879985421239,-0.009437542882804753,-0.5587309470710008,Normal,Normal,0.2
2004-02-15 15:52:39,0.077176067599718,0.280075909188402,2397.970379834276,0.0929151573471398,0.1295671908636397,3835.987977136885,0.0980792974280728,0.8550665562019057,8405.61812096412,0.0543709961708388,0.0445009287482593,946.7202261970396,-0.1018346910386147,-1.559204255784486,-0.7904711436036181,Normal,Normal,-0.2
2004-02-15 16:02:39,0.0761360826164038,0.4173530396895368,3242.3458880581265,0.0919030904123672,0.2180168554659194,4723.65504628848,0.0969680898503149,1.2311310271812328,13733.702911169672,0.0550188155848467,0.1438112056491221,1020.5100232070358,-0.993161611536226,-0.2776162268273546,-0.5778800138832596,Normal,Normal,-1.5
2004-02-15 16:12:39,0.0773241989178113,0.3020741693814583,15362.392327697247,0.0933940414194409,0.141857793618279,46324.47565954895,0.1009505170108881,1.293623764417645,191868.61415496483,0.054763584573259,0.1402922397215804,4886.9910167674925,0.02512236478789317,-1.3538335081706134,2.4736229486861028,Normal,Normal,0.0
2004-02-15 16:22:39,0.0766385728573371,0.373996402556179,1819.505612501713,0.0912652649368004,0.122106631568212,8805.898431670643,0.0994886098812007,1.7525901169932414,61678.14027976826,0.0549393139987773,0.1000585010943768,3128.8657044710817,-0.5624985863799539,-0.6823839177246396,-0.9361130732817253,Normal,Normal,-0.8
2004-02-15 16:32:39,0.0780655642663187,0.3386926978437445,2768.922906594976,0.0934227373893964,0.2568576802751403,9577.115001428649,0.1009247689339688,1.3721766399560051,72300.68362142492,0.0560451208082046,0.2016027221022467,2933.564571046071,0.6605150903087148,-1.0119712653922797,-0.6970752362512556,Normal,Normal,1.0
2004-02-15 16:42:39,0.0757887228918532,0.4080605046318513,4982.488123394377,0.0918656423274467,0.1194137112868642,35678.519795791435,0.0987879896269341,2.178945672277532,36516.89146203882,0.0538954368683878,0.0959517968472831,2316.9458752277237,-1.2908688655409093,-0.36436921798559974,-0.1397588224450897,Normal,Normal,-1.9
2004-02-15 16:52:39,0.0769343470109417,0.468162355143447,13070.22484422742,0.0931472459272313,0.0735805649199381,36632.7858050546,0.1006141116488667,1.7573328281635172,108844.3566952122,0.0552340448186736,0.1704951150511484,1722.3808203091455,-0.3090031323830697,0.19672797171123305,1.8965165901133045,Normal,Normal,-0.5
2004-02-15 17:02:39,0.0773290468979194,0.4112921301260361,6492.818458554361,0.0935705553479565,0.1427063066611862,23315.299878207923,0.0977309371897372,0.9554695934615518,31675.96069327418,0.0560776164995056,0.1576438060610727,1483.735417059134,0.029277362455862495,-0.3341994982930272,0.2405018898510175,Normal,Normal,0.0
2004-02-15 17:12:39,0.0784346995889534,0.3733421371332839,3941.653365208615,0.0931768618697293,0.1546839094421179,14985.0358716082,0.0991620984920334,2.540314977997876,34502.31662366427,0.0546001771581661,0.0607041059558604,699.0756788487297,0.976885283772824,-0.6884919907203524,-0.4018131275970416,Normal,Normal,1.5
2004-02-15 17:22:39,0.0757222050903828,0.2559677197295893,3815.8299661745737,0.0910803916556172,0.2136012084034977,7031.78452210748,0.0990599435297102,1.8562423781875663,58979.10855015726,0.0560650135306101,0.1190625918374639,2214.6304501813297,-1.3478784455772932,-1.784272822540326,-0.4334920883027694,Normal,Normal,-2.0
2004-02-15 17:32:39,0.0784842490169206,0.3059077768184095,1444.5158562637853,0.0938101020887742,0.1317765447052199,3014.315841913898,0.0984863046177773,1.4957087567178204,22748.88777305273,0.0547485199750013,0.1119824995417189,1215.882029369433,1.0193519921878615,-1.3180438221465667,-1.030525446847455,Normal,Normal,1.5
2004-02-15 17:42:39,0.0776968901454958,0.3221271672472339,9219.274860951522,0.0924182667829052,0.1976927856186603,26215.90745761476,0.1004223398347729,1.964232956863527,51454.19596627224,0.0549263347229154,0.1816164471143917,1024.0124446844395,0.34454017331228987,-1.1666232866598394,0.9269505623594758,Normal,Normal,0.5
2004-02-15 17:52:39,0.0768473527520629,0.3543989446650708,3991.981847480439,0.0932031043063682,0.2120572678128653,19310.285129641725,0.0999485766219309,1.8692045454541155,50212.14843405036,0.0547172740377753,-0.0318106979981616,544.1936059605401,-0.38356221363086734,-0.8653413217696496,-0.3891417642059074,Normal,Normal,-0.6
2004-02-15 18:02:39,0.0774939718547715,0.3096160191130583,2637.1620065401435,0.0916999328546475,0.14296552859085,8009.331709109912,0.0980391055188566,1.0412363523932733,66864.09254205247,0.0559384086867534,0.2697062756243653,1712.4230371889423,0.17062753218207888,-1.2834245165423086,-0.7302491006312752,Normal,Normal,0.3
2004-02-15 18:12:39,0.0768944284392569,0.3490666820212755,3685.902577080573,0.0930198908710188,0.2092950825477197,17634.668721514616,0.1000068327743784,1.2643446869082338,55591.98081574103,0.0543100910174907,0.0926152698277218,472.8126921738704,-0.34321564327635024,-0.9151221115238972,-0.46620432374788795,Normal,Normal,-0.5
2004-02-15 18:22:39,0.0775613517239739,0.4112223149714022,8526.878669409705,0.0933415571386212,0.3104059847443277,16240.093132403716,0.1024237938416746,2.542129054108285,127895.8455865216,0.0545465621410391,0.1222239887696035,1885.7639065347623,0.2283759538259322,-0.3348512766780499,0.7526237526162858,Normal,Normal,0.3
2004-02-15 18:32:39,0.0757864766238839,0.4064597916663981,1093.8209803144225,0.0915239845400851,0.1079230598411982,3061.73351112509,0.0992578623696254,1.9044483654548097,31491.819677683696,0.0545453876730769,0.0332104406834576,1702.6438355428877,-1.2927940463308452,-0.3793131097090962,-1.1188210204862996,Normal,Normal,-2.0
2004-02-15 18:42:39,0.0766646143011069,0.3700231720140432,3367.6791402878644,0.0923784119591463,0.1483063176396983,2977.732347749546,0.0993878453274248,1.313896542880621,48609.46749114546,0.0547696935899544,-0.0117462374622023,1961.8059171618395,-0.5401795719200833,-0.7194770932630514,-0.5463244590104116,Normal,Normal,-0.8
2004-02-15 18:52:39,0.0768109412982616,0.532578800373201,6702.174547216509,0.0936907323074833,0.1937005328185592,41574.95278481835,0.0980872625980783,2.199784682839394,77405.39729461486,0.0553473896848069,0.1997445595295817,2699.434949454185,-0.41476892287019734,0.7981052351567494,0.293212143723898,Normal,Normal,-0.6
2004-02-15 19:02:39,0.0754886254236979,0.4047138169573614,3056.366918936492,0.0925145132195484,0.2819338766177917,12735.48769196446,0.0989064768461063,1.6636273905289023,31521.383729663456,0.0559077107306373,0.1690469110366081,896.3998245611235,-1.5480696486595107,-0.39561313199099296,-0.6247045353961624,Normal,Normal,-2.3
2004-02-15 19:12:39,0.0767260415323164,0.3695643133022122,3003.50354657213,0.0914521452621362,0.1857709045494058,7373.376721914331,0.1002540987998589,2.377966707366705,13942.656139614126,0.0549417482714647,0.1154957597465711,516.5681388192231,-0.48753290325937276,-0.7237608937032165,-0.6380141161955956,Normal,Normal,-0.7
2004-02-15 19:22:39,0.0765926158881765,0.4330988391266692,8554.090703648666,0.0931441229317166,0.1834145885970843,20212.592750656782,0.0992231554140085,1.7313525705314472,45977.59878541137,0.0550031484361634,0.2181566136518005,848.5345589410554,-0.6018863510636261,-0.13061702899066907,0.7594750137489288,Normal,Normal,-0.9
2004-02-15 19:32:39,0.0761245009733233,0.2680942154490044,1646.183834292587,0.0914768917733633,0.1812327730196461,6150.952701791758,0.0987630049783002,1.8003903400201082,59110.50111913709,0.0553372706716786,0.0856389059210211,1806.2915757406736,-1.0030877454966889,-1.671062620007182,-0.9797508532454369,Normal,Normal,-1.5
2004-02-15 19:42:39,0.0758757143191252,0.3259681516945001,2276.3372276536147,0.0921807269757689,0.2914941535586925,4014.9620186693546,0.0988738584893809,1.2885650506973771,33189.685560504695,0.0558664025299698,0.1717570546663944,1835.3055139645448,-1.2163122111429399,-1.1307647305474198,-0.8210951124204398,Normal,Normal,-1.8
2004-02-15 19:52:39,0.0786670821529127,0.4937747918699102,1620.3507677990488,0.0936504674766429,0.1752906129448588,3434.854088986491,0.1004595305839931,2.213431890943672,36436.81687557053,0.0557366041571313,0.2436097816743418,910.8180947351034,1.1760505009965454,0.4358398484035117,-0.9862549272462977,Normal,Normal,1.8
2004-02-15 20:02:39,0.074889423042201,0.2925770801537832,782.0401642521467,0.0919463729466631,0.1241798526151236,2158.6344978826605,0.0978482904268292,1.7085205361754578,27833.41012498508,0.0547097245019395,0.0743332876440412,1588.2635676146,-2.061620538358372,-1.4424961704778325,-1.197319076465255,Normal,Normal,-3.1
2004-02-15 20:12:39,0.0755108432688436,0.4815318552370473,2683.8860886215607,0.0920140834477764,0.1239743924110046,10194.847766870296,0.0979774176289331,1.4417735958423863,49804.20926497585,0.0540083760864923,0.1759559714200511,1454.7620767841815,-1.5290276780430738,0.32154258001889807,-0.718485228635829,Normal,Normal,-2.3
2004-02-15 20:22:39,0.0774656517255591,0.4419314838847854,726.3500957439251,0.0921753032185818,0.2251038363775297,5861.914403002064,0.0990445052169572,1.7722427872780564,5694.8529456576725,0.0556936006057922,0.1320767195381305,656.9722554204716,0.14635555329393823,-0.04815746894079501,-1.2113403436183856,Normal,Normal,0.2
2004-02-15 20:32:39,0.0778799767044416,0.521811344975156,2465.836002469948,0.0920068691177118,0.2284831042619735,5875.195722002092,0.0985354264893469,1.9564255388837344,22009.22609404333,0.0560800270470133,0.2161668261945757,779.3541367051915,0.5014558801618433,0.697582723576787,-0.7733843981393381,Normal,Normal,0.8
2004-02-15 20:42:39,0.0781225296484431,0.4536244074601785,1187.4814770760065,0.0926249285698948,0.2437065394716264,3789.201708705474,0.0980529470231358,1.6769416502505088,18330.35499247473,0.055558714455548,0.1464604625948973,2860.0935613776164,0.7093376977872478,0.06100500279087133,-1.0952398168360435,Normal,Normal,1.1
2004-02-15 20:52:39,0.0761140771104465,0.4236777373486098,2255.395108087486,0.0923043155541596,0.2211077355322634,10565.899443196591,0.0958248870825058,1.73543983263823,19952.18688124375,0.0545026868245387,0.2248625946236848,1549.1526140422675,-1.0120215952606084,-0.2185702897724993,-0.8263677770275258,Normal,Normal,-1.5
2004-02-15 21:02:39,0.077470789606067,0.298302535716179,889.6383095643472,0.091721704860835,0.0999321145459615,5533.147783411252,0.0974854173289363,2.3803457640821817,6468.58187138598,0.0548435314276271,0.17360671949208,783.3438178262684,0.15075901227120317,-1.3890446211752936,-1.1702287463396779,Normal,Normal,0.2
2004-02-15 21:12:39,0.0769344228542846,0.3992394228624758,11045.27091400968,0.0918530190010615,0.1446492519880253,18600.749519331417,0.099730177972555,1.5627694128802103,49662.69810814378,0.0560988681509039,0.1990257947915035,1041.3187432331458,-0.30893813027789524,-0.4467208286057688,1.3866874448291142,Normal,Normal,-0.5
2004-02-15 21:22:39,0.0784510378008554,0.4222141332981781,3412.9399766587653,0.0933653931114702,0.1835669638262889,9163.814966839062,0.0998365906079466,1.317258751139728,92107.34985982889,0.0564724062353962,0.0935312956748806,1098.7319174189197,0.9908880706733035,-0.23223416388845014,-0.5349289930803088,Normal,Normal,1.5
2004-02-15 21:32:39,0.0771259835203699,0.4764364473694424,3929.404233103367,0.0932941647257479,0.0932117224345283,21099.83033179759,0.0986746936454105,0.9472235555081192,50267.25561431328,0.0546276882740966,0.0679321941231156,3395.982497748077,-0.14475962642474025,0.27397301251746775,-0.4048971308716347,Normal,Normal,-0.2
2004-02-15 21:42:39,0.0766491610944593,0.3649387130597059,9128.5705567053,0.091754641614539,0.0825623377131181,12929.82591565027,0.1002671010488204,1.127973705549982,84908.41402514807,0.0541728056417032,0.1474349436712367,1467.5271897195996,-0.5534238584376873,-0.7669444442035547,0.9041136487796807,Normal,Normal,-0.8
2004-02-15 21:52:39,0.0760971505272002,0.4046983336170258,949.7048288124636,0.0909752617044188,0.221416533389275,5085.121825914062,0.0976982222302592,2.1162770492780822,7323.604126919017,0.0553617850696105,0.1478021154586564,652.1882034562132,-1.0265286502292204,-0.39575768093042646,-1.1551056061479548,Normal,Normal,-1.5
2004-02-15 22:02:39,0.077469989779309,0.4164259373181851,2907.9972445885664,0.0924266558886017,0.1449120292530321,18589.62576916545,0.0977770989750891,1.6722173955776911,35274.198101156755,0.0549233427968871,0.0441297760410397,1416.279513744989,0.1500735147567368,-0.2862714434421298,-0.662060044146311,Normal,Normal,0.2
2004-02-15 22:12:39,0.0780051727927185,0.5485896012354474,4314.231682433729,0.0921847150003052,0.1684046805052199,7047.252094254804,0.0998887921679967,1.551875856610648,31538.13580488782,0.0551625412488515,0.1476125325989725,1917.523613606368,0.6087561254659402,0.9475784259509134,-0.30800788976534615,Normal,Normal,0.9
2004-02-15 22:22:39,0.0776365301294878,0.3779436618099709,9748.327029301092,0.0937891103316204,0.0766473456743805,31653.51187274495,0.0999137081298938,1.761175122403141,80484.87680449865,0.0551042872261598,0.1173754454899698,2035.2436584532309,0.29280816943455773,-0.6455332042199007,1.0601517235194267,Normal,Normal,0.4
2004-02-15 22:32:39,0.0791884014846082,0.3224069468935795,5087.778642006095,0.0939115212746817,0.221932647612467,30759.320562363955,0.1001323664971147,1.87083602381965,51336.11365207069,0.0563014569326085,0.1800771365952802,3047.1299528124955,1.6228511394396552,-1.1640113275943091,-0.11324949089473237,Normal,Normal,2.4
2004-02-15 22:42:39,0.0775485303571052,0.2677201212044107,4042.4270136766254,0.0934305155207266,0.0849439620502674,6975.2181347683645,0.0993458614906152,0.9054034323123576,92315.46439133526,0.0554570801984798,0.0887163321731581,2896.4292785613256,0.21738730530600037,-1.6745550786841874,-0.3764410229289168,Normal,Normal,0.3
2004-02-15 22:52:39,0.0785604287589933,0.3885134945276123,3411.5339743357526,0.0929127113145888,0.1669422709341366,11334.258006172213,0.0984372361107574,1.377376549700779,59619.64444363282,0.0557092116239821,0.0991145689185692,868.3196935773725,1.0846424107952346,-0.5468556529806092,-0.535282986794394,Normal,Normal,1.6
2004-02-15 23:02:39,0.0789819683115037,0.4070034550620174,7714.562456849566,0.0940320977134437,0.1787589108439542,37848.04374994479,0.1003362866073697,1.6491722736048189,59647.48269044426,0.055427313748503,0.116420610199079,1904.65751113198,1.4459260420354343,-0.3742375920532103,0.5481042945832358,Normal,Normal,2.2
2004-02-15 23:12:39,0.0790762796786274,0.3474743632273807,10572.068678010846,0.0933523394315522,0.2075638367096326,21190.59258291694,0.0991196347952973,1.027964660119797,38301.937942023695,0.0553830777650933,0.318284707694167,1374.306373784484,1.5267563057171318,-0.9299876371732856,1.2675478002546268,Normal,Normal,2.3
2004-02-15 23:22:39,0.0782204772831657,0.545918411380272,3058.7813507077312,0.0935317801417484,0.0952340137701637,18859.81625707511,0.0984060120769591,1.447449848286639,45962.03419575089,0.0552689367646397,0.0383394807718557,1444.525337664669,0.7932844518539257,0.9226408057590615,-0.6240966461657416,Normal,Normal,1.2
2004-02-15 23:32:39,0.0778155094799552,0.4326999130832227,2195.166804560324,0.0928314261532193,0.1367027062292485,14531.997507698256,0.0986023998285697,1.3241064050174147,22930.372147652142,0.0550557800418414,0.116375611019182,1757.086098322431,0.44620376249051436,-0.1343413116869484,-0.8415316501660459,Normal,Normal,0.7
2004-02-15 23:42:39,0.077529087283419,0.30299900081291,8366.039400652848,0.0919695899129163,0.053420771645599,22017.02014423824,0.1020652417535899,1.2709424884420022,179221.67742741425,0.0546679473975038,0.1460577981878317,2980.5047191518856,0.200723473354788,-1.3451994925335955,0.7121287340902961,Normal,Normal,0.3
2004-02-15 23:52:39,0.0815354463034712,0.5666889213621578,15477.752476998405,0.0937474757472667,0.1740596461420378,34686.899531758885,0.1004733562318886,1.3488460736869785,97014.1294624034,0.0559614085602469,0.1751888520180293,1381.6032590609948,3.634403483205562,1.1165495569905668,2.5026675434496695,Normal,Normal,5.5
2004-02-16 00:02:39,0.0768017816972692,0.3561730038030797,5055.748982279909,0.092942016114215,0.2489400327712498,34847.41351995839,0.0991523402258646,1.0801917275828918,44295.894751664666,0.0556276575032319,0.0907441196739151,3966.08655218529,-0.42261922751548964,-0.8487791096543885,-0.12131370104700427,Normal,Normal,-0.6
2004-02-16 00:12:39,0.0783148727069729,0.3889919623720543,8149.032622919339,0.0912911425335345,0.1440213568640111,18311.5215937254,0.0989587780143517,1.9026449767325035,51650.70445641149,0.0556129134516267,0.0727319403623072,759.2345308696885,0.8741867569458893,-0.5423887861438733,0.6574922416932298,Normal,Normal,1.3
2004-02-16 00:22:39,0.0771429701385477,0.3527962049313577,4726.033968391152,0.0926906557642981,0.2273541581982923,11167.005199274863,0.0999528174823313,1.907774999211053,87357.94506918726,0.0560902636451394,0.1440839176423338,2699.629286996392,-0.1302011180683529,-0.8803041349400756,-0.20432710752988398,Normal,Normal,-0.2
2004-02-16 00:32:39,0.078354563037695,0.4422175697993737,1364.450073236319,0.0919065467204492,0.1542288177478576,4466.987790696811,0.0986910642959888,1.0410534543837784,11035.630174976242,0.0550374180245812,0.1583350342984979,783.6718325911511,0.9082036522123191,-0.04548663599104474,-1.0506838658209734,Normal,Normal,1.4
2004-02-16 00:42:39,0.0774210869662216,0.2839152361904959,3077.856154563055,0.0936500897310868,0.2476431064081858,12759.64063922466,0.1012337320553745,2.7835504465928738,27025.11716092631,0.0549990647115078,0.0949169244844805,2087.186877320018,0.10816099246824248,-1.5233611732027532,-0.6192941216238732,Normal,Normal,0.2
2004-02-16 00:52:39,0.0755716893063095,0.3718072446196725,15135.706349553742,0.0917868856266889,0.0614647912692714,52914.74706246887,0.0998144773207398,1.668858201748849,128367.7161559076,0.0540589738734467,0.0609708654890539,2062.3481011952144,-1.476879125834041,-0.7028213976944006,2.41654949295944,Normal,Normal,-2.2
2004-02-16 01:02:39,0.0778829512894991,0.3312873267996865,1525.680014381079,0.0925708720787585,0.2074581752901596,7652.743745671377,0.0989805489592052,1.7788890337928391,8572.109368113006,0.0550114130558945,0.1352599426178469,1503.2124690729104,0.5040052705680421,-1.0811061230732688,-1.010090486454948,Normal,Normal,0.8
2004-02-16 01:12:39,0.0790382315149803,0.4731143985341131,5654.498249446969,0.0928039226886787,0.1731689182323728,6915.325022911243,0.1003167422681621,1.1841613961448578,94967.6894842714,0.0554984555141233,0.1232020173672614,1047.8799923562724,1.4941468420438275,0.24295912110360368,0.029435322209289433,Normal,Normal,2.3
2004-02-16 01:22:39,0.0765024356229917,0.4433637639149004,4907.277368764164,0.0917439528299243,0.0690577399583936,13288.815822255285,0.0989885942766892,1.6679211123410305,38546.14275877457,0.0543228494526589,0.0501952343824831,386.7446731248156,-0.6791760228824173,-0.03478602874526633,-0.15869487534836607,Normal,Normal,-1.0
2004-02-16 01:32:39,0.0782206224181601,0.3201974871061321,1403.3221324847066,0.0922143551985671,0.1869307523144048,5177.043830823766,0.0999469300096775,1.891887378180032,49449.8676731499,0.0555513175087065,0.0904197820116383,893.4941937364213,0.7934088408880834,-1.1846383410212205,-1.0408969227965905,Normal,Normal,1.2
2004-02-16 01:42:39,0.0796214999353386,0.3700720103720125,8160.48793574079,0.0934192357776558,0.2162390662515676,16528.922912031954,0.1025533316857319,1.8039115265374983,163903.24317794913,0.0566018233473975,0.1778142482792111,3504.711073510604,1.9940414109872364,-0.7190211494747537,0.6603763825408665,Normal,Normal,3.0
2004-02-16 01:52:39,0.079556542822444,0.3755785190178629,4587.875911057522,0.0928768035343897,0.1046672839799676,14621.141439996783,0.0992103524989642,1.8780385265443948,28752.957736228596,0.0556060778033469,0.1007953326099126,1306.3596313229764,1.9383694307858954,-0.6676136387254489,-0.23911160471444687,Normal,Normal,2.9
2004-02-16 02:02:39,0.080108293097824,0.5260048179163546,5263.044146421138,0.0940293946103092,0.2647331876532512,15257.153910281992,0.0997554064363493,1.8750917723132408,28573.37304587705,0.0568305389403443,0.1480670485644726,667.5208878863434,2.411251137472601,0.7367320319982015,-0.06912233275039088,Normal,Normal,3.6
2004-02-16 02:12:39,0.0779008004888067,0.3387606415850897,4412.973426905303,0.0925941789877845,0.1667782639722062,13568.3256242442,0.099368355467721,1.7398713224472226,78553.63253652182,0.0552094011787451,0.163266901932618,3038.9577736878696,0.5193030605433261,-1.0113369580955531,-0.2831473640829669,Normal,Normal,0.8
2004-02-16 02:22:39,0.0784835201775068,0.2777135623768947,3889.436698205225,0.092015638000933,0.1164697439496258,6579.980207355123,0.0997738098639398,2.0187072430823587,81839.2479794876,0.0560059758948766,0.1753126106419538,3820.946549755104,1.018727334908519,-1.5812585876518594,-0.41495988531368005,Normal,Normal,1.5
2004-02-16 02:32:39,0.0781613696593864,0.3701884936016033,2728.6210681549123,0.092954122536251,0.1521811360758391,5884.139296718643,0.0997121092762966,1.454883653426834,65470.14506578371,0.0553553087343763,0.0892533345599688,524.0924568173472,0.7426258201174969,-0.7179336885694094,-0.7072221593682028,Normal,Normal,1.1
2004-02-16 02:42:39,0.0778284258300751,0.458982255928821,5260.336131269308,0.0909302228080514,0.1875220017560717,24605.27705349806,0.0994093511285375,2.148852572255282,71823.3087292768,0.0548558199859242,0.1324142124084768,3335.5104483714827,0.45727381711740417,0.1110246559793664,-0.0698041384101008,Normal,Normal,0.7
2004-02-16 02:52:39,0.0794639695770196,0.330437393168955,3658.537763649884,0.0938113346238408,0.1670021931261782,17073.033850989465,0.0998301528789179,1.3273999136932195,35234.79207860181,0.0564300023570407,0.1127331782603882,1233.0630793188504,1.859028837326891,-1.0890409098988467,-0.47309405058761383,Normal,Normal,2.8
2004-02-16 03:02:39,0.0771197871642915,0.3937705929486976,2039.9442378001304,0.0919860927519243,0.147023528497435,10131.179951751084,0.0990123226626994,1.817146476069485,79895.26260496202,0.0556663360281317,0.2188547976827299,2099.64341267989,-0.15007025981875002,-0.49777657929282804,-0.8806125336168898,Normal,Normal,-0.2
2004-02-16 03:12:39,0.0822651115843428,0.5003740741636844,7619.593869911179,0.0930953811958466,0.1305353187646991,11315.73568520105,0.1004453272657879,1.6170526870390542,26630.261698637045,0.0563570192881674,0.1082467389684969,1030.5452249507475,4.25976857811368,0.49744924507821764,0.524193748873962,Normal,Normal,6.4
2004-02-16 03:22:39,0.0843258899323963,0.4508448020711775,10871.833958545209,0.0941432585212557,0.2608110799337586,49559.4533816872,0.100057763346276,1.6765346531826628,102893.91913427622,0.056450675891381,0.146723231462774,1690.2398595957377,6.025974098644487,0.035055239864125246,1.343020666318437,Normal,Normal,9.1
2004-02-16 03:32:39,0.0842800498732685,0.3783765120451265,806.4090327224776,0.0928488147074486,0.1125536236353963,4217.844974369939,0.0986299104152266,2.263792354384579,13647.583700528823,0.0555768567995595,0.0975499220431115,901.7384898286666,5.986686532580207,-0.6414922129952034,-1.1911836482965579,Gradual Degradation Trend,Mild,9.0
2004-02-16 03:42:39,0.0830985081728118,0.2911308678170452,1901.9696806943289,0.0922683874480616,0.3780360303755401,8862.958426603405,0.0979012207453895,1.1078934866460726,27839.364750095174,0.0567219351722726,0.2932817766567024,1115.7500624874322,4.974037367251436,-1.4559976795152623,-0.915350830360585,Gradual Degradation Trend,Mild,7.5
2004-02-16 03:52:39,0.0826680884126207,0.2089792134326837,7628.702598885222,0.09346711199877,0.0954720943568423,30164.737834531286,0.0978938429738433,1.4981022004255022,65682.65026084882,0.055905736005882,0.0752258902877232,2289.085548358122,4.605142887496685,-2.2229468168819633,0.5264870827805572,Gradual Degradation Trend,Mild,7.0
2004-02-16 04:02:39,0.0842712487113784,0.3980557698648219,5340.556467555881,0.0917120504367474,0.1578116554512965,9328.883713974636,0.1006918552169501,3.300239014685106,100827.14081294018,0.0559404638705014,0.1199902567496273,2428.463015635723,5.979143430852618,-0.45777114344477227,-0.04960680706686571,Gradual Degradation Trend,Mild,9.0
2004-02-16 04:12:39,0.085987231916921,0.4703129065721358,15752.527501010476,0.0952170164655949,0.2367480294414528,54718.36297301272,0.1026913293850039,1.5958101677892378,143660.033826557,0.0577225554545458,0.107128351933373,3595.5148657634904,7.449839691627194,0.21680503011566588,2.5718485324820732,Gradual Degradation Trend,Mild,11.2
2004-02-16 04:22:39,0.0844428803915885,0.4865130026451254,3125.260119307794,0.0937404062799562,0.2251067640293556,19387.707037495737,0.1009113847311559,1.711095870437382,30269.329558508656,0.0573455611090017,0.1180671880161052,1209.7020776657505,6.126241648073012,0.36804543789012245,-0.6073590733898162,Gradual Degradation Trend,Mild,9.2
2004-02-16 04:32:39,0.0826825590218774,0.2659585589330397,6683.125443480983,0.09306176754245,0.1861819855521598,8663.836296203812,0.1016331682026406,1.7407521541042463,90230.5486966175,0.0557365147998262,0.0930287768278033,1443.581519201631,4.6175450315597635,-1.691000622898363,0.2884160897836146,Gradual Degradation Trend,Mild,7.0
2004-02-16 04:42:39,0.0836379520986137,0.3818054415969727,6630.929923217901,0.0934312720018871,0.1584689866699773,20445.73532852047,0.0990650329920641,1.5455891976813954,112044.58235182396,0.0559629882573071,0.1072717961025233,2763.082870893784,5.4363718248451285,-0.6094805075513232,0.2752746562496035,Gradual Degradation Trend,Mild,8.2
2004-02-16 04:52:39,0.0838157123265829,0.3876737074060976,9040.967067849875,0.0934507314523774,0.2243341748236171,27665.179837134456,0.0992093588075238,1.4229636836643174,54680.01240135736,0.0559782663950371,0.0990207444008972,713.4765359549885,5.58872255983153,-0.5546957143067508,0.8820574374355188,Gradual Degradation Trend,Mild,8.4
2004-02-16 05:02:39,0.085516552274344,0.3946015078150089,3782.46425425769,0.0923888302083408,0.0619493665980943,6301.014644092329,0.0999182686018459,1.3930930387347908,68531.01194591197,0.0561332168783277,0.082943813789134,1925.8134171925255,7.046440178086026,-0.4900193473208333,-0.44189268059997505,Gradual Degradation Trend,Mild,10.6
2004-02-16 05:12:39,0.0843012006536124,0.3658697395741912,5877.747250413356,0.0925591404585299,0.2100491829558195,18050.11061137626,0.0975553563808453,1.126877112944782,68075.63003862524,0.0554060988611869,0.0824750429764287,1094.601042777589,6.0048139673148615,-0.7582525926821082,0.08564343916926577,Gradual Degradation Trend,Mild,9.1
2004-02-16 05:22:39,0.0869788568170628,0.4364173780138687,6765.693969443556,0.093052984423694,0.1499757516203028,17892.17807393124,0.0982495581852343,2.0000726971706984,35992.52818779811,0.0559881413574004,0.0263992964106103,728.7374136685653,8.299719240575559,-0.09963590565324279,0.30920463237250567,Gradual Degradation Trend,Mild,12.5
2004-02-16 05:32:39,0.0847858305411162,0.4287637975372536,2025.601829345552,0.0918306658551828,0.1506380019982169,5085.155878987024,0.0990680787565582,1.3495865018807844,40078.33574179214,0.0560914092478184,0.1112875740300887,2805.7567980084664,6.420169642772116,-0.1710879900731519,-0.8842235677913455,Gradual Degradation Trend,Mild,9.7
2004-02-16 05:42:39,0.085168471600044,0.3289489991173604,4265.350937385815,0.0933574225737266,0.1328399665387123,5005.429573254345,0.1004605833578212,1.438257796789748,13543.88940140198,0.056045249749923,0.0786652514433603,741.3564711057982,6.748115028697959,-1.102936217820357,-0.3203147517125473,Gradual Degradation Trend,Mild,10.2
2004-02-16 05:52:39,0.0869916991033663,0.4340085155916307,2687.3873344313965,0.0929911010422334,0.1746976133327269,13330.715590139658,0.0986342040124615,1.2732677311286738,34728.61753452305,0.055805584240485,0.1088353058725295,1384.0966866776994,8.31072581825379,-0.12212449666964244,-0.717603708749366,Gradual Degradation Trend,Mild,12.5
2004-02-16 06:02:39,0.0869552866420437,0.3166941879681912,8977.744060486999,0.09461645927234,0.1455374986108011,20668.767722822104,0.0992465795124541,1.4177046068194663,64622.93282566218,0.0559559964182235,0.0872715439702318,2343.1442407113573,8.279518245510792,-1.2173443439850848,0.8661395781079018,Gradual Degradation Trend,Mild,12.5
2004-02-16 06:12:39,0.0879008016330589,0.430147194240349,6530.241194635874,0.0937970358569335,0.1691994131257099,14059.009010022572,0.1018793382416026,1.6963702299077017,42832.24070405139,0.0575467489986402,0.1690546666138366,769.1968279260055,9.08987895143195,-0.15817291348673415,0.2499239321335212,Gradual Degradation Trend,Mild,13.7
2004-02-16 06:22:39,0.0856503224417456,0.4363586459691815,4857.506713893575,0.093966736447499,0.1621465692437174,22209.859665117165,0.1003108160392144,2.1114523013217807,37846.567649986886,0.0566548046906107,0.1949644075427579,1350.653239246514,7.161088902132548,-0.1001842146477018,-0.1712257927456712,Gradual Degradation Trend,Mild,10.8
2004-02-16 06:32:39,0.0854463807564428,0.4780069177953763,3002.0082833466104,0.0920471336038635,0.0943801210325561,7914.861020510873,0.0986673504505004,1.172099969923342,34221.01350090555,0.0573712400047924,0.2118411711831398,1297.1360155825969,6.986299153012567,0.28863456677898724,-0.6383905834133754,Gradual Degradation Trend,Mild,10.5
2004-02-16 06:42:39,0.0866130115486769,0.4862233238389191,1866.9961201265123,0.092972101830334,0.1734284413851607,6420.716786488975,0.0996421027117177,1.6394091864249385,12200.895534700134,0.0556127044872898,0.0963481889743471,1928.7198265244515,7.986168812751248,0.36534106252241644,-0.9241562358692019,Gradual Degradation Trend,Mild,12.1
2004-02-16 06:52:39,0.0876043562968617,0.4443845022745201,9838.63916339519,0.0930458196833521,0.0999373921010793,19408.16833642304,0.1029260823016632,2.0938357017424982,173555.61020454456,0.055918502797179,0.1972708909162488,3074.247759306189,8.835808255366235,-0.025256647867253894,1.082889899162284,Gradual Degradation Trend,Mild,13.3
2004-02-16 07:02:39,0.0881995775415938,0.4654821554251858,3236.153270087963,0.0919388327890308,0.1294007655130866,7197.135783249775,0.0990828096787133,1.485866546615985,74524.9162342546,0.0562658172205825,0.1619432176351853,2803.1375957056466,9.345947081978055,0.17170623748938127,-0.5794391491700859,Gradual Degradation Trend,Mild,14.1
2004-02-16 07:12:39,0.086053892202975,0.4927349634179672,4355.802388114598,0.0912818164780437,0.1051767293597669,20944.108059517886,0.0984200202734433,1.7503415936621574,22912.924286474004,0.0547000530235689,0.0086714986872902,1061.269195875493,7.5069713891433105,0.4261322467708555,-0.29754149987376993,Gradual Degradation Trend,Mild,11.3
2004-02-16 07:22:39,0.0891782641284789,0.4000941939036653,2117.408587456964,0.093058156851727,0.1911202637957618,12871.26474974451,0.1001977178683009,2.13433130985808,61901.05259114155,0.056611615847175,0.1181145152832918,2345.968703097223,10.184737752628601,-0.43874088081775325,-0.8611090858662082,Gradual Degradation Trend,Mild,15.4
2004-02-16 07:32:39,0.085617116425397,0.4048794403025244,1693.5802954298829,0.0923971585716215,0.3062823433338528,13024.97841724204,0.0960366225006279,1.4482003748924184,11452.013657555826,0.0558800053686468,0.1346965855250315,1322.3750881588362,7.132629437074055,-0.39406691015708795,-0.9678176942186907,Gradual Degradation Trend,Mild,10.8
2004-02-16 07:42:39,0.0882736573062357,0.3659394532713698,1846.878990523244,0.0935309660035782,0.1557262159985475,3579.225669162218,0.0989402548179329,2.069027350409196,10441.389529883378,0.0559075356196505,0.1290269717933876,1462.394900177995,9.409437699197381,-0.757601761480784,-0.9292211901074954,Gradual Degradation Trend,Mild,14.2
2004-02-16 07:52:39,0.08883351291927,0.3770945051934542,7095.204347258381,0.0927233826151405,0.214119873269611,26981.714429546657,0.0997098789535796,1.7728420634002866,42935.120933736645,0.0565452775057575,0.2066732758184306,2418.143760074285,9.88926614623795,-0.6534607370177146,0.3921665169747587,Gradual Degradation Trend,Mild,14.9
2004-02-16 08:02:39,0.0873053773043218,0.3762033638036501,6584.78561190837,0.0930680847992647,0.1155173467791521,18206.36652402941,0.0993655464253392,1.8246169771681255,29899.66208888822,0.0559044940158827,0.1276310430977014,2120.878737816766,8.579566070152337,-0.6617802300979676,0.26365675500079033,Gradual Degradation Trend,Mild,13.0
2004-02-16 08:12:39,0.0874788557041785,0.4396049452472912,4015.1053925963647,0.0927663313725843,0.113280305095528,15493.53926788908,0.0994307381029,1.4891968500856525,95901.60942636902,0.0565204392993698,0.1884515797900467,1098.2986988592131,8.728247032279668,-0.06987750384999039,-0.3833198750920522,Gradual Degradation Trend,Mild,13.2
2004-02-16 08:22:39,0.0889170756260608,0.4402469914533116,1556.4103200902916,0.0936581594420802,0.1079942434749465,8319.60877427779,0.0981741606549936,1.5754641873228843,14326.195702879586,0.0558169537346741,0.0368330168373423,2126.551045434196,9.960884190062904,-0.06388350668040173,-1.0023534188307155,Gradual Degradation Trend,Mild,15.0
2004-02-16 08:32:39,0.0860653353177652,0.3213036143632086,3494.64193680279,0.0926375858626137,0.2556454589844374,6521.841117274807,0.0996230493064983,1.3681233431968076,61576.612885947216,0.0555271123423335,0.1198642129473119,1381.1457392965983,7.516778796394844,-1.1743117888417176,-0.5143586285467354,Gradual Degradation Trend,Mild,11.3
2004-02-16 08:42:39,0.0884975238001041,0.5412085936380691,6586.550833458691,0.0932081395340054,0.2255377055408689,13116.082197698892,0.0990893528766619,1.544070072550559,30667.58771662607,0.055668312666689,0.0374139675333249,943.0496384141734,9.601304154755653,0.8786710198599654,0.2641011904917947,Gradual Degradation Trend,Mild,14.5
2004-02-16 08:52:39,0.0878493642038212,0.5760381353265771,11352.586611413615,0.0939042517466261,0.2004517010711972,26542.81911451442,0.100053549139011,1.6539106795948315,61074.12667456352,0.0566365093332306,0.0471190132999943,2157.893163047403,9.045794117384974,1.2038316895148886,1.464061303563281,Gradual Degradation Trend,Mild,13.7
2004-02-16 09:02:39,0.0869263219584191,0.4667661948985651,2055.575791617332,0.0916991391939218,0.0632226215807105,6813.474949215873,0.0987713755049539,1.3055347216634363,72200.38030610932,0.0555332516697485,0.0852190728701116,1441.249808982137,8.254693846435302,0.18369373760527072,-0.8766769271800408,Gradual Degradation Trend,Mild,12.5
2004-02-16 09:12:39,0.0867433343530642,0.4479858328976833,6043.642908561432,0.0912041563994276,0.1315313854105846,29152.89555209186,0.0985892567815295,1.8058590135114276,68087.20724612995,0.0563483471848886,0.1580522363904091,1970.506801347515,8.097862948502096,0.008364554718449418,0.12741152106873757,Gradual Degradation Trend,Mild,12.2
2004-02-16 09:22:39,0.0885362051318025,0.4423948373689219,3780.019544275224,0.0936110316369851,0.1079503161833423,24020.45598716286,0.0993414568487302,1.725185078693536,42130.04390324551,0.0562980445861021,0.1093216391985549,2140.1944798636086,9.634456279850395,-0.04383170632995761,-0.4425081930727425,Gradual Degradation Trend,Mild,14.5
2004-02-16 09:32:39,0.088140841605832,0.4220735793980936,6750.41717531486,0.092754282562013,0.1012949225376953,11859.40778172615,0.1014253304468366,1.504549459644732,94258.0147580876,0.0553787875221359,0.1128537980614616,1502.9590412413677,9.295607008241337,-0.23354634309203595,0.30535834492018915,Gradual Degradation Trend,Mild,14.0
2004-02-16 09:42:39,0.0899870048126742,0.418621701128957,11242.733053957085,0.0935348591330893,0.0879387870827335,14372.805207404324,0.0996429639446352,1.314747553267721,52449.292477654,0.0557846856434967,0.0740879266736329,924.5894811139458,10.877875014310717,-0.2657722925345479,1.4364031210887453,Gradual Degradation Trend,Mild,16.4
2004-02-16 09:52:39,0.088405010595766,0.5602555996498157,3851.35867131028,0.0926523394516262,0.066344867920669,21668.190143159904,0.0973731722188855,1.5694750204566654,23786.595598104646,0.0556516167007415,0.2150777845716889,1924.6176858631184,9.52201501995943,1.0564895305107784,-0.4245469122658788,Gradual Degradation Trend,Mild,14.4
2004-02-16 10:02:39,0.0876467900978303,0.4137279539953309,15933.7081872675,0.0926917259235553,0.1167695326096067,37838.65320702717,0.1023507645496908,1.8590439329202888,192483.4366088464,0.0557419846045711,0.1143237657395719,3099.4352442203453,8.872176462358825,-0.3114592013466946,2.617464974929477,Gradual Degradation Trend,Mild,13.4
2004-02-16 10:12:39,0.089519699571257,0.497964961574127,1842.647614304608,0.0922238985346938,0.0900774582914181,8132.4763903273,0.0994075735234902,1.5877040835069414,21177.918105227684,0.0555109276263466,0.0708099740051482,834.101639063737,10.477367556561251,0.47495831855669374,-0.9302865372685991,Gradual Degradation Trend,Mild,15.8
2004-02-16 10:22:39,0.0891365602162631,0.4491554236861348,16784.463672557147,0.0948895225215882,0.1151742369513977,54021.70744090207,0.101971905358397,1.2173114891054464,166938.64798469734,0.0557040173490936,0.0877021626643332,2548.3498255639424,10.148995102259208,0.019283587974652388,2.831662411937053,Gradual Degradation Trend,Mild,15.3
2004-02-16 10:32:39,0.0881953323616994,0.5134914074370189,8782.084723397635,0.0931604669772638,0.0973333850199327,30121.297917093667,0.0989034231428568,1.466492187332432,105953.45240784466,0.0557355848621136,0.126554318022269,3427.1883012549056,9.342308718748829,0.61990968137651,0.8168777993056474,Gradual Degradation Trend,Mild,14.1
2004-02-16 10:42:39,0.0884566393821359,0.4848934953524821,4342.172110191243,0.0928857210648352,0.1485994122137848,22078.72620433792,0.0978635963782945,1.3646989962390217,32577.65601141489,0.0561160105551437,0.0298814541500522,686.6122460931888,9.566263858070014,0.3529260866079124,-0.30097323866049047,Gradual Degradation Trend,Mild,14.4
2004-02-16 10:52:39,0.090150743170207,0.6217770021628457,1199.4887321789429,0.0927448754059355,0.1414869512418941,2723.00655331234,0.0978500322360383,1.753627274239574,20060.687259720584,0.0552049001978934,0.0357972077120001,796.4551464740426,11.0182082002015,1.6308393344258638,-1.0922167117100514,Gradual Degradation Trend,Mild,16.6
2004-02-16 11:02:39,0.0907104179884572,0.4888141347703794,5912.799110842196,0.0950661660515158,0.3385818455777811,36248.45995371165,0.097948395014607,1.1704135021263171,48726.9100327066,0.0574746878729563,0.1214404560634414,2813.837702385022,11.497881695718016,0.3895282833867347,0.09446855848500972,Gradual Degradation Trend,Mild,17.4
2004-02-16 11:12:39,0.0899144146014697,0.4496169147110769,8283.210969615298,0.0926315049166588,0.2020839793711761,15414.710991191889,0.0988358376437129,1.3356225085933815,40360.84641164616,0.0555431771800101,0.1708258520956618,951.4356302445184,10.81566103002319,0.023591963090579243,0.691274754367131,Gradual Degradation Trend,Mild,16.3
2004-02-16 11:22:39,0.0910370607804693,0.3634126158136643,6415.888777192232,0.0933942019245573,0.0896808667101747,32158.42735204522,0.0992037884880946,1.319930905020068,69166.49169564778,0.0559503249962634,0.0687767002157109,2219.616792449185,11.77783334749963,-0.7811917405624713,0.2211330572516397,Gradual Degradation Trend,Mild,17.8
2004-02-16 11:32:39,0.0901133384662406,0.5452279361146344,780.0636357883873,0.0923221125242349,0.2016317474098894,1851.8555254892367,0.0980954707757639,1.4338741260344872,37013.664284991326,0.055835825018251,0.1236610218527105,1421.2144749084189,10.986150218467712,0.9161946859173824,-1.1978167133755426,Gradual Degradation Trend,Mild,16.6
2004-02-16 11:42:39,0.0920947353718068,0.6274695337680583,8624.307070867813,0.0934521424563797,0.1442178038383814,32036.148690881982,0.1010764380945956,1.4055184625216857,121070.4327970419,0.0569040486428964,0.0734755223625529,2694.435710652678,12.684321279066815,1.68398351316174,0.7771536137161139,Gradual Degradation Trend,Mild,19.1
2004-02-16 11:52:39,0.0892083709483904,0.587115769874706,3165.078184393601,0.0921304534830062,0.1351450594361165,3670.719977528456,0.0990160217267576,1.3017141187484451,48825.25513149147,0.0557361363437693,0.1031921636389343,2123.103765154857,10.21054102816454,1.3072499630045622,-0.5973339514417902,Gradual Degradation Trend,Mild,15.4
2004-02-16 12:02:39,0.0897288613250357,0.51467069938347,4798.432488163671,0.092590035626225,0.1238577560446718,18008.168953520733,0.0973941816092117,1.3548264747662584,64248.33002843482,0.0557356291034962,0.0933406607945581,1914.6525956169,10.656631204472145,0.6309192824346028,-0.18609910001590796,Gradual Degradation Trend,Mild,16.1
2004-02-16 12:12:39,0.0910938933853931,0.4595174609832519,2334.414773260497,0.093559930241931,0.14323677511589,6210.439841025299,0.0991024209782485,1.992174396109509,7918.140077253523,0.0568117578506256,0.0822597304579217,657.4737158147655,11.826542157283743,0.11602120848809111,-0.8064727425012503,Gradual Degradation Trend,Mild,17.9
2004-02-16 12:22:39,0.0918239707351109,0.5832556522576771,4507.160070841082,0.0927563798134325,0.1620044491202548,6953.324351276291,0.100304081617163,2.10104751069524,79213.05306958967,0.0572649266669562,0.0603759387723159,1909.980598317372,12.452260418883311,1.2712127839763339,-0.2594336906712458,Gradual Degradation Trend,Mild,18.8
2004-02-16 12:32:39,0.0898158391428677,0.5313526949232945,2779.778906656356,0.0930047157322546,0.2161736782297105,19326.14358269188,0.0985925720512041,1.6505647319274894,14567.568639683335,0.055702506132607,0.0778364696708537,1177.2660568217923,10.731176194797621,0.7866585938909901,-0.6943419862992909,Gradual Degradation Trend,Mild,16.2
2004-02-16 12:42:39,0.0912369925981746,0.4307299921087786,1782.3753985238156,0.093429414365873,0.2651093306102918,5163.271567270337,0.100280826629287,1.4878960516408748,23479.634589253183,0.057112624309068,0.1332650401421373,1254.4864981649391,11.94918640955717,-0.15273204530457926,-0.9454614663360478,Gradual Degradation Trend,Mild,18.0
2004-02-16 12:52:39,0.090868854030479,0.543120842220695,1454.434116517603,0.092646128504936,0.2001507742248058,9971.438193023265,0.0972688827265688,1.9500528276692368,19587.601198818917,0.056630612477098,0.1080551300316443,1140.5323092013064,11.633670492380329,0.8965233371610137,-1.0280282946542856,Gradual Degradation Trend,Mild,17.6
2004-02-16 13:02:39,0.0896244331288732,0.5000568354441408,1350.820863646296,0.0924809397592282,0.141259599384929,4821.037744414301,0.0973087038136395,0.9664338477277736,13541.772105464654,0.055240590173661,0.064794277602461,1193.8639160103446,10.567130236677377,0.49448757663566967,-1.0541153356299846,Gradual Degradation Trend,Mild,16.0
2004-02-16 13:12:39,0.0898240453935324,0.4430800475937619,1404.988444324823,0.0932573045584935,0.1947354716025304,6769.993432706487,0.1009175202749131,2.347826808191093,29299.319165914752,0.0555044009551551,0.0647122934435788,660.6967347677273,10.738209423402996,-0.03743473971018445,-1.0404773901205397,Gradual Degradation Trend,Mild,16.2
2004-02-16 13:22:39,0.0914061765491157,0.5828125625920308,2841.65496191926,0.0934251311315811,0.1708911641344705,4775.25496659197,0.0981149186202555,1.3662923675943484,26031.75046454285,0.0570193536393839,0.123928599514214,669.588629978193,12.094186782071585,1.2670761997603481,-0.6787632534217228,Gradual Degradation Trend,Mild,18.3
2004-02-16 13:32:39,0.0919585345159028,0.4359665616194075,8422.9643653062,0.0943417043397795,0.2722653364112166,27450.88200681647,0.099138097879533,1.3767443118034892,84397.88191922057,0.0569017437981089,0.1806758537376667,2224.2825186296527,12.567589315230972,-0.10384462484987782,0.726460915006348,Gradual Degradation Trend,Mild,19.0
2004-02-16 13:42:39,0.090398736671465,0.4791268254750722,1696.9983840630305,0.0920949485097615,0.1009345170288913,6394.246215176297,0.098773710810446,1.2572929483755075,15762.101844846062,0.0566682652386346,0.159503724875663,1387.478696556581,11.230752888178909,0.29908976984592156,-0.9669571110812977,Gradual Degradation Trend,Mild,17.0
2004-02-16 13:52:39,0.0916185520625121,0.4773219216195352,2432.1126396348977,0.0938534416303386,0.174484836859913,9424.130610909848,0.0982885745978868,1.6724239958040474,20131.59857163152,0.0551885988707133,0.0624640421381283,948.3982519104234,12.276204806737155,0.2822395984719237,-0.7818750373552404,Gradual Degradation Trend,Mild,18.5
2004-02-16 14:02:39,0.0914430564250745,0.5755229887249769,4958.603314502587,0.0944386377433946,0.2130266577810142,14755.626459001343,0.1014828379887456,1.3358812103263995,99795.7926015175,0.0559783810983367,0.1287421197720286,1338.6618935555862,12.125794956029953,1.1990223981539845,-0.14577237738125964,Gradual Degradation Trend,Mild,18.3
2004-02-16 14:12:39,0.0903838510318284,0.385410349683454,12996.50127074634,0.0946342826936279,0.150290285757221,29680.0691010868,0.1001806688251281,1.748396879866723,77704.08404379661,0.056101370478191,0.1015314109668747,1252.729620659143,11.217995039219739,-0.5758259065827592,1.8779549695775162,Gradual Degradation Trend,Mild,16.9
2004-02-16 14:22:39,0.0910116817815335,0.5069703567366908,1688.3945382872328,0.0936218063645063,0.1694515872648025,11406.113672690492,0.1000233420023171,1.8029287574110109,40598.73369730192,0.0561981006233473,0.060544700799836,1179.8501213460434,11.756082086347115,0.5590306370429458,-0.969123328925849,Gradual Degradation Trend,Mild,17.7
2004-02-16 14:32:39,0.0911149910912715,0.5420037471466377,12257.055096434053,0.0932695661129107,0.2090081289430485,34314.00347931356,0.1005805382652845,1.1486568261352588,137990.41585107386,0.0566848133665997,0.1654686294074974,2124.347863080329,11.844624104150157,0.886094391939821,1.6917822347771938,Gradual Degradation Trend,Mild,17.9
2004-02-16 14:42:39,0.0931650645255337,0.5609820953544635,5017.857253141119,0.0928143760332282,0.0348665715654004,8595.922928334096,0.0974066540334899,2.485914505600973,30038.956841330382,0.0557322289851774,0.0510564154334591,1136.292528620771,13.601654898125414,1.0632719289683108,-0.13085382321565625,Gradual Degradation Trend,Mild,20.5
2004-02-16 14:52:39,0.0919603061129671,0.3948689754085976,3364.580530934485,0.0931524170525616,0.2230047943180437,11263.476881193445,0.0980668871509071,1.3899012679431166,24353.9480376116,0.0551978233903407,0.0992280437377233,773.7916745227008,12.569107675765997,-0.4875223307760825,-0.5471046058249286,Gradual Degradation Trend,Mild,19.0
2004-02-16 15:02:39,0.0922045619804139,0.7432975552995371,11231.231753939044,0.0939546383754715,0.1201072169927761,54037.35313492516,0.0986553729767796,1.1541623693432594,126499.06591043672,0.0561638067919133,0.0801783108285651,4411.378347947735,12.778448996686828,2.765327545271335,1.4335074018971368,Gradual Degradation Trend,Mild,19.3
2004-02-16 15:12:39,0.091829873324347,0.5517784022496657,2390.837901039488,0.0932112307875069,0.1661822793299752,14045.037394011588,0.0984009661867421,1.6645926482878126,17148.21590891219,0.0560721511341637,0.095288707800039,1615.9581645753133,12.45731927720453,0.9773483460507125,-0.792266910664508,Gradual Degradation Trend,Mild,18.8
2004-02-16 15:22:39,0.0934110045523779,0.4625226492048617,9145.305069302,0.093881517905799,0.1073778588513749,25657.75887829192,0.1013722268135638,1.6101570165196692,55083.10296990909,0.0556621127948019,0.119667621626041,490.51136624019296,13.812439640473858,0.1440769613692764,0.908326950685767,Gradual Degradation Trend,Mild,20.9
2004-02-16 15:32:39,0.0931493581818334,0.6215580358289516,2895.928232950356,0.0936151869231496,0.2323673063321858,7520.187356834935,0.0982035844261329,2.1309458102879564,20001.632904508755,0.0544448671105688,0.0978188260103931,408.2056017969795,13.588193658600533,1.6287951145966844,-0.6650986979132499,Gradual Degradation Trend,Mild,20.5
2004-02-16 15:42:39,0.0936125820995433,0.5944372850986572,8490.536258685726,0.094680180203871,0.0448629318662674,22624.66597197657,0.0991531697638494,1.2951554585112903,62651.60580121091,0.0562730920482594,0.0609030562758792,1475.7395948740602,13.98520318729338,1.3756019618450805,0.743473707313783,Gradual Degradation Trend,Mild,21.1
2004-02-16 15:52:39,0.0945364760952088,0.4948223120819719,16174.50275320781,0.0949362615126591,0.1984579183523931,40637.96949075515,0.1017863091696275,1.443353543753731,114876.94250976216,0.056594822429099,0.0867708062644809,1966.685625287047,14.777033457186768,0.4456192585570321,2.6780905950536966,Gradual Degradation Trend,Mild,22.3
2004-02-16 16:02:39,0.0948817963227799,0.4545847496597348,17725.371839346033,0.0935654216832566,0.1626523244195157,41400.66460335554,0.100222109294338,1.946202714217444,148664.01092543206,0.0555867499281809,0.0827625498689377,2593.5141529859634,15.072992745027275,0.06997053887223263,3.0685578786962946,Gradual Degradation Trend,Mild,22.8
2004-02-16 16:12:39,0.0959111570612518,0.5121334435393043,8547.724122638187,0.0942271376345311,0.1360350823132354,42643.87487941224,0.0981955548494304,1.1746826654010318,70579.94273893724,0.0574452979438646,0.1393586598126819,2328.6230540927822,15.955214076896363,0.607232039669448,0.7578720792295216,Gradual Degradation Trend,Mild,24.1
2004-02-16 16:22:39,0.094536246510515,0.4503024924997278,1169.245139759222,0.0936912487784011,0.1497165091995898,2719.0275508791037,0.0980921200386242,1.6083886465209387,6326.521861544042,0.0561067307403933,0.1952017469209721,1097.1211192514024,14.776836689905124,0.02999236120238747,-1.0998312379684396,Gradual Degradation Trend,Mild,22.3
2004-02-16 16:32:39,0.0948440411342319,0.5362435114092148,2406.606159504448,0.0937737287678764,0.1463311669715405,5091.929604610454,0.0985976509727475,1.4562806705242748,43824.73887822029,0.0570860631285397,0.1217424020131892,3064.1602643453098,15.040634377857334,0.832318142843536,-0.7882968856600644,Gradual Degradation Trend,Mild,22.7
2004-02-16 16:42:39,0.0955986927661343,0.4700351608607565,2933.786671179924,0.0920945938097583,0.0779550055914684,10829.735632116955,0.1006286172195346,1.602093994721396,102654.84518908527,0.0563906986006723,0.1921006168601651,2591.168229818067,15.687414212089656,0.21421205940380356,-0.6555669575035807,Gradual Degradation Trend,Mild,23.7
2004-02-16 16:52:39,0.0962706846686077,0.4821477383767942,4794.987341531443,0.094914523892306,0.2335699031397964,25930.182162017587,0.0993006817228613,1.9461005857884264,33929.59539518257,0.057252961594385,0.1702268395722814,3210.9772763873825,16.26334990600919,0.32729232475973574,-0.1869664956325078,Gradual Degradation Trend,Mild,24.5
2004-02-16 17:02:39,0.0962934388584575,0.4809149930704559,953.5392767314698,0.0932581113994749,0.1468083099494421,7097.87408485975,0.098413208064184,1.3974828694628156,10539.600650012486,0.0572196793002088,0.1570448174289569,1212.020313252241,16.282851554872035,0.31578369530638895,-1.1541401948978462,Gradual Degradation Trend,Mild,24.6
2004-02-16 17:12:39,0.0949884074958294,0.7511586473517373,2893.4314348553225,0.0941080384472582,0.1539931628482267,6609.900761305566,0.0984376334324492,1.857723136871014,29235.34822991744,0.0569034415493144,0.1578094028720649,890.454370912888,15.164364649515761,2.8387169105053824,-0.6657273247771713,Gradual Degradation Trend,Mild,22.9
2004-02-16 17:22:39,0.0955207435647978,0.6564783060272306,2189.778388846086,0.0944117739301652,0.2627089344475584,7618.185690816564,0.0993794584298611,1.2535287566931324,9386.212279350497,0.0573820431577085,0.0671462640157498,1944.0401102211488,15.620607265165194,1.9548028049577004,-0.8428883088717236,Gradual Degradation Trend,Mild,23.6
2004-02-16 17:32:39,0.0949228832250981,0.5195036890723932,10605.248007134916,0.0949729903524385,0.1481157096562833,38104.73941613725,0.1008885259964401,1.3640862804838765,102787.12791957794,0.057381782772415,0.1797755983535371,1633.057379611019,15.108206582441891,0.6760389735789776,1.2759014663583335,Gradual Degradation Trend,Mild,22.8
2004-02-16 17:42:39,0.0942820449709606,0.4795562273540734,8253.199096029815,0.0944911100212441,0.1681458537621418,21927.50155478032,0.0996217933435469,1.6526749274388504,67440.19334436904,0.0569574921165172,0.2013117913087181,2212.0839979130637,14.558971356201244,0.30309856800283735,0.6837185687027891,Gradual Degradation Trend,Mild,22.0
2004-02-16 17:52:39,0.0933164608482039,0.6900665599350058,2512.149735700519,0.0930116579029713,0.1377456243271608,21359.981255723786,0.096603995938315,2.051874929754125,10246.091652556672,0.0556804661137155,0.049311474187522,1709.761597408836,13.731410250582766,2.2683750945636625,-0.761723840990108,Gradual Degradation Trend,Mild,20.7
2004-02-16 18:02:39,0.0984655795764597,0.6142024183200445,10026.790235701445,0.0934896353296048,0.2723032297273442,14811.12705412247,0.1005864151080894,1.2719679643096755,78101.91877416092,0.0578908114032086,0.0720511600726605,1072.0385439492686,18.144501028785104,1.5601247445897521,1.1302612980601774,Gradual Degradation Trend,Mild,27.4
2004-02-16 18:12:39,0.0950530700862023,0.5214360964550426,1468.777667235741,0.0937729302686648,0.15240151857143,4668.550576909985,0.0988774474254619,1.1978188291220562,11229.038182027069,0.0567609162305201,0.1156735003469111,1191.827047647234,15.219784206983602,0.6940794888463871,-1.02441697288847,Gradual Degradation Trend,Mild,23.0
2004-02-16 18:22:39,0.0955898431593774,0.5461967132436896,1257.7311709736705,0.0933140588240526,0.2003147752942071,13111.28373771599,0.1003014394700575,1.4231675876047871,10002.129775440852,0.0567123166978247,0.1224627531250948,1106.4537070394076,15.679829590326074,0.9252389685797033,-1.0775528261041256,Gradual Degradation Trend,Mild,23.7
2004-02-16 18:32:39,0.09694473044843,0.7066014705423598,11590.045526235932,0.0940529830629888,0.0807717048502163,27263.184919451654,0.1006429790323976,1.213508569555672,153199.45229027086,0.0565932055813129,0.079130443838983,3830.810901661469,16.84104589089621,2.422741254585386,1.523847096107685,Gradual Degradation Trend,Mild,25.4
2004-02-16 18:42:39,0.0965114094210498,0.5868126529442286,3996.887043791524,0.0946658569014754,0.1434705905706712,11970.744622146029,0.0978493700477933,1.2810392077658843,34690.267561461915,0.0562760885681587,0.1042261343673209,1025.8394153195532,16.469664858363586,1.3044201323688545,-0.387906767199105,Gradual Degradation Trend,Mild,24.9
2004-02-16 18:52:39,0.0961252402670924,0.5574171385605213,3353.8991404375715,0.0928831367881671,0.0757709747420718,9498.512581328452,0.0967817567895191,0.919337192120683,59311.474223491816,0.056783102267532,0.1590994539989654,3373.2543964461097,16.138695692163598,1.0299903041689933,-0.5497938937668535,Gradual Degradation Trend,Mild,24.4
2004-02-16 19:02:39,0.0961533862203543,0.5643935427422329,3385.965272919246,0.0930026983710519,0.1431696852931989,5690.295889725875,0.0983977248510318,1.4441579265993507,19123.18128621591,0.0562276926253314,0.1028041937973895,1490.319093544293,16.162818392248596,1.0951204249094908,-0.5417205007519597,Gradual Degradation Trend,Mild,24.4
2004-02-16 19:12:39,0.0956801554068129,0.5436207732186147,8096.695425692783,0.0949979006244184,0.0631635936691505,26518.672508993448,0.0994323542233927,1.1577485379099466,48786.60564451841,0.0574318188668909,0.1035227762141213,2400.646054003769,15.75723237852152,0.9011905791109257,0.6443151376957498,Gradual Degradation Trend,Mild,23.8
2004-02-16 19:22:39,0.0958854337542986,0.5675984206307501,9458.36431180158,0.0920210305764903,0.1182629501203451,17314.96042431266,0.1006329514521399,2.062629244750592,134658.79895835108,0.0568180247760613,0.1223593392570889,3429.078763609746,15.933167723978316,1.1250404350466425,0.9871468801889115,Gradual Degradation Trend,Mild,24.1
2004-02-16 19:32:39,0.0935912189244569,0.5771797568819839,2406.8314582423777,0.0938750798414274,0.0664180251355772,5097.483079857871,0.0992579686268941,1.766519061067747,11686.752339201666,0.0563589067245586,0.0840654336525501,1613.2684797895588,13.966893718053612,1.2144896083806724,-0.7882401614742555,Gradual Degradation Trend,Mild,21.1
2004-02-16 19:42:39,0.0978013926401038,0.6771886124561832,10398.501227805851,0.0938417337653868,0.293605936474997,33607.01657653023,0.0983248460044401,1.3466827764639682,57329.20219173868,0.0567911908262958,-0.0120665166492872,1871.0935295679624,17.575254639543747,2.1481495095288614,1.2238481666646155,Gradual Degradation Trend,Mild,26.5
2004-02-16 19:52:39,0.0971068106057223,0.6499851458312187,12484.287470855232,0.0928754455637865,0.2119619917026449,22995.367994281853,0.1027148812303839,1.3740827707931489,223539.31266432864,0.0570770513860156,0.0846422992621889,2996.030636507331,16.979957903849254,1.8941841400210744,1.7489932584470458,Gradual Degradation Trend,Mild,25.6
2004-02-16 20:02:39,0.0940915188314846,0.5973913543767058,1990.874249885405,0.0920377220771801,0.1000494804919758,1440.6087473024932,0.0991818533758192,1.6305395275342305,60957.97846125167,0.056420011306107,0.2352882743744508,1453.110971495778,14.395679501128246,1.403180479910227,-0.892967041847593,Gradual Degradation Trend,Mild,21.7
2004-02-16 20:12:39,0.0963370137322293,0.5472246871079176,1192.4047966625242,0.0937685848766292,0.1179868217021629,4052.4804405902655,0.098338259498783,0.9653432288637503,36033.64599980877,0.0570580403685854,0.0995919254838315,2656.730481268202,16.32019772685841,0.9348358984810359,-1.094000256874062,Gradual Degradation Trend,Mild,24.6
2004-02-16 20:22:39,0.0958921271472696,0.6811948931940965,1964.2078513713416,0.0924154253349718,0.2394520618148115,11640.886691464282,0.0996046462112837,1.5750494584585732,62849.7484260823,0.0573582500400443,0.3127039771623918,3836.427645981917,15.938904346564454,2.1855512341687047,-0.8996809265238587,Gradual Degradation Trend,Mild,24.1
2004-02-16 20:32:39,0.097419228111597,0.5790203454839511,2931.276730854496,0.0929888048222237,0.1073263977108043,8057.203721549345,0.0976461977326338,1.8205509096108203,22772.57166158462,0.0562328272397449,0.1276031782557316,1174.8658064570077,17.24771766758492,1.2316729244210427,-0.6561988932289973,Gradual Degradation Trend,Mild,26.0
2004-02-16 20:42:39,0.0976594566973515,0.6133940913684968,8159.220759461826,0.0923204927882855,0.1068783121770353,21795.88172215648,0.0998331381293305,2.0145272324144408,34661.62299348551,0.0568796297909563,0.1839519764851913,1639.3271703566163,17.45360737656292,1.5525783882461626,0.6600573415051234,Gradual Degradation Trend,Mild,26.3
2004-02-16 20:52:39,0.0948368912264631,0.6512805700988582,4216.391994549421,0.0942563251669848,0.2102864320436817,20396.141226879277,0.09716006872722,1.407011104853452,15488.697601854616,0.0568690372904601,0.0307145273104909,1181.8196759615453,15.034506495843992,1.9062779259835778,-0.3326413017677441,Gradual Degradation Trend,Mild,22.7
2004-02-16 21:02:39,0.0975108567673364,0.5207344685544979,6302.5331322736665,0.0933811182839075,0.114985876422534,6927.860882439248,0.1000406096741936,1.0214688125169946,90726.9731447788,0.056698970380312,0.1491227624635449,1777.006783067447,17.326248693378446,0.6875292505449461,0.19259314298516744,Gradual Degradation Trend,Mild,26.2
2004-02-16 21:12:39,0.0984480222550839,0.5386898269168503,2392.787074325437,0.0938157394510643,0.1838073018899662,7480.135245102796,0.0978280146940761,1.9263947632068792,23016.96693469508,0.0563654890813075,0.1323062341500818,698.8684221150547,18.12945339497773,0.8551563873362118,-0.7917761610550691,Gradual Degradation Trend,Mild,27.4
2004-02-16 21:22:39,0.099419494264675,0.6725187096744207,5893.104178157828,0.0929718584039177,0.2582934449040737,12128.216052878544,0.0980566317356646,1.265132194654421,25147.260231017262,0.056993712389641,0.161853083612383,288.52618545846,18.962060758113914,2.1045523606108123,0.08950990211902454,Gradual Degradation Trend,Mild,28.6
2004-02-16 21:32:39,0.0983794699985088,0.5520838440108813,1401.6859762531142,0.0942389059079038,0.1496912322863073,16203.289578429714,0.0977948399093256,2.002529282017104,12385.24217758004,0.0571395076968969,0.1806314929668997,1719.495404263068,18.070700169953728,0.9801998807767699,-1.0413088630983702,Gradual Degradation Trend,Mild,27.3
2004-02-16 21:42:39,0.0980513148895133,0.6552368688722146,3209.8562021372486,0.0931783152750681,0.1934762580094138,3734.155724121362,0.0978817773335996,1.70917260705676,24118.275698970763,0.0566079164178639,0.1934832261475612,1091.838184219329,17.78945237557269,1.9432130303844477,-0.586060046305929,Gradual Degradation Trend,Mild,26.9
2004-02-16 21:52:39,0.0979275107581176,0.6111333437801081,3029.9466188143087,0.094072803630021,0.1342638774293778,10496.597557482432,0.0984369528754636,1.1618136584261185,21861.44293743396,0.0562247986080486,0.1260479632753037,979.6983312743928,17.683345117340806,1.5314725635891657,-0.6313564590910369,Gradual Degradation Trend,Mild,26.7
2004-02-16 22:02:39,0.0972731462955443,0.5724844892623211,5393.732145662843,0.0937205003066798,0.099768724780779,15540.885286827835,0.0982442475554389,1.1460013561048277,38165.08604028011,0.0568487130186339,0.1496238840375809,1382.058116759603,17.122517152835165,1.1706556591121882,-0.03621859604901564,Gradual Degradation Trend,Mild,25.8
2004-02-16 22:12:39,0.0983864535303577,0.5403197851984634,14664.97432344993,0.0934557893889538,0.1308556261276687,32211.763922567163,0.0996314938677148,1.070810562330733,111277.82829207645,0.0565359416240014,0.1323372166418575,2029.0815867189635,18.076685458238604,0.8703733066714944,2.2980317810524853,Gradual Degradation Trend,Mild,27.3
2004-02-16 22:22:39,0.1037937969963613,1.0579778032148015,12169.600994309843,0.0935143092012694,0.211073203724613,19083.33144471534,0.1014350471919253,1.474125626425728,134885.8482183902,0.0568309380318337,0.1041556582346823,2083.2650639992826,22.711089682294343,5.703110679324616,1.6697636350094511,Gradual Degradation Trend,Mild,34.3
2004-02-16 22:32:39,0.106386491144538,0.8593839482326833,4969.315637195451,0.0926906863178719,0.160525651493923,7300.320867960352,0.0982806421384222,1.5137345911950089,23830.15789880428,0.0579412885593846,0.1341010387782546,985.272524648391,24.933177623912567,3.8490836739493304,-0.14307530154115689,Gradual Degradation Trend,Mild,37.6
2004-02-16 22:42:39,0.1050278945927134,0.8594033690020821,1620.0447167489183,0.0936417674717557,0.2848389263936877,2478.586211849096,0.1013468894055831,1.7665340061652328,51962.36805332844,0.0573998958786076,0.1192909606926937,695.7279323634807,23.768782271897525,3.849264981829848,-0.986331982700732,Gradual Degradation Trend,Mild,35.9
2004-02-16 22:52:39,0.1053547935289669,0.8345135768103162,9956.4708062433,0.0949842883800394,0.1518405415052099,33844.06094057353,0.0987690235829597,1.164244553155676,100508.7450011583,0.0580528420553475,0.0411715596066737,2836.3344549333788,24.048953454020012,3.616899549949451,1.1125567497825468,Gradual Degradation Trend,Mild,36.3
2004-02-16 23:02:39,0.1062761847330165,0.8989962838910843,5324.997418365392,0.0935712981730876,0.0971758773460447,15384.005646351772,0.0973649871496743,1.0982601098828129,54620.74706888953,0.0573156943459588,0.192755413262875,1716.8925771094066,24.838638687610544,4.218895418946571,-0.053524158781316084,Gradual Degradation Trend,Mild,37.5
2004-02-16 23:12:39,0.1042921618785269,0.7805928630818695,5343.915315909893,0.0930071798198766,0.1219608394082976,36073.61168159373,0.098088138229493,1.4129885564833795,57241.28433460989,0.0573294004525601,0.0312749312903237,1977.4004878936512,23.1382170378156,3.113508045662212,-0.04876113904454124,Gradual Degradation Trend,Mild,34.9
2004-02-16 23:22:39,0.1058579707010176,0.932443746332901,8664.241061200302,0.0935170950698988,0.1615644360699271,22354.78202655945,0.0983724504811782,1.6683315984528768,77785.21496477723,0.058868371027419,0.126361842094445,557.9963387525356,24.480205218636257,4.531153311488046,0.7872079225352833,Gradual Degradation Trend,Mild,37.0
2004-02-16 23:32:39,0.1062098991421291,0.761813167054199,7224.909348661749,0.0930848773150914,0.1026500176433771,21715.90691634231,0.0988960524956317,1.3815299938346677,44197.06709193526,0.0564030097753546,0.1024199932713432,1300.7583470183993,24.78182812539381,2.938185080149633,0.4248227611577824,Gradual Degradation Trend,Mild,37.4
2004-02-16 23:42:39,0.1030159020453577,1.035295589771101,7039.985274837331,0.0935743135077009,0.1720924482384314,19251.070253355152,0.0995270296887829,1.6824921420275665,40763.5967622073,0.0580572648003137,0.1498265586814668,802.2241536307143,22.044388987310164,5.491354699915818,0.3782638340170371,Gradual Degradation Trend,Mild,33.3
2004-02-16 23:52:39,0.1059693812647077,0.7446224362206095,6529.943820459858,0.0929433147979186,0.125068553737687,25216.12632845784,0.0982628368582032,1.7787757672035207,38066.47954944627,0.0579196313127617,0.0980211959875334,1897.815867552568,24.575690476825606,2.7776963318422783,0.24984906128351053,Gradual Degradation Trend,Mild,37.1
2004-02-17 00:02:39,0.1059593810367326,0.8544294796051406,5832.896754110778,0.0932409101949588,0.274546626197254,6623.5544189334405,0.1003387421866237,1.3671030342176618,79419.77461440963,0.057800846376129,0.0480781151133449,1429.3644555964606,24.567119706527635,3.802829883097766,0.07435128587417508,Gradual Degradation Trend,Mild,37.1
2004-02-17 00:12:39,0.1046403041935503,0.9503298348422976,6961.138738723796,0.0930606861601275,0.1234867064882823,22234.38443255648,0.1005052346759392,1.4362026064528886,121392.139447809,0.0570306648086415,0.0458638046560824,3651.393415334015,23.43659501684741,4.698133760706577,0.35841238874931186,Gradual Degradation Trend,Mild,35.4
2004-02-17 00:22:39,0.1056420719376577,0.8951812464408859,11580.760857825622,0.0940349053688808,0.1565924786816594,20593.47890245628,0.1019866903559755,1.0750359811678916,176462.36771731428,0.0573900421968774,-0.0208193808610586,1906.678442286182,24.295167566196735,4.183279098090002,1.5215094653649617,Gradual Degradation Trend,Mild,36.7
2004-02-17 00:32:39,0.1043595436721948,0.7816348788004697,4745.038626856565,0.0943483175753382,0.251895181364655,26359.14284089524,0.0985969371018155,1.53398742125146,47785.71976953442,0.0587973163848699,0.1563361114726498,1339.397382473084,23.195967108837028,3.123236067118285,-0.19954224371779816,Gradual Degradation Trend,Mild,35.0
2004-02-17 00:42:39,0.1066278717190948,0.7678642560795548,1200.329059880926,0.0940010653820942,0.2350928162411536,13547.75868974656,0.0975444142129144,1.3484219806451971,5477.530275892206,0.0582646093032951,0.1030880093454489,2192.376821276054,25.140054653523144,2.9946766693075646,-1.09200513970949,Gradual Degradation Trend,Mild,37.9
2004-02-17 00:52:39,0.1066217742038416,0.7654697765915426,8195.185534245644,0.0937297923533887,0.1421272592849063,16583.5890483972,0.0999988456964629,1.2153298985240015,113634.37673415524,0.0597049148351184,0.1829137267333038,2119.778830687276,25.134828732398784,2.972322354089747,0.6691123081958474,Gradual Degradation Trend,Mild,37.9
2004-02-17 01:02:39,0.1047026854657988,0.7869819151709754,5551.546466411054,0.0922585795891769,0.1648527531864885,22932.429255865616,0.0966804407167628,1.2880893119545336,52625.27186980801,0.0578593230994906,0.0758730975785551,1806.6843931706728,23.49005935352734,3.1731547810207577,0.003514821615461208,Gradual Degradation Trend,Mild,35.5
2004-02-17 01:12:39,0.1042101031832746,0.8916386740504207,4970.68842354478,0.0930876262042584,0.163804217225322,11994.93701072756,0.0973093777096245,1.2690715925292002,17749.63740836221,0.0577994165938874,0.1710771190033413,1020.0360610307474,23.067888018346302,4.150206448984063,-0.1427296707192938,Gradual Degradation Trend,Mild,34.8
2004-02-17 01:22:39,0.1061232803618773,0.8149963220300802,11937.81317690901,0.0932998591676489,0.2349250846828381,52593.81737559207,0.0993147272012691,1.5723532509562943,95482.1148042159,0.0579857787488395,0.0360070300386072,2430.399078119124,24.70759085091601,3.434690903883309,1.6114056728507526,Gradual Degradation Trend,Mild,37.3
2004-02-17 01:32:39,0.1068563701324849,0.9259511693175684,4105.873012963653,0.0928640750009456,0.2195734749482505,13344.47969013992,0.099591413576689,1.1583167230556386,96901.18850930192,0.0598926085635521,0.1909816507645847,3056.102893346389,25.33589093040529,4.470540090993437,-0.36046702020939386,Gradual Degradation Trend,Mild,38.2
2004-02-17 01:42:39,0.1048405825713795,0.7773012336510248,6380.953982716991,0.0928963326148091,0.0885582151681592,12515.81394656887,0.0972769097369398,1.3063793667742702,16142.4078330839,0.0573585684191451,0.177303850062132,1590.5718606005123,23.608245100855232,3.0827781428813648,0.21233741200647815,Gradual Degradation Trend,Mild,35.6
2004-02-17 01:52:39,0.1035993597651549,0.8176352010912522,2860.650458954639,0.0923990134446622,0.2220265038852398,4065.3838378999744,0.0958407464580729,1.3396175207131868,39538.56551785301,0.0581038725883707,0.1563513015111577,1801.535579142187,22.54444579675573,3.4593268778603123,-0.6739806962122588,Gradual Degradation Trend,Mild,34.0
2004-02-17 02:02:39,0.1061608500070471,0.6430516614183497,4410.412141699087,0.0928490968462065,0.1286881879827,13841.499440628955,0.0990191777313554,1.729040587640113,54223.01899721491,0.0578237286392878,0.1279362967260371,1939.844444086957,24.73979019674374,1.8294547084685966,-0.28379222707368873,Gradual Degradation Trend,Mild,37.3
2004-02-17 02:12:39,0.1063185284519471,0.7746946322817005,2477.843394675523,0.0923165473892681,0.2015282091791497,4137.457313998696,0.0978170071844934,1.0981121868621644,40209.83566992908,0.0590101669603425,0.1840706298850425,2159.2183379980647,24.87492968911765,3.058443506085023,-0.7703612584945749,Gradual Degradation Trend,Mild,37.5
2004-02-17 02:22:39,0.1049126354829787,0.7594868721250303,3021.853156790104,0.0945501641718398,0.1606813057511598,21060.73217580622,0.0996923573463946,1.6351820967046369,19094.16850822229,0.0571778881095819,0.046184540528332,1926.2300107989315,23.66999858849112,2.916467320445866,-0.6333941759815869,Gradual Degradation Trend,Mild,35.7
2004-02-17 02:32:39,0.1029637437136551,0.7345061687411092,10673.5085226782,0.0946690594151377,0.1932179055596314,32619.95194357727,0.1009258004055454,1.5576539661030957,68661.03422209593,0.0573984076195988,0.1751304837505332,1799.3915886378604,21.999686298405358,2.683253162378237,1.2930876352764324,Gradual Degradation Trend,Mild,33.2
2004-02-17 02:42:39,0.1020035416530505,0.9054039207769428,14933.45968255449,0.0930971445336133,0.1432711616048738,47279.62321563676,0.1015402610267228,1.3835984825528105,166926.05224141164,0.0580175375896698,0.0941516887915021,3874.143567663076,21.17673792947147,4.278715657735379,2.3656292009794058,Gradual Degradation Trend,Mild,32.0
2004-02-17 02:52:39,0.1048912713651319,0.7653851180387239,2156.1275379002022,0.0937672468510793,0.1519315220619188,4238.295380767702,0.0975796779800358,1.4101907779089773,12839.477056796311,0.0585080085163294,0.0779423731219797,616.8897917220553,23.65168831125149,2.9715320011194803,-0.851360691536736,Gradual Degradation Trend,Mild,35.7
2004-02-17 03:02:39,0.1028386345962693,0.8056773825533741,4265.576122172263,0.0929124506529029,0.1218684653865964,6357.474841125511,0.0987530517724642,1.257175068157686,68391.03130056227,0.0575487246851798,0.0914488076622683,2338.257169780675,21.89246059215497,3.347691407082027,-0.32025805621666825,Gradual Degradation Trend,Mild,33.0
2004-02-17 03:12:39,0.104138791478608,0.767350526474162,1761.6336219747648,0.0933393406851111,0.1639904465927379,1741.7874534033688,0.0986598725875134,1.9111243695235487,31096.07031167124,0.0574504737455989,0.1674088036716923,726.9603682737318,23.00676978766439,2.9898806067005683,-0.9506836899391997,Gradual Degradation Trend,Mild,34.7
2004-02-17 03:22:39,0.105271053834331,0.8042036898939058,9882.314978111952,0.0947129145451697,0.1285890586290543,27289.72098160199,0.1000232387548794,1.098818351838449,106680.91882164955,0.0577594427142112,0.055319705121974,1290.1431995305763,23.977183721436592,3.333933348009537,1.0938862991071672,Gradual Degradation Trend,Mild,36.2
2004-02-17 03:32:39,0.1053157691443629,0.8374606137177665,3761.184599739918,0.0947270827949628,0.1645233031567374,16901.81475287871,0.0983328632856438,1.3097996294809118,13922.62939180726,0.0582377895933452,0.0734159806152301,1108.5856658521354,24.015507312862713,3.6444124154041364,-0.4472503274643518,Gradual Degradation Trend,Mild,36.3
2004-02-17 03:42:39,0.1032144789363845,0.7876753191941415,1434.0549575802445,0.0936347510359401,0.0351775718854616,14682.270766710775,0.0979853442385486,1.8906217716180844,13995.50676147283,0.0579645407838382,0.1829706299173299,1102.4125660037969,22.21458079930812,3.179628243075772,-1.033159220858383,Gradual Degradation Trend,Mild,33.5
2004-02-17 03:52:39,0.1040031481926598,0.7657113842738918,1878.723009475546,0.0938261958586027,0.0967801134357437,4890.170948393581,0.1003397339394083,1.5834312297968918,15208.30208312063,0.0575264451755125,0.0863247412322176,617.3871181656353,22.890515693335935,2.9745779483921084,-0.9212037193282369,Gradual Degradation Trend,Mild,34.6
2004-02-17 04:02:39,0.1048005406489513,0.8513716239181859,1505.1532202162143,0.0930513391036602,0.1842019842294995,10260.052395400162,0.0969192053880286,1.5142759316713803,8121.91791011452,0.0567560307058587,0.0693072782978685,2258.908888104567,23.573926871283298,3.7742824387538065,-1.0152585832537586,Gradual Degradation Trend,Mild,35.6
2004-02-17 04:12:39,0.1048891609461357,0.8011197732616546,1635.9850377911396,0.0940570900126121,0.1337474970278762,13404.647154049528,0.0977988503854659,1.4728456639479663,10307.486488013476,0.0574512951843505,0.0718980383127338,1143.8606783691175,23.649879560841608,3.305142604615012,-0.9823186369493857,Gradual Degradation Trend,Mild,35.7
2004-02-17 04:22:39,0.1044804940302853,0.8875430047913371,2781.6325568259053,0.0931896985823808,0.2563775975191547,3904.72874611143,0.0985108231383264,1.907472991147242,19450.73315506645,0.058484057322808,0.2219405734365356,883.9350018021202,23.299628519280024,4.111970213466553,-0.6938752868512221,Gradual Degradation Trend,Mild,35.2
2004-02-17 04:32:39,0.1053248272644263,0.8239941692202497,3183.251547645694,0.0940709368620796,0.1589112843653843,10329.31304173783,0.09851899900051,1.669063712295336,23074.35629518422,0.0580702737160169,0.1097451585434803,799.1068636251224,24.023270642517605,3.5186927562181483,-0.592758385491627,Gradual Degradation Trend,Mild,36.3
2004-02-17 04:42:39,0.1071076169166437,0.9259360914985332,1385.1541793891488,0.0923686205404566,0.1294276800387344,3841.0563658533633,0.0973841747422771,1.2648076245669255,15446.048452446916,0.0577487980969355,0.2517246940611768,785.773598313224,25.551223868863236,4.470399327908517,-1.045471126614292,Gradual Degradation Trend,Mild,38.6
2004-02-17 04:52:39,0.1071243110483242,1.0499797079690092,4578.799404305897,0.0946727933092118,0.2180582765223424,4064.266531014759,0.0991193953826173,1.287090997941868,19690.77626401096,0.0582959917683025,0.0658516940851883,808.2337117981606,25.56553169947609,5.628442283474212,-0.24139682592876335,Gradual Degradation Trend,Mild,38.6
2004-02-17 05:02:39,0.1052075731459747,0.8787991225503635,5940.055182455069,0.0921414145930217,0.0633058328690929,11948.989581391024,0.0978961508316657,1.0877559485772252,46028.96178718692,0.0573960201146386,0.1107345934305303,1522.8705762668058,23.922777121945735,4.0303393200633,0.101330907048516,Gradual Degradation Trend,Mild,36.1
2004-02-17 05:12:39,0.1051648280769437,0.8321046946773341,2113.4840549354344,0.0965334399537117,0.253346512590646,19674.76515562209,0.0997144915946743,1.0574691011906276,18505.765858944334,0.0584545325278277,0.0645573864707733,1750.4489662510591,23.886142140328555,3.5944107749180323,-0.8620971780056063,Gradual Degradation Trend,Mild,36.1
2004-02-17 05:22:39,0.1057496229954124,0.8605328986184082,1769.680821785636,0.0940958695481136,0.2824228917075726,10261.357185092762,0.0993680638302618,1.4907314936539509,10169.94750213691,0.0583575736000424,0.09689483923301,1177.78893202369,24.38734500591251,3.8598100131060087,-0.9486576206344691,Gradual Degradation Trend,Mild,36.8
2004-02-17 05:32:39,0.1054392914878183,0.9539876786626972,1188.1785933304666,0.0943980981150275,0.178274722093036,6201.688629066012,0.0993708298063684,1.209929271634115,35383.13614463617,0.0580731375649759,0.0843207189603711,3100.6846411482525,24.121373062629495,4.7322825576322245,-1.0950643016409216,Gradual Degradation Trend,Mild,36.4
2004-02-17 05:42:39,0.1066928828002804,0.9485028239098772,3663.802109131391,0.0939584604235097,0.2325604569294506,5861.527844030576,0.0978900738212735,1.5934724329496357,44029.38835660337,0.0588453639250259,0.1171454186484104,788.5619814398323,25.195772887652566,4.681077202697124,-0.47176862944233927,Gradual Degradation Trend,Mild,38.0
2004-02-17 05:52:39,0.1071459699975633,0.9324927361688928,6223.510524896349,0.0930890783801831,0.1596720348561935,15755.800215808042,0.1015118517941993,1.476972773166939,126184.5858536942,0.0575877201129937,0.1652199660388422,2388.422181194687,25.584094664169076,4.531610669440667,0.17269736769067778,Gradual Degradation Trend,Mild,38.6
2004-02-17 06:02:39,0.1082455801187021,1.0423942932084935,2436.944386184816,0.0947174957645431,0.2378936685893498,9637.922748232086,0.0991569098622859,1.007160265584612,20431.37688315933,0.0586424822347779,0.0207293257613638,811.5311452458388,26.52652375569235,5.5576265786567856,-0.7806585330303694,Gradual Degradation Trend,Mild,40.0
2004-02-17 06:12:39,0.1066530244622867,1.1178083967298198,3658.460260901183,0.0942452636823861,0.1279009545706539,19632.381174771504,0.0981478675583428,1.032960033600883,39578.53169341749,0.0580109145845633,0.0598024476865979,1692.238117540256,25.16161200049546,6.261675475473336,-0.47311356370321495,Gradual Degradation Trend,Mild,38.0
2004-02-17 06:22:39,0.1057523000913425,0.9838773110024168,2504.812283833657,0.0939889641959363,0.150793274355486,11847.115887671522,0.0976596131920873,2.0329902820496004,7915.049115882466,0.0577293959287369,0.0939182609370394,1585.1933870715582,24.389639431033572,5.011325358546525,-0.7635712147787275,Gradual Degradation Trend,Mild,36.8
2004-02-17 06:32:39,0.1072800343107642,1.068532133388807,4072.3263622360737,0.0956065464220416,0.2923440464426479,18020.888162025327,0.0990707639001821,1.1015400905327295,27478.52761897028,0.0585326752529356,0.0750979228022417,3034.8679879672413,25.698995488076342,5.801643502346835,-0.3689131680512611,Gradual Degradation Trend,Mild,38.8
2004-02-17 06:42:39,0.1092699857470305,1.1376804821538258,2536.586029761035,0.0934517464055648,0.1226359528494374,3919.5262508143874,0.0982553632442015,1.460441523101534,15069.038685826295,0.0570191785169691,0.1079695445394208,899.1757366745541,27.404498273294127,6.4471967396259915,-0.755571436864328,Gradual Degradation Trend,Mild,41.4
2004-02-17 06:52:39,0.1065008807365284,0.9490147794299428,2524.666256395885,0.0932371430479827,0.0538163329940211,4053.134120057264,0.0979817938884247,1.447269479973209,8350.837195639107,0.0567165714974192,0.0896065648300661,1305.774835289118,25.03121608062264,4.685856702847509,-0.7585725164326332,Gradual Degradation Trend,Mild,37.8
2004-02-17 07:02:39,0.1097905923561844,1.0141714282015115,1736.9440555875449,0.0953230232407975,0.107935429662989,5482.208281368293,0.0993714992995822,1.1473558767572838,10581.803255512115,0.058719438111322,0.1185269947923526,1175.4184732812785,27.85068806754392,5.294144337996735,-0.956899861250949,Gradual Degradation Trend,Mild,42.0
2004-02-17 07:12:39,0.1127678235635059,1.0775865528894446,773.3763215729,0.0941707918470975,0.2156365546556951,6893.473229649189,0.0996599699936771,1.7593115844865608,9864.00528622984,0.0588961745362124,0.1212732183783829,904.2674370157524,30.40234637627695,5.8861735008892895,-1.199500399922605,Gradual Degradation Trend,Mild,45.9
2004-02-17 07:22:39,0.1202887074688694,1.345963647530156,2090.7136304897977,0.094769098761559,0.2199885291462653,11789.341731331177,0.0990058350355864,1.4365369530860708,29527.31834721247,0.0600216387575399,0.1050449108348994,694.6309832608132,36.84817626645951,8.391680940345765,-0.8678301607958019,Gradual Degradation Trend,Mild,55.6
2004-02-17 07:32:39,0.1668962865344354,2.3890722982950106,7619.369750965805,0.0974348748343444,0.0828202852633865,16225.747981327762,0.1043565330313733,1.308116674732286,121325.17397011515,0.0642497169102469,0.1650647401648552,1862.5112530398565,76.79355104290373,18.129905762220314,0.5241373217283084,Gradual Degradation Trend,Severe,115.9
2004-02-17 07:42:39,0.1717619405135619,2.3850877136573763,18339.275335369573,0.0982766940517944,0.126511905121931,56067.378751728495,0.1041365092022395,0.8057911150388679,185415.94804079933,0.064586945547504,0.1275649453791558,2619.7168341658494,80.96369623442473,18.092706587431934,3.2231223307532373,Gradual Degradation Trend,Severe,122.2
2004-02-17 07:52:39,0.1737544359258383,2.6268074089323488,2742.6301184029617,0.097692739432829,0.1940151972424248,14148.6294085285,0.1005969225190935,0.946027933205694,21027.743971461718,0.0647918399146933,0.2340188537374374,1130.2139914116112,82.67137935333896,20.349346616959718,-0.7036950558585252,Gradual Degradation Trend,Severe,124.8
2004-02-17 08:02:39,0.171779184372245,2.6189030455499074,4305.087559094525,0.0980017062291678,0.1183993539448753,5930.03461951124,0.1026554221332676,1.3983812845764865,64060.36625503896,0.064855886665408,0.1913506183365823,1049.063395336205,80.97847521268318,20.27555328044049,-0.31031013502477184,Gradual Degradation Trend,Severe,122.2
2004-02-17 08:12:39,0.1691172613771377,2.507133901376002,4064.9235030434743,0.0969124388341416,0.1679826629319185,13228.113556119795,0.1007211657133506,0.908697025329047,25137.31533208491,0.0646698488901029,0.1693811752640686,887.4078295981946,78.69705416920843,19.232102003034335,-0.3707770096520507,Gradual Degradation Trend,Severe,118.8
2004-02-17 08:22:39,0.1736918046931924,2.506406651824572,1603.9688248384568,0.097880734236956,0.3036602038983229,1870.3395646564588,0.1014414581598359,0.8832941250629776,47244.39143214144,0.0630845101425213,0.1889108413237674,1565.597608542007,82.61770078622799,19.225312566834916,-0.9903794615643673,Gradual Degradation Trend,Severe,124.7
2004-02-17 08:32:39,0.1685995352054221,2.467265336797422,1526.202433762482,0.0979962289512809,0.2237788357543619,3511.892744684917,0.1027014885576305,1.4922883584596836,14202.854981522472,0.0650442153551864,0.1709746744101719,886.5203070309551,78.25333307544253,18.859898163187975,-1.0099589552518295,Gradual Degradation Trend,Severe,118.1
2004-02-17 08:42:39,0.1668656055700683,2.686524509219736,15118.309854189052,0.098401110585466,0.2071184567234327,37698.04542066858,0.1037935351995428,1.0112836032134114,156913.03333442585,0.0640800227559748,0.3245934940356538,2869.989856760479,76.7672556925612,20.906851866180492,2.412169521528798,Gradual Degradation Trend,Severe,115.9
2004-02-17 08:52:39,0.1725233718032411,2.2215812294847064,4577.340971984949,0.0976245981205716,0.2642053411579348,17037.845156973704,0.1014390203694595,1.3446502359814891,33034.82970147928,0.0644704912210326,0.2062912918081134,995.9364701999586,81.61628662514121,16.5662472856706,-0.24176402011157816,Gradual Degradation Trend,Severe,123.2
2004-02-17 09:02:39,0.169824769523618,2.547557372864662,16818.198563222464,0.1022345488497681,0.0749493476333973,40502.00333362755,0.1030815869795316,1.4909241259206212,116768.73957971547,0.0641965742581672,0.1720737758567687,2124.4902180227955,79.30342932610695,19.609486327427163,2.840155953551753,Gradual Degradation Trend,Severe,119.7
2004-02-17 09:12:39,0.1688369467847881,2.248777066522476,1569.093288439914,0.0968277596511584,0.1866744173533128,7246.023850748864,0.100413527056944,1.2362986124417326,24047.50054168037,0.064223723195512,0.262809830400621,2369.622430710661,78.45680844799303,16.82014142708978,-0.9991601872135107,Gradual Degradation Trend,Severe,118.4
2004-02-17 09:22:39,0.1684934776243671,2.29543109013067,2369.857972630375,0.0976708589072887,0.1747177656065166,6352.64536686765,0.1025729347030382,2.011208696220044,57343.774733258935,0.0652777329713203,0.2192428440932454,1879.2302914648317,78.16243563111989,17.255692767219593,-0.7975490945252497,Gradual Degradation Trend,Severe,118.0
2004-02-17 09:32:39,0.1695095153118254,2.236064581689714,10363.27225459199,0.0978583897942583,0.1945592288838384,39638.46880052733,0.1013229566916322,0.8915626127387712,86916.61209751193,0.0647037924832752,0.2529065793558542,3099.9331914888385,79.03323834231453,16.70146056363866,1.2149784550949643,Gradual Degradation Trend,Severe,119.3
2004-02-17 09:42:39,0.1699360301575364,2.384176895930011,981.1830576414828,0.0977449776922707,0.118852161026778,6745.451249744433,0.100295888178663,1.2886323661846353,5738.3463080040165,0.0636157129610827,0.0924226252992044,885.5337187448297,79.39878608586233,18.084203400545004,-1.1471802315211683,Gradual Degradation Trend,Severe,119.9
2004-02-17 09:52:39,0.1650954306475594,2.759009037211744,6110.9037741311,0.0973321707599483,0.1594166548401685,8748.363043986441,0.1027151443503159,1.5468127545572674,77735.68858304643,0.0648948292792846,0.1521214705754361,2481.477723708866,75.25011401480944,21.583550912992216,0.14434600490698057,Gradual Degradation Trend,Severe,113.6
2004-02-17 10:02:39,0.1655270049130012,2.50987514293984,1539.760740692173,0.0976524164247549,0.1273508664412532,11290.633257723704,0.1001634964714722,1.0085530001418537,6782.505335377874,0.0641680068684445,0.1818056476744303,2040.9818707646425,75.61999797193774,19.257693610025758,-1.0065453368330037,Gradual Degradation Trend,Severe,114.2
2004-02-17 10:12:39,0.165036882566964,2.373606332702642,6784.158610397989,0.0972212062229898,0.0180918566604808,7556.217602749309,0.1013372369650126,1.2357384491314063,74298.58137547076,0.0647119273775853,0.1694406717416647,1740.4344827867549,75.1999349437503,17.98551902943325,0.31385353424395007,Gradual Degradation Trend,Severe,113.5
2004-02-17 10:22:39,0.1681014250722703,2.370612072790797,1753.500462184354,0.0972393983215522,0.168064642675243,2353.4028318035757,0.1020150867748859,1.111891394863619,44430.36676553809,0.0639074182350433,0.2646985951839515,980.48656697319,77.82642405447187,17.957565300763378,-0.9527314016636629,Gradual Degradation Trend,Severe,117.5
2004-02-17 10:32:39,0.1640990355152377,2.5158891668515384,8383.211677505282,0.0970607375182062,0.2903953508603321,14652.415264399597,0.1009690546652785,1.3062558730376868,34692.40228309008,0.0651587806762737,0.2399888540352019,854.001639258461,74.39614610263737,19.313839167723224,0.7164522533070117,Gradual Degradation Trend,Severe,112.3
2004-02-17 10:42:39,0.1651642370348753,2.3421508310443384,4761.033573607474,0.0964787361712575,0.1425166360984207,16912.744001070736,0.0997993516797735,1.1775600011491931,29410.49564438684,0.0633646175389655,0.1582765347829293,665.048231582776,75.30908504448853,17.69185762914786,-0.1955151446765844,Gradual Degradation Trend,Severe,113.7
2004-02-17 10:52:39,0.1641279000600598,2.578314431277734,4820.086273861472,0.0974528571925933,0.1322465746223482,4093.481234125806,0.0992617800392603,1.1257452308590894,44466.17153002416,0.0644214918585502,0.2500726684863159,1629.1423857332288,74.42088467700205,19.896627220627888,-0.18064725694445108,Gradual Degradation Trend,Severe,112.3
2004-02-17 11:02:39,0.1638367454217478,2.531885326050883,4904.850422428721,0.0978395709343872,0.1879986299455556,11444.15994806944,0.1011932569104316,1.329071704720327,49573.43312120907,0.0639078594693416,0.1635330381410491,2032.662432002835,74.17134841319157,19.463175667286805,-0.1593059154107523,Gradual Degradation Trend,Severe,112.0
2004-02-17 11:12:39,0.1632158990034365,2.6241708680097338,3190.48727419708,0.0975250754013102,0.1402967046774019,17869.97017630634,0.1021783195417452,1.4809918274601932,24467.2258564793,0.065594607173413,0.2325840321201835,1413.3690904978955,73.639247339605,20.32473247131183,-0.5909366234119304,Gradual Degradation Trend,Severe,111.2
2004-02-17 11:22:39,0.1684788962349958,2.3984384000021723,2795.113314320733,0.0986262446451881,0.1730651685444035,10576.594125095286,0.1030100839363706,1.503680048397083,89827.0026191566,0.064861180262759,0.1769384239826847,2958.8021966412043,78.14993854212973,18.217345554865123,-0.6904811933023223,Gradual Degradation Trend,Severe,118.0
2004-02-17 11:32:39,0.1669735067402161,2.304491357206317,3442.0282492726565,0.0975413393932285,0.1774179652384298,19931.60334887629,0.1011009297585678,1.2185404486229112,48968.68056472679,0.0654550369737453,0.1736540662644663,2221.0478581831258,76.85973319872619,17.340277357390697,-0.5276053453946852,Gradual Degradation Trend,Severe,116.0
2004-02-17 11:42:39,0.1656380958855593,2.6610620225085304,1984.082512249566,0.0982705143679457,0.1356875085082647,3872.996256415399,0.1022627733082156,1.436570099822834,38758.45177866514,0.065374453645542,0.1589669675545426,2191.8985483040487,75.71520932215333,20.66913988868333,-0.894677019414096,Gradual Degradation Trend,Severe,114.3
2004-02-17 11:52:39,0.1641586673508476,2.4481806492189087,7112.118523787551,0.0975927135811922,0.141975282475943,26549.54590937743,0.09932100832811,1.01503452593324,31763.7154844779,0.064678414594462,0.1354039344264537,1145.679638757931,74.44725401405012,18.681727866010853,0.3964250534453268,Gradual Degradation Trend,Severe,112.4
2004-02-17 12:02:39,0.1652497247598407,2.348742119130721,1328.5770489980905,0.0976823247689449,0.1640165075681499,7814.561588050435,0.099836633157937,1.015031804608821,22820.48510987776,0.0635963708765828,0.179880310762198,944.6880998578654,75.38235293956039,17.753392393722837,-1.0597157321825794,Gradual Degradation Trend,Severe,113.8
2004-02-17 12:12:39,0.1663058489662664,2.555336429076207,898.5260916528164,0.0977612051002658,0.1516142386254104,8215.144389922374,0.100974339494389,1.4196611367918257,6586.600803032637,0.0652483944516309,0.1541381700672124,3596.3991594528798,76.28751210212495,19.682109824734443,-1.1679910409390668,Gradual Degradation Trend,Severe,115.2
2004-02-17 12:22:39,0.1575511747218979,2.756871698389002,7039.652732533455,0.0978630193517481,0.1249902717311082,16687.47514783733,0.1026154192486593,1.0566778436338629,127281.64830946278,0.0643405494134773,0.2646373720658128,2814.674722793659,68.78425295955019,21.56359720446806,0.3781801087746865,Gradual Degradation Trend,Severe,103.8
2004-02-17 12:32:39,0.1621242603105716,2.539827058969368,3204.786794314491,0.098297873445096,0.2668549564504152,9645.180843044427,0.1008391536661696,1.3839193332218107,6158.302254466221,0.0641346952191976,0.2896178822076476,1550.4997211255177,72.70365022039799,19.537317877284565,-0.5873363873716715,Gradual Degradation Trend,Severe,109.7
2004-02-17 12:42:39,0.1558261737820283,2.464085946432145,1641.2222307180252,0.0972304411766513,0.1564945010596208,7627.477773066626,0.1009247041037896,1.3152275394254351,49314.15735613416,0.0638506627131328,0.1818665722538295,3103.1199108918954,67.30582798201863,18.830216098763653,-0.9810000520898696,Gradual Degradation Trend,Severe,101.6
2004-02-17 12:52:39,0.1567899708868622,2.397824838205458,7902.327867007276,0.0983743155352618,0.1350129558639299,11475.207060001265,0.1014740675096505,1.5313607430829157,46547.79774078075,0.0645877525789768,0.2536524440806289,490.050910620284,68.13185751053979,18.21161748165421,0.5953785940851248,Gradual Degradation Trend,Severe,102.8
2004-02-17 13:02:39,0.1541765147649866,2.380993795300869,7821.501281704188,0.0979659459327576,0.1024639587772799,21251.1394036818,0.1015576763277584,0.9140264338763328,48147.35146784143,0.0628380918014702,0.158315961228268,845.6939837062023,65.89197536383456,18.054486697942153,0.5750286254826875,Gradual Degradation Trend,Mild,99.5
2004-02-17 13:12:39,0.1550276660667177,2.3857241830328224,3462.996818183012,0.0972337809318185,0.1398630807443504,10287.99363325011,0.1015769131599763,1.0749392990849571,29315.836793042454,0.0631470946790606,0.1566624632375872,889.1942349602426,66.62146096297452,18.098648520581264,-0.522326021551377,Gradual Degradation Trend,Severe,100.6
2004-02-17 13:22:39,0.1547995549000888,2.326244291018452,3284.9018598148077,0.0983461952547923,0.1441750659875005,6552.036970526077,0.100287359826728,1.172650937539614,16557.625747875576,0.064795781579875,0.2215402902961032,794.475381625406,66.42595657882994,17.54335779377918,-0.5671655603919084,Gradual Degradation Trend,Severe,100.3
2004-02-17 13:32:39,0.1450686467016887,2.2603903426575678,6621.075889812043,0.0966253562614712,0.126254958720001,12688.246968796231,0.1012246406803174,1.3292604972913775,77109.45455910644,0.0634979053542319,0.125285435508264,2501.43086771412,58.08600881296447,16.928560328456484,0.2727936746559283,Gradual Degradation Trend,Mild,87.7
2004-02-17 13:42:39,0.1425129595943602,2.398569851860411,2331.4683177716674,0.0953693700726122,0.1342936292598633,3898.7475800753673,0.100097320075655,1.017334111713625,45121.9156845478,0.0637014528692733,0.1699879997483697,904.5956218689312,55.895638032925675,18.218572759478793,-0.8072145810493137,Gradual Degradation Trend,Mild,84.4
2004-02-17 13:52:39,0.148088916688906,2.158488613774588,6595.031212855735,0.0970437743527373,0.1168616004518137,10242.188884912575,0.102225661356842,1.500931643619845,79413.60468095088,0.0643684371654695,0.1341720108134358,3032.751589623882,60.67455383041155,15.97722899315164,0.2662363228101955,Gradual Degradation Trend,Mild,91.6
2004-02-17 14:02:39,0.1452710145754522,2.2044594195762057,3631.346597220581,0.0977430197016166,0.138002647311882,8966.945390861209,0.0994125820739476,1.2067589979935498,40900.13527402093,0.0638306295408256,0.2130898282955069,710.1772061001981,58.25944971511523,16.40640196742487,-0.4799400577648937,Gradual Degradation Trend,Mild,87.9
2004-02-17 14:12:39,0.1439164398197462,2.0271482740199875,2440.340111572251,0.0972325754594043,0.1468467740024022,4381.184918811654,0.1007062851036369,1.6714973016842585,36751.50534858482,0.0638702133266409,0.1197893912693444,1742.4037466465363,57.098501273591,14.751065490649912,-0.779803580359071,Gradual Degradation Trend,Mild,86.2
2004-02-17 14:22:39,0.1397271215829603,2.342641300811165,10912.032153788108,0.0983500290933167,0.1407485042321532,30793.01413522376,0.1016887431738697,1.1692628139651156,65462.79629076432,0.0633729663289333,0.1264092066487494,1806.2781708405591,53.50801469648749,17.696436543198843,1.3531414948552378,Gradual Degradation Trend,Mild,80.8
2004-02-17 14:32:39,0.1394211169499172,1.9866054341726365,1283.0064347040643,0.0984214766224672,0.023324806458755,7215.917430237334,0.0991164792799045,0.9100974594468076,10974.566429088703,0.0637738619557417,0.0926098277695564,1054.4476103939164,53.24575113345113,14.372566770443477,-1.071189191893883,Gradual Degradation Trend,Mild,80.4
2004-02-17 14:42:39,0.1397635746076544,2.071652361420828,11090.89114258708,0.0980559447996238,0.0696014939116502,32006.23277751204,0.101366513304598,1.575855089873934,111541.29687327702,0.0628621705816334,0.1839118718465946,1019.7034953890744,53.53925703437191,15.166545515941582,1.3981733960876617,Gradual Degradation Trend,Mild,80.8
2004-02-17 14:52:39,0.1424209491536006,1.9998288945603404,4026.0427562841646,0.0977536866412368,0.1187012028236336,5102.850024124361,0.1011752530806694,1.309527389020639,33755.73067988184,0.0623271696310585,0.1660512494660588,1135.409190448965,55.81677979542062,14.49601798531375,-0.38056613995892064,Gradual Degradation Trend,Mild,84.3
2004-02-17 15:02:39,0.1385682427908943,2.2251644103888677,5963.08972799411,0.0985477713214351,0.1519629673074884,17855.0256614518,0.1022917742542288,1.2627445115439908,144340.23407506788,0.0636879715083134,0.1942994367611792,3538.7530735777173,52.51478894656327,16.59969904661284,0.10713038845346633,Gradual Degradation Trend,Mild,79.3
2004-02-17 15:12:39,0.1405953206527625,2.0884088755661026,16813.38705824254,0.0978325917863009,0.0863790995428139,39919.40980617425,0.102308561221526,1.1852503482648702,127959.48335720816,0.0644510363297936,0.1794512862090957,2487.78618634174,54.252111212957956,15.322980516128718,2.8389445455118762,Gradual Degradation Trend,Mild,81.9
2004-02-17 15:22:39,0.1344781462772739,2.5143137121380645,3993.9156946238986,0.0984759947053246,0.1658429332842996,8534.245038965897,0.1014985043570532,1.2782668432554676,42719.71169246748,0.0625120484480541,0.1373336541410399,928.0522056526128,49.00934109057064,19.299131081288277,-0.3886548733085158,Gradual Degradation Trend,Mild,74.0
2004-02-17 15:32:39,0.1405355472436155,2.029423852596696,3686.751415868802,0.0981576015706055,0.1637862078174974,19818.4983050364,0.1000392732939013,1.3240758633182477,15715.102785816727,0.0637487856042421,0.1195389915468978,994.4494729899166,54.20088196488472,14.77230977403648,-0.46599060888384647,Gradual Degradation Trend,Mild,81.8
2004-02-17 15:42:39,0.1395541734739036,2.174915562196098,13937.945696088877,0.0978879334226932,0.1845471187474952,51810.93578465848,0.1022341273590917,1.0545538708575428,130121.84466400716,0.0624617515777155,0.0748764686896286,3038.3574362571344,53.35978822406272,16.13058724279199,2.1149854518726565,Gradual Degradation Trend,Mild,80.5
2004-02-17 15:52:39,0.1350944430571512,2.2229778685297505,5648.682201187072,0.09765580149897,0.1467274067430519,12056.59700426161,0.1006884854079651,1.0464703366135888,47898.62939328717,0.0633990812698368,0.1478548810501214,1330.1906788402523,49.53754286245592,16.579285989745838,0.02797099708612182,Gradual Degradation Trend,Mild,74.8
2004-02-17 16:02:39,0.135658014414925,2.11206565481906,8671.774319514552,0.0982554859910821,0.0774893057532257,40356.56242710139,0.09837253461412,0.6952592128223922,55754.184714236646,0.0634028919607329,0.1617474570417609,1438.1073793942635,50.020555916360195,15.543834819999974,0.7891045951411366,Gradual Degradation Trend,Mild,75.5
2004-02-17 16:12:39,0.1349713608945199,2.25379768583854,6745.862569115559,0.0972980703917252,0.0290438454795372,12239.935111323644,0.1010253188020829,1.2510617995827689,64357.801492145656,0.0633345547099882,0.1483408649451405,2190.4660160076014,49.43205437296182,16.867012785705224,0.30421161711021577,Gradual Degradation Trend,Mild,74.6
2004-02-17 16:22:39,0.1318968998403677,2.279686743256488,1910.352048979449,0.098500730932012,0.1648741892675538,8682.228253648198,0.1027174952862978,1.2271896431705018,62854.97915924749,0.0636288079042229,0.1525827692826404,2935.841282947499,46.797064495651846,17.108707130179827,-0.9132403746141667,Gradual Degradation Trend,Mild,70.6
2004-02-17 16:32:39,0.128517231942841,1.9454752438008256,8534.446085259779,0.0965112280445745,0.2033648445705083,16731.067154516397,0.1004141895981651,1.393695866259165,42159.4123089869,0.0622455735436765,0.0588706685177995,621.8100304189066,43.900494806917216,13.988584679494942,0.7545290251744807,Gradual Degradation Trend,Mild,66.3
2004-02-17 16:42:39,0.125892331385047,1.997542800174501,2506.320425353997,0.0964911022452329,0.1077010424042974,8475.642630281334,0.1002872327504073,1.7706823377966892,28212.870326556567,0.0621031113193765,0.0373392946776598,711.4811353549387,41.65080412067762,14.474675528727847,-0.7631915051513584,Gradual Degradation Trend,Mild,62.9
2004-02-17 16:52:39,0.1257634577866445,1.9092597898346064,4965.564040358398,0.098382398020349,0.2612405808351563,30296.75417577373,0.0999802011650306,1.1119627774915015,75315.62101431483,0.0626965826390033,-0.0133943850698381,2794.011401558131,41.540352037772074,13.650485448421847,-0.14401985310864845,Gradual Degradation Trend,Mild,62.7
2004-02-17 17:02:39,0.1243603911410929,2.0802240990981087,3484.699416409041,0.0989762701397726,0.2408458496846388,8112.665749213797,0.1011374236709482,1.3739487530013743,49944.46297468668,0.0635360741220588,0.4133511955040445,1781.4903008996705,40.33784325880196,15.246569306899776,-0.5168618887931404,Gradual Degradation Trend,Mild,60.9
2004-02-17 17:12:39,0.1227486727827306,1.8499449241387067,4529.064196303201,0.0958277795322323,0.1188119949998918,6265.825609076385,0.1013645062867946,1.6138612334598037,83498.38102982208,0.0618008599378884,0.1928549745780885,1937.028330536343,38.95650796635331,13.096735369748425,-0.2539188187544566,Gradual Degradation Trend,Mild,58.8
2004-02-17 17:22:39,0.1205121024864437,1.8363394045741623,9396.445292448094,0.0976251122858669,0.0947636417356068,43286.1223082882,0.1011714852791721,1.2019791038299177,71758.14154857887,0.062252735099301,0.0808626243569006,2769.4156487326063,37.03963863972808,12.969717337407504,0.9715573301044663,Gradual Degradation Trend,Mild,55.9
2004-02-17 17:32:39,0.1166632473457258,1.4947850896938135,20181.90864367618,0.0979267209487852,0.106721826775372,65473.6647862274,0.1048108540978402,1.184391766111852,189873.31352484995,0.06359618545705,0.0979082663343375,2175.232504873903,33.740948509525474,9.781044034058617,3.6870480283344764,Gradual Degradation Trend,Mild,50.9
2004-02-17 17:42:39,0.1179231764205381,1.7735457066958276,2142.2375146600034,0.0970799002433047,0.112255594032169,5997.033664875473,0.1016840172075668,1.232150476301138,44584.23228628521,0.0614042234875531,0.1001285059025005,1020.6278759861368,34.82078016124708,12.383489673695088,-0.8548578272349129,Gradual Degradation Trend,Mild,52.6
2004-02-17 17:52:39,0.1128586152715672,1.4246082301984373,5211.548882701055,0.0965899756117159,0.1259697049420611,22657.688691781685,0.1005429998767629,1.7328205309217344,34040.55611721148,0.062218006022674,0.1771077249996131,1968.979068387329,30.480160089793372,9.125888854818204,-0.08208746044876324,Gradual Degradation Trend,Mild,46.0
2004-02-17 18:02:39,0.1124911624132924,1.552294876927517,7770.459041748251,0.0965985895342162,0.0393028347271493,17829.30234554274,0.0992611939236105,0.9496077116389312,76760.08831566529,0.0601560194800778,0.0562842485185912,3675.066234763209,30.165231865012302,10.317942311270034,0.5621775570303167,Gradual Degradation Trend,Mild,45.5
2004-02-17 18:12:39,0.1113282717104296,1.3309587974609638,12690.707879706968,0.097042120465967,0.1501476821181779,19595.7362617128,0.1017398636401466,0.8556466526135247,165895.30235400138,0.0611935541884825,0.0835263587962669,2631.40944057893,29.16856767688637,8.251599077075653,1.800964386798977,Gradual Degradation Trend,Mild,44.0
2004-02-17 18:22:39,0.1111174328659493,1.3866856891104478,3298.4400141769624,0.0966585030451925,0.1345273573472658,8393.195665205882,0.0990589934316289,1.166895038819944,15515.714304284244,0.0610395215688931,0.0883074647999624,1705.8746152334072,28.987866665826555,8.771852647122264,-0.5637570158496428,Gradual Degradation Trend,Mild,43.8
2004-02-17 18:32:39,0.1108675049873017,1.6093428330193849,5898.706637819366,0.0969844477504963,0.1675075156523475,11336.94862211833,0.1022963019783095,1.1287019058518464,97757.9356115974,0.0630857717683581,0.0646725009671014,2995.7582074218035,28.77366410521693,10.850529038111658,0.09092045135577875,Gradual Degradation Trend,Mild,43.4
2004-02-17 18:42:39,0.1101719397071147,1.3689570075773425,16335.84557624903,0.0981181782561054,0.1228416672709049,49538.85166517812,0.1037405344420787,1.0192467875779243,133310.62188728855,0.0611984784105424,0.1161822313671105,1750.2565297355343,28.17752467133932,8.606341713588924,2.71871239505682,Gradual Degradation Trend,Mild,42.5
2004-02-17 18:52:39,0.1100350765274703,1.273868225323242,3123.3913273676058,0.0976825322133357,0.1476536520101037,28581.0928517451,0.1005012891999867,1.2436479611945392,35269.20112939196,0.0611376959910475,0.0796146967899478,2068.792191089385,28.06022505798029,7.718614496534666,-0.6078295851300402,Gradual Degradation Trend,Mild,42.4
2004-02-17 19:02:39,0.1070069605194418,1.2220807735566188,780.4051513183697,0.0972561026965339,0.1449322048971737,1851.740696198804,0.1010439604013706,1.5060732675505486,18471.966714549577,0.0624329523181168,0.161111870734997,2019.309556999068,25.464955549622275,7.235138640126445,-1.1977307289152772,Gradual Degradation Trend,Mild,38.4
2004-02-17 19:12:39,0.1072848457833893,1.073305002899736,2610.4518087438883,0.0969044640173216,0.0731897445335465,1703.529826715525,0.100256136813414,1.288714744315886,6067.890217464922,0.0618798632874116,0.1848205454723333,1340.2591271464069,25.70311919673252,5.846201925200309,-0.7369740127932878,Gradual Degradation Trend,Mild,38.8
2004-02-17 19:22:39,0.1078177890459901,1.2331512796328292,5554.39149867741,0.0979136452880483,0.2677698714920939,26474.13885236689,0.1012006445581468,1.4089283061430091,80707.23468395075,0.0605545229040789,0.0873099871938363,4117.398227593082,26.1598822122331,7.338490363825618,0.00423112451352571,Gradual Degradation Trend,Mild,39.5
2004-02-17 19:32:39,0.1057370178478633,1.1528874123752004,2910.868869738312,0.0981754358836134,0.1469255397150379,14448.757918813915,0.0997315383232813,1.135257256650955,22253.3056123631,0.0605213200102348,0.0456145602126194,1025.5762849199346,24.376541669780135,6.5891651771782245,-0.6613370458727089,Gradual Degradation Trend,Mild,36.8
2004-02-17 19:42:39,0.1038526066885931,0.9432393234140064,6832.255773557859,0.0995626562008347,0.2049736244365907,17748.50947514227,0.1031201142308539,1.2060670541279297,97554.08991210617,0.0607617541837328,0.0881395871055552,2158.119366760105,22.761492969566177,4.631938360697057,0.32596311126615635,Gradual Degradation Trend,Mild,34.4
2004-02-17 19:52:39,0.1067898422611263,1.1755023973384349,5057.866259196997,0.09873316485253,0.0966353013782939,22018.26671983833,0.1016469675192495,2.1132144192014444,36019.182535202504,0.061491111050958,0.0332480573569222,1194.171512127485,25.27887271989579,6.800293526802981,-0.12078062744722472,Gradual Degradation Trend,Mild,38.2
2004-02-17 20:02:39,0.1052975265226913,0.8799226510924183,11400.974827008313,0.098811593726078,0.1391556020157724,19668.246020496805,0.1050319512863377,1.2177241443061415,179982.91553672185,0.0610919093392795,0.1917828582938976,2618.517489704978,23.999872337303223,4.040828326676657,1.4762441597904443,Gradual Degradation Trend,Mild,36.2
2004-02-17 20:12:39,0.1042466285800768,1.0331776509628554,5105.508335113575,0.0974514284564527,0.116150472440105,35714.81775890284,0.1019748693287193,2.025430898022223,50569.57758720559,0.0616444037973541,0.1682750617593704,1357.3532650672305,23.0991923832881,5.4715821055091425,-0.10878562919978214,Gradual Degradation Trend,Mild,34.9
2004-02-17 20:22:39,0.1034635432660038,1.000355245197536,18284.758483045884,0.098831180288741,0.0354577806790756,46289.842350620616,0.1035203866829349,0.9722847849013618,124289.54996845774,0.0602839006836868,0.1004705645617707,2001.692129932988,22.428043248754182,5.165159599758564,3.209396448001533,Gradual Degradation Trend,Mild,33.9
2004-02-17 20:32:39,0.1030314727401292,0.9084447005643224,6116.153135129437,0.0979922464845752,0.1343080291512568,16708.51926715805,0.1004691635877956,0.9383727013887296,84173.76543745371,0.0614135793971903,0.0817936065989131,3328.763752287704,22.057733967904472,4.30710368536951,0.14566765336087026,Gradual Degradation Trend,Mild,33.3
2004-02-17 20:42:39,0.0993244122418426,0.7717927254108252,3116.8057391859643,0.0971775934460652,-0.0029268688755994,4496.198636322101,0.1009647716157565,1.1741823810166885,45251.40088152332,0.0603922299269274,0.0751566966445302,813.7112874826007,18.880569998184086,3.0313519643745734,-0.6094876597873135,Gradual Degradation Trend,Mild,28.5
2004-02-17 20:52:39,0.1027710552389235,0.9268405707904264,3360.883903843817,0.0985788186990174,0.1040239860975669,12311.77103861593,0.1002706756656077,0.9611050070039986,21453.74802569113,0.0612845274971331,0.1347643796283804,898.7309963659607,21.83454119770345,4.478843340605303,-0.5480353174830783,Gradual Degradation Trend,Mild,33.0
2004-02-17 21:02:39,0.1015104854786409,0.9667239500366184,1662.4402755413464,0.0995877125954803,0.1642723969756563,3968.542246342437,0.1004546208960792,1.4500884463333037,33342.42050491804,0.0602758296066145,0.2014374528718181,611.172684569999,20.754160441700122,4.851185486814823,-0.9756579168958546,Gradual Degradation Trend,Mild,31.3
2004-02-17 21:12:39,0.1005011113802821,0.6652145802848772,3372.0005283054006,0.0975196279321821,0.1549883604599427,8411.7316709085,0.1009632489409822,1.2764743192333663,16182.617603870862,0.0604284874840449,0.116678919565579,534.9101152770523,19.889068809460284,2.0363626719611396,-0.5452364492900201,Gradual Degradation Trend,Mild,30.0
2004-02-17 21:22:39,0.099379905784963,0.7488124696956069,3407.220263062182,0.0982640942896361,0.0885566743291428,9128.292152521242,0.1021394767221671,0.95732830583075,68870.46911589554,0.0607766808211885,0.0990279423601188,1886.2673843870505,18.928131155018658,2.8168135301904904,-0.536369063716337,Gradual Degradation Trend,Mild,28.6
2004-02-17 21:32:39,0.1026071065304293,0.8222244311026881,11807.376977199305,0.0986469535036276,0.1700693692860597,31232.434232087213,0.1024388046172262,0.973405527573385,97270.6264510974,0.0604159774565573,0.0585149476580806,2302.5791483438197,21.69402772894546,3.502170884165779,1.5785653325251006,Gradual Degradation Trend,Mild,32.7
2004-02-17 21:42:39,0.1000123454293581,0.6527158309279764,6341.272822295972,0.0983059768675873,0.0550091390010405,9055.27744625222,0.1010567109987784,1.1275785247544334,27243.59835637936,0.0593168580459004,0.0741170872187026,815.2229308749561,19.470168289865413,1.9196771942397983,0.2023467589849758,Gradual Degradation Trend,Mild,29.4
2004-02-17 21:52:39,0.1027661559682953,0.6411511578676281,6733.633441169081,0.0989983709027893,0.0652204267645997,29186.58565736013,0.1004863206350278,0.9088956483277792,55020.86125134792,0.0605253752150441,0.0517844237913873,1885.3553848495487,21.830342241111016,1.811712040110773,0.3011326503468319,Gradual Degradation Trend,Mild,33.0
2004-02-17 22:02:39,0.100792440754658,0.688527101475187,2481.293259418783,0.0966267497112762,0.0960756181897144,4613.658329427189,0.1020609690638394,1.2203446110230498,48904.37157616895,0.0603733400231167,0.0889997784112259,2601.2934298485197,20.13875483212328,2.2540030609556014,-0.7694926749840291,Gradual Degradation Trend,Mild,30.4
2004-02-17 22:12:39,0.1007172442099663,0.8693732490038779,7474.8620346398175,0.0989917595410408,0.1711091781393143,17809.74592507754,0.1052040920143437,0.9084041716740529,166348.53025138107,0.0604119403682955,0.1052811373854742,1927.930075731623,20.074307070196454,3.9423415111380926,0.4877541505351118,Gradual Degradation Trend,Mild,30.3
2004-02-17 22:22:39,0.1021257556677213,0.8122074071808982,3294.47554495246,0.0978058581510937,0.0771448024579593,8668.348909332923,0.1012313645080231,1.1433121995982471,17299.812893380105,0.0606606954353733,0.0665929608229931,1018.5328610825276,21.281482366252686,3.408654229956308,-0.5647551629808303,Gradual Degradation Trend,Mild,32.1
2004-02-17 22:32:39,0.1027555945291118,0.7643725473661327,2630.5888245912424,0.0972967447706692,0.1633589650850071,7905.813494963855,0.1003018376829563,1.211267602730654,55691.12828947605,0.0601646191418542,0.0501951973183092,1733.3357321181056,21.821290480542846,2.9620788719075812,-0.7319040517315432,Gradual Degradation Trend,Mild,32.9
2004-02-17 22:42:39,0.1032472086014163,0.8305410434162077,3185.071934984697,0.0977318572317581,0.0762256337342601,21840.807638507165,0.1001308192168188,1.48573608183154,24983.68941581796,0.060130834322568,0.0107434155453121,1297.2204279597825,22.242632003902198,3.5798128828262636,-0.5923000607330828,Gradual Degradation Trend,Mild,33.6
2004-02-17 22:52:39,0.1047390101820054,0.8673107336548807,10454.230800739188,0.0974900723611608,0.1823057311897327,25383.07957632495,0.1018516619165158,0.9886892705428508,94716.00602046787,0.0612472229121706,0.0695627491527575,1932.7218940876096,23.521191723661374,3.923086337525665,1.2378793799735526,Gradual Degradation Trend,Mild,35.5
2004-02-17 23:02:39,0.1054604077719305,1.0399953829715909,9178.324469634392,0.0983001792681001,0.1788084337959898,46361.74083144817,0.1021630742979086,1.0803685021134806,114093.33510082027,0.0607278939171232,0.0997795691092973,2428.162491009139,24.139470932110356,5.535230898976319,0.9166403510046819,Gradual Degradation Trend,Mild,36.4
2004-02-17 23:12:39,0.1041761897730234,0.9779203766262876,4007.7366777894895,0.0973012984280335,0.0469643019082877,5918.330145541211,0.1020809505195968,1.1184627584878897,10974.672290420314,0.0602745156457364,0.1703081535142061,639.6260293276081,23.038822276044478,4.955712775752429,-0.3851751200513428,Gradual Degradation Trend,Mild,34.8
2004-02-17 23:22:39,0.1051293636690946,0.8677298220452299,3965.0224845158064,0.0984539338960581,0.1819856794003014,8870.94486305068,0.0999651057283552,1.643613838630125,13316.68662738708,0.0604902646641641,0.1961904498561502,530.4249030801293,23.8557471039169,3.926998851301162,-0.39592940948146527,Gradual Degradation Trend,Mild,36.0
2004-02-17 23:32:39,0.1030311933670605,0.9835885532070135,2482.2718528754253,0.0965110411024951,0.1320347421721601,5819.955121155141,0.0999936172279417,1.0710306847282771,5905.836856404467,0.0601138393520213,0.1536915865570391,600.9760979620477,22.057494529123147,5.00862958152594,-0.769246291370982,Gradual Degradation Trend,Mild,33.3
2004-02-17 23:42:39,0.1061536697968003,0.9646319369650564,8429.107979359349,0.0975054413044952,0.0743468461183218,13035.898337843902,0.1043162346264502,0.935378552276854,115538.76219350056,0.0601229591324624,0.1112575674239946,2816.4325856759942,24.733636343764623,4.831654929181894,0.7280077124198262,Gradual Degradation Trend,Mild,37.3
2004-02-17 23:52:39,0.1057892064492965,0.8522948759061766,6128.781371762734,0.0990841604375259,0.0892452136804551,46330.86187830806,0.1008051190242061,0.9225664919303886,63911.12663558259,0.0600297700396696,0.1259436211901046,4150.672661250547,24.42127030158431,3.7829017090663513,0.1488471049983246,Gradual Degradation Trend,Mild,36.9
2004-02-18 00:02:39,0.1062451287945858,1.0616526237676336,11903.721201392418,0.0985516820414706,0.124852925317846,33924.39982580507,0.1030573454688122,1.3832651039394823,82783.87081470336,0.0595997932174474,0.1111685404134248,3157.6577572617184,24.812021962937852,5.7374179671582315,1.602822226837833,Gradual Degradation Trend,Mild,37.5
2004-02-18 00:12:39,0.1063695216990486,0.943261495800948,5155.946576104238,0.0978298454568409,0.1460927035430201,10073.09983807358,0.102506346268856,1.4901047356789006,26637.48219130058,0.060556254918593,0.1559679786571006,827.1301404559944,24.91863383353742,4.632145357052342,-0.09608663150399623,Gradual Degradation Trend,Mild,37.6
2004-02-18 00:22:39,0.1059380247498065,1.0365573859673771,3121.909060203945,0.096035866712976,0.0745550434687181,6042.827682256898,0.1004370816633322,1.1296279554702109,33949.16811026553,0.0599378356351395,0.0678115327026396,1170.8867952175708,24.548816140837253,5.503134541862018,-0.6082027802876458,Gradual Degradation Trend,Mild,37.1
2004-02-18 00:32:39,0.1089140454078783,1.0071678875967942,4954.613405698202,0.097683766873247,0.14570868917981,9758.163228968328,0.1016878253202386,0.9174404472216628,65331.20840709301,0.0609136159123362,0.0987919461089892,2017.032730949085,27.099436939267576,5.22876087779069,-0.14677692951706192,Gradual Degradation Trend,Mild,40.9
2004-02-18 00:42:39,0.1074263562701648,0.9072687402430022,1924.9917864787435,0.0974449874849266,0.0823115217734562,5557.976550176543,0.1005249106739997,1.3870717507708674,19698.74372133866,0.059638195850452,0.0815248169551501,713.463385138493,25.824401819481324,4.296125187604946,-0.9095544809525526,Gradual Degradation Trend,Mild,39.0
2004-02-18 00:52:39,0.10872704274567,1.060751117656622,1669.6335020602414,0.0981868274065919,0.1267719210186935,12066.822422419384,0.1008044045591045,1.617073393103869,12281.475471017937,0.0601854478654568,0.2265745743061837,715.2068559640497,26.939164906781286,5.729001711401089,-0.9738468551856411,Gradual Degradation Trend,Mild,40.7
2004-02-18 01:02:39,0.1102030913263808,1.030564302451337,6222.687053785056,0.0979196176139994,0.1130007978588096,5710.49159869706,0.1029926795506147,1.1882472100012365,94845.45408992212,0.0604002017794642,0.0745208732678666,1605.6177763697854,28.20422339998873,5.447184478929766,0.1724900397280157,Gradual Degradation Trend,Mild,42.6
2004-02-18 01:12:39,0.109848707213888,0.9164351948112492,3467.661172640044,0.0982895351237544,0.1747696514577841,21801.003871046854,0.1029242622502858,1.2593299420135011,56564.95952808821,0.0619100315131007,0.1374006631276882,3669.1876466865656,27.900495841678346,4.3817011200254425,-0.5211516620705786,Gradual Degradation Trend,Mild,42.1
2004-02-18 01:22:39,0.1085599882319534,0.8935671532086928,5786.903944574222,0.0968704021086291,0.1157988124871551,17591.201962591553,0.1018289950764577,1.7992887763221006,43970.77055160238,0.0593745686661964,0.0914674540874664,1102.5765437645002,26.795989584391798,4.1682102912432395,0.06277152871262849,Gradual Degradation Trend,Mild,40.4
2004-02-18 01:32:39,0.109714385727428,0.8486574602590657,2081.494592093936,0.0971861138365777,0.1461206234340863,10459.48324940456,0.1010135447871657,1.676000732176803,15644.50678668994,0.059248964917119,-0.0060579481528417,255.13807660220849,27.785374605502884,3.748943624914526,-0.8701512676593042,Gradual Degradation Trend,Mild,41.9
2004-02-18 01:42:39,0.1102151444955359,0.906351215034002,5061.675615371318,0.0962876466047014,0.0743912895353671,19026.041127058776,0.1013284225612438,1.2280292793116114,84802.6001922199,0.0587251268823129,0.1880916937259149,1567.2336000239711,28.214553658903643,4.287559381196927,-0.1198215336261479,Gradual Degradation Trend,Mild,42.6
2004-02-18 01:52:39,0.1084292418505324,1.0126761241968207,9351.456487428688,0.0982833835718333,0.0416103370974725,33934.384584049265,0.1033451095597748,1.6105727772979286,82533.34168127003,0.0604282054803725,0.1859548155342225,3220.3595163727628,26.683932418771192,5.280184520326685,0.960230354380167,Gradual Degradation Trend,Mild,40.3
2004-02-18 02:02:39,0.1087873757162768,0.832382817194703,2736.612318790359,0.0969735398530992,0.0733185655819599,18921.854426866063,0.1016862568109316,1.7623214184551408,15629.163253163872,0.0591896886144981,0.0863550586368742,1416.1092773413077,26.99087373119533,3.597007263404805,-0.7052101765668046,Gradual Degradation Trend,Mild,40.7
2004-02-18 02:12:39,0.1094551645955576,0.8226663722894187,6659.613317159934,0.0976083497524994,0.0930785097380617,10189.958791628276,0.1037783764375586,1.237084978530329,123694.02152105856,0.0597222853479963,0.1021793862177591,2033.8678873513304,27.563207192602704,3.5062967464441464,0.2824963663335183,Gradual Degradation Trend,Mild,41.6
2004-02-18 02:22:39,0.1102251037029592,0.8273301046767609,12131.775731046922,0.0970457358852805,0.0743958511390143,16605.955864142976,0.1025350795059762,0.9811456835647618,98358.15017062968,0.0594858705814088,0.0450936174279195,2147.382861072701,28.223089272230396,3.549836289965039,1.6602402471675308,Gradual Degradation Trend,Mild,42.6
2004-02-18 02:32:39,0.1100723627838892,0.908852563452652,8234.731495846318,0.099635545336648,0.1375769579042782,28067.63330717912,0.1028840527988303,1.2774813377562824,48045.00810666177,0.0594680906755358,0.048715230838257,2851.8367864722945,28.092181523356192,4.3109114004144775,0.6790689217767525,Gradual Degradation Trend,Mild,42.4
2004-02-18 02:42:39,0.1104909759288909,0.8800067254017039,5597.817034737717,0.0988952062357233,0.1149727038919694,11422.573068773028,0.1021687626169931,1.2439041242492648,56529.65103966412,0.0609448477140654,0.0823004150848492,1654.1582429928374,28.45095705511929,4.041613225282346,0.015164510998399312,Gradual Degradation Trend,Mild,42.9
2004-02-18 02:52:39,0.1110823561316107,0.9103188476473094,1796.5137210223563,0.0978907035614209,0.2024233437654561,6597.666340246525,0.1006702370656758,1.1381168946637112,6094.568944303514,0.0590369364320443,0.1498474489157684,781.8343981921679,28.957803887901147,4.324600295746585,-0.9419018155372721,Gradual Degradation Trend,Mild,43.7
2004-02-18 03:02:39,0.1118109702417712,0.7821177360607572,1998.499258488471,0.0988825502312434,0.0733068238682541,5608.6225760602265,0.1029668652615824,1.470107425020358,13914.922454703505,0.0602503606381841,0.0638326754322333,856.8631044453654,29.582268069076974,3.127743912541776,-0.8910472689772702,Gradual Degradation Trend,Mild,44.7
2004-02-18 03:12:39,0.1137785534646825,1.0525077600426584,3059.0646654211178,0.0987175263061225,0.0987673656982726,19523.57414575884,0.1011805435475522,1.1407194033479169,11335.578574057648,0.0603967085389903,0.1468595429706254,1376.1407399436173,31.26860000947813,5.652043601933752,-0.6240253151117275,Gradual Degradation Trend,Mild,47.2
2004-02-18 03:22:39,0.1112131285457679,1.0037087771263522,4525.886731125556,0.098144503187185,0.211735851877763,13681.376951765184,0.1007408560037057,0.9153770750013566,30819.588889823382,0.0601815782717705,0.0761965169825922,526.3341556438874,29.069883365073323,5.196467410163742,-0.2547188193527491,Gradual Degradation Trend,Mild,43.9
2004-02-18 03:32:39,0.1127984965772067,0.9866371510161294,8648.738571314512,0.0993014549494524,0.0347267208470638,19025.15235467833,0.1039914040167503,0.7272486612490772,84006.64963197567,0.0600343098517422,0.1163423640658236,1447.9032852235316,30.42863491244137,5.037090596430644,0.7833048109383695,Gradual Degradation Trend,Mild,45.9
2004-02-18 03:42:39,0.1376068508837995,1.4340807064842025,6686.10493173543,0.098963457734645,0.1317608726686669,17595.063576902336,0.1035845654865204,1.2361065543629408,32599.969797714934,0.0608796688725493,0.1408120774767662,825.0205194211289,51.6908208107818,9.214321736304727,0.28916624509701744,Gradual Degradation Trend,Mild,78.0
2004-02-18 03:52:39,0.137160508627495,1.4277365827989597,6380.829818463811,0.0995945086945529,0.0386560598044827,18873.048605284694,0.1036745348660291,1.0778583001277786,53490.90928176957,0.0616967452861676,0.0998923474806887,1503.7959296851593,51.3082798364573,9.155094442293338,0.21230615077424506,Gradual Degradation Trend,Mild,77.5
2004-02-18 04:02:39,0.1358255587946355,1.5253678310169114,10908.868675652137,0.1001394864578747,0.0767287671447629,17628.36087747333,0.1043523848066911,1.0518326296549354,124690.79074324558,0.0625428985589591,0.1539375124899433,2939.5133096277204,50.16415108206936,10.066557542603661,1.3523450158192856,Gradual Degradation Trend,Mild,75.7
2004-02-18 04:12:39,0.1412829227394892,1.3180243004515324,6861.997771540734,0.1023110243479411,0.2493025137888755,31261.647118752822,0.1041403551665671,0.8957164410947862,39924.86020487574,0.0615893746860507,0.1497438247599292,2226.124890179697,54.84142573222796,8.130845558500816,0.33345134948450567,Gradual Degradation Trend,Mild,82.8
2004-02-18 04:22:39,0.1392439846307889,1.6541833883366026,2010.223686325252,0.0988417964852009,0.104396333263117,5685.887355036452,0.1029253434211388,0.7743705611191114,19023.136238127405,0.0610720469762967,0.1815473211736531,766.2263820627044,53.0939385524405,11.269150251248549,-0.8880953721791394,Gradual Degradation Trend,Mild,80.1
2004-02-18 04:32:39,0.1414921439749946,1.3526310858658794,3298.28127358523,0.1014805142645159,0.1262912600527017,13699.672778819158,0.1049720238027732,1.24128194887959,16746.05606665588,0.0623496758618529,0.1506043371472074,1573.647194572287,55.0207403593983,8.453926626307291,-0.5637969824775236,Gradual Degradation Trend,Mild,83.1
2004-02-18 04:42:39,0.1454615141527455,1.4379920350952462,4978.732228883598,0.0994854798116759,0.1437562700705279,17127.82481716053,0.1048675541158942,1.136607179992562,59657.0308030398,0.0631676561477717,0.222232828135819,1985.090730767453,58.422718804870584,9.250837009511066,-0.1407044560516786,Gradual Degradation Trend,Mild,88.2
2004-02-18 04:52:39,0.1422660970955923,1.4857916003122558,13761.27488481496,0.1011293358928308,0.0574472177371001,32302.49574627961,0.1052801763265228,0.8441526240555257,89302.71161935129,0.0617853497470021,0.1918214527205926,1718.421223741854,55.68406267910476,9.697082865232597,2.070504475113467,Gradual Degradation Trend,Mild,84.1
2004-02-18 05:02:39,0.1484851683328801,1.6212744292805032,2709.102849987287,0.1002633419757222,0.1169125952771867,11021.586466481243,0.1026450678841292,0.9687330804249584,22983.60613168949,0.0627002709293139,0.1415711304344955,763.8855611186416,61.0141642702085,10.961919703685576,-0.7121363237535627,Gradual Degradation Trend,Mild,92.1
2004-02-18 05:12:39,0.1473412064003672,1.7901524761320955,1966.173330205232,0.1011837606435378,0.2823647850121591,6581.186905520017,0.1039775441501673,1.2164934405989527,3931.5547193455177,0.0626863347349324,0.1654347534807487,1562.1999256108993,60.03372312650673,12.538526691379516,-0.8991860716143206,Gradual Degradation Trend,Mild,90.6
2004-02-18 05:22:39,0.1502073183189238,1.604501405928648,1579.4644830066068,0.1000788853893829,0.1176705791549164,12607.517865429969,0.1030943427442038,1.6471158794685792,11628.125872887817,0.0628591485672034,0.1378132826180924,1403.4325810606972,62.490145816407015,10.805330577305355,-0.9965489982957736,Gradual Degradation Trend,Mild,94.3
2004-02-18 05:32:39,0.1523604708772505,1.8112709395100888,7136.469192417504,0.0997286129465078,0.105078124470948,8108.528915772346,0.1058566263480793,1.2871014805929448,87239.34968753891,0.0613070668464288,0.1172707486417645,1526.4930415257445,64.33552134582949,12.735683856279477,0.4025558993818429,Gradual Degradation Trend,Mild,97.1
2004-02-18 05:42:39,0.1579747311244052,1.7398433612694593,3898.287900312645,0.0997253285886257,0.2141207570952392,15895.374629205937,0.1055754557435995,1.082067373264672,69053.7466068702,0.0628642168934362,0.1475516652706137,2474.988824326914,69.14726514718849,12.068852251653004,-0.41273138977221446,Gradual Degradation Trend,Severe,104.4
2004-02-18 05:52:39,0.1564260849997831,2.043003855422814,1669.4705041465854,0.1007257521611901,0.0675797474151456,4468.29420914044,0.1044234192520109,1.2014706697801405,9909.294417702617,0.0629981956586853,0.1843564579445065,1141.693268056246,67.81998638514226,14.899089587918246,-0.9738878936931163,Gradual Degradation Trend,Severe,102.4
2004-02-18 06:02:39,0.1585508618117542,1.7222144144207403,3754.3404864398008,0.1023182506401595,0.1852685469134223,3935.0524062116174,0.10426918335566,1.0082341093411191,9169.208331340376,0.0636078174704915,0.1945362438616511,1246.0073980225636,69.6410422685874,11.904272418421037,-0.4489734918198252,Gradual Degradation Trend,Severe,105.1
2004-02-18 06:12:39,0.161853690380676,1.6780698803653469,3204.8453285083706,0.1010044903956162,0.1208888823186229,13274.177649670002,0.1045672784510348,1.006975935544368,18018.31114621152,0.0635582778833725,0.1506438224728712,1092.644713117701,72.47175623513627,11.492149101283264,-0.5873216500299522,Gradual Degradation Trend,Severe,109.4
2004-02-18 06:22:39,0.1632484297158398,2.0147890195042253,9611.639714914028,0.102133562313185,0.2116384010842629,21631.33006710172,0.1045962242013902,1.2565714201477096,43761.26049765596,0.0630843394727942,0.1289239651508702,1501.899153345523,73.66712803035847,14.635682304999012,1.025737520003372,Gradual Degradation Trend,Severe,111.2
2004-02-18 06:32:39,0.161177885703479,1.797566551405458,7218.6870714856495,0.1011674272670989,0.0767712936735431,15124.97037893372,0.1076786338304575,1.0516839853048818,110054.10158615976,0.0648682397278562,0.1965242625093797,2841.754513499177,71.8925527740783,12.607742809763124,0.4232561584775569,Gradual Degradation Trend,Severe,108.5
2004-02-18 06:42:39,0.1638602615118576,1.9389616056842731,2464.2424355348494,0.1021949443007089,0.1618184922196932,5141.910751375967,0.1048819737513017,1.3768690472345808,17352.880362239426,0.0633060715208758,0.1604220950393347,707.4248800850027,74.19150305437965,13.927774837355479,-0.7737856155973507,Gradual Degradation Trend,Severe,112.0
2004-02-18 06:52:39,0.1641407356615524,1.7150538029522142,4051.175034562501,0.1016243631303076,0.2477668454433716,6790.226863562675,0.1056490089207537,1.3003553832930868,37862.3880911797,0.0639016230751663,0.0801773934788334,862.857004935502,74.43188552541302,11.837422580399398,-0.3742385056545141,Gradual Degradation Trend,Severe,112.4
2004-02-18 07:02:39,0.1652286817872618,1.9828216546950328,7240.830380959392,0.1033882496987991,0.1114695832375689,35257.29867811449,0.1042944199149246,1.0029180679351306,41422.86785270013,0.0642462824952006,0.2818742384535206,2763.5622796573784,75.36431790227832,14.337242266900839,0.42883125052004467,Gradual Degradation Trend,Severe,113.8
2004-02-18 07:12:39,0.1666570303692117,2.070871004476122,2505.4233631671354,0.1020867089418506,0.2063016336098035,5371.516491276899,0.1053805944077673,0.7295235007311707,6533.171562880026,0.0637676285368897,0.2284226537740363,1896.2887402312813,76.58849475422608,15.159250945440126,-0.7634173613751319,Gradual Degradation Trend,Severe,115.6
2004-02-18 07:22:39,0.1676587770662298,2.181972050930778,4084.7775222874648,0.1027929412437023,0.1707650333301251,16239.386577084768,0.105753826301197,0.7785644058257715,72202.1186946993,0.0652825043261496,0.1931899643253585,2358.409406300438,77.44704926500987,16.196465014681763,-0.3657782995527394,Gradual Degradation Trend,Severe,116.9
2004-02-18 07:32:39,0.1664917103029738,2.246652075464767,2504.8404917864987,0.1010341074545651,0.1118090482097011,10797.18585324412,0.1048918213658868,1.013979374546795,16654.913768452276,0.0648138462673582,0.2287798958205611,2307.794635483496,76.446805953041,16.800302994488085,-0.7635641127719742,Gradual Degradation Trend,Severe,115.4
2004-02-18 07:42:39,0.1642181358516108,2.048758309317642,6699.323064278576,0.1000345762977887,0.1272674204847037,22755.72419339685,0.1063559572776132,1.0664377084268866,100059.50204559512,0.0631255975373946,0.1470394549578397,2463.534341652411,74.49822193810893,14.952811859048733,0.29249421671956216,Gradual Degradation Trend,Severe,112.5
2004-02-18 07:52:39,0.1702835500051128,1.7639682780390604,11311.430037107648,0.1018450634216473,0.0725266204802079,30797.83463212194,0.1062724323745932,0.8917701305836458,111664.09895538892,0.0645182477821197,0.20008477150746,2126.372140929926,79.69663057450578,12.294076980773143,1.4536991808561337,Gradual Degradation Trend,Severe,120.3
2004-02-18 08:02:39,0.1736250683382695,1.9486580019141284,2848.117604940059,0.1035385856611105,0.1749102684417334,9280.340640616978,0.104766751019303,0.8534951073726247,7235.411605821077,0.0651384144503792,0.1694293667658284,3076.185848814412,82.56050389331794,14.018298184447913,-0.6771361330618949,Gradual Degradation Trend,Severe,124.6
2004-02-18 08:12:39,0.1729865488809751,1.8538147939928216,1305.457659796691,0.1016475355548525,0.1760933716387702,4152.66640420081,0.1058536848101691,1.527576038038344,10559.184571201822,0.0648870307366002,0.2385022754297829,3030.189137553853,82.01325600928183,13.132863593441261,-1.0655365749485057,Gradual Degradation Trend,Severe,123.8
2004-02-18 08:22:39,0.173294136130417,1.9501769099867907,1345.145009989432,0.1028669268456673,0.0579078726875188,2598.0699426671786,0.1062665621282748,0.8578493805596445,28520.732202278163,0.0657376328821864,0.1852153090957657,2032.4633231863736,82.27687596555822,14.032478364321314,-1.0555443635083255,Gradual Degradation Trend,Severe,124.2
2004-02-18 08:32:39,0.1684884876155768,1.923412204252612,11552.746130476877,0.1020841275213579,0.1254097208948006,28781.611861987287,0.1081233744910328,0.8404071126795825,90112.86743583954,0.0646962275211526,0.2093853674239558,1545.9109171447474,78.15815890670592,13.782609166573184,1.514456107613734,Gradual Degradation Trend,Severe,118.0
2004-02-18 08:42:39,0.1629254003646588,1.854188484898926,1630.707134777569,0.1020762647159435,0.0822866542279157,3455.4471717603096,0.1045897267302099,0.8194387599930493,15239.0517811209,0.0637487764128898,0.1585968045844583,1646.2803466449204,73.3902733051095,13.136352286641982,-0.9836474715179886,Gradual Degradation Trend,Severe,110.8
2004-02-18 08:52:39,0.1610574537796023,1.866960290933977,4784.447384098291,0.1013545761061445,0.2453243100642304,14891.4046673997,0.1056107305912407,1.4801369563831184,68993.27680101717,0.064513268908298,0.1796474413181639,1821.1944454436727,71.78933569156183,13.255586959328767,-0.18962017451837657,Gradual Degradation Trend,Severe,108.4
2004-02-18 09:02:39,0.1632516828791992,1.885574563629949,3807.747166057077,0.1021078708286302,0.1488915186527997,7159.221540764184,0.1052111279538077,0.7920976033574729,19849.661867673552,0.0647379724591757,0.1302082045956192,456.0414947562464,73.66991617838515,13.429365570287596,-0.4355271208108736,Gradual Degradation Trend,Severe,111.2
2004-02-18 09:12:39,0.1655804530304868,2.042238958693524,10647.09092399562,0.1036782387835828,0.1765053750042238,24979.75900074755,0.1067819658576385,0.853051578002582,148582.90719461138,0.0659563243271636,0.1454168487302163,3997.605121770968,75.66580608140967,14.891948686239516,1.2864363917316708,Gradual Degradation Trend,Severe,114.2
2004-02-18 09:22:39,0.1713765109228617,1.9705789740506277,11547.287555916571,0.1030488963979145,0.1767583689242182,25319.322044465505,0.1066227888014418,1.062661326043119,80735.26174238378,0.0648725662627556,0.2237748629619043,2347.076588873285,80.63336091645444,14.222947388366173,1.5130817847903741,Gradual Degradation Trend,Severe,121.7
2004-02-18 09:32:39,0.1615881583228061,1.6569415578388549,3200.742863980754,0.1016746390530229,0.1284673136296432,7634.32103021596,0.1050786268575376,1.3468491162257843,24234.900195206847,0.0652771409220189,0.2423242272095409,582.6411001739862,72.24417999583294,11.29489989361809,-0.5883545406811723,Gradual Degradation Trend,Severe,109.1
2004-02-18 09:42:39,0.1604859989512325,1.985390302185132,2404.212147023643,0.1008583440594096,0.0761742052738796,6597.2028414578745,0.1060588604726904,0.8485290311045603,67451.27641202205,0.0647004685822724,0.2548486601960888,906.5383037128248,71.29956605012804,14.361222574923774,-0.7888996338602455,Gradual Degradation Trend,Severe,107.6
2004-02-18 09:52:39,0.1626412782795026,1.7371857208364905,1161.8583292924222,0.1015270334708476,0.1798268330830921,852.1504702506677,0.1055720683755592,1.1304928364067193,32553.068956666124,0.0648337789773538,0.078093274961934,1381.932337995344,73.14676434366218,12.044041125781334,-1.1016910389300645,Gradual Degradation Trend,Severe,110.4
2004-02-18 10:02:39,0.159670972878849,1.9300105775150935,4285.934507255565,0.1016228272753592,0.0478245572926629,11326.184456247034,0.1063387076842347,0.7517987883231596,54467.28464241586,0.0647977860437521,0.1593173723564698,1442.8330698239367,70.60104184941524,13.84421007673875,-0.31513236031243097,Gradual Degradation Trend,Severe,106.6
2004-02-18 10:12:39,0.1652396198931172,1.6979109469031748,13755.522314612264,0.1042053020277909,0.1316747113470877,42908.54883745834,0.1081128176843812,0.9319503219717208,196178.345665168,0.0653115890337187,0.1325764912906573,3345.03211992915,75.37369248783925,11.677380780178328,2.069056132064343,Gradual Degradation Trend,Severe,113.8
2004-02-18 10:22:39,0.1635231001934436,1.797294405900856,2778.54094947512,0.1016792766150937,0.1015756409732184,9830.493556596408,0.1045141468164268,0.6982863942568316,18310.977626590797,0.0642192833767387,0.215869965551311,2324.188283176152,73.9025364207508,12.605202121306428,-0.6946536707490897,Gradual Degradation Trend,Severe,111.6
2004-02-18 10:32:39,0.1618130805802639,1.8622805302434573,11431.773551009952,0.1022719435595761,0.1674594895740351,32662.783846169543,0.1059349181562228,0.8091813822466363,99662.60658715508,0.0648616357110224,0.1934451586864707,2384.265596975458,72.43695130148424,13.211897779219449,1.4839984533075867,Gradual Degradation Trend,Severe,109.3
2004-02-18 10:42:39,0.160143884736069,1.8024402637382264,2536.636302751711,0.1012543920247258,0.1196842681696965,14968.221206336111,0.1043798340478627,1.0555588663981093,11201.054596661195,0.0636288063694424,0.2506983916288368,676.0385312040878,71.00635449923777,12.653242678236884,-0.755558779472234,Gradual Degradation Trend,Severe,107.2
2004-02-18 10:52:39,0.1536215474273852,1.9897856647817396,2649.2640714499,0.1028243728896814,0.1260494306952071,17331.896402314662,0.1059178881182848,0.7416997051893457,14282.63434998465,0.0650799346987274,0.0759450249223516,2078.231257788804,65.41633644987195,14.402256679192815,-0.7272021249361534,Gradual Degradation Trend,Mild,98.7
2004-02-18 11:02:39,0.1511838291462169,1.9097440860459336,6326.876871616715,0.1003255345892809,0.0519666987490761,9271.250299195755,0.1077532262332403,0.8364502515346244,115388.49524972642,0.0636869817201679,0.1527147494431804,1885.312646634728,63.32707173600056,13.65500672756456,0.19872224431289642,Gradual Degradation Trend,Mild,95.6
2004-02-18 11:12:39,0.1498162667053589,2.010027807180683,2603.878240284424,0.1010974190311781,0.0563995269679233,8329.045194038585,0.1057948740303316,0.8817826624923075,68818.87140379418,0.063682317778613,0.1941227331478865,641.2244188608479,62.154992101625815,14.591232710992353,-0.7386290612065598,Gradual Degradation Trend,Mild,93.8
2004-02-18 11:22:39,0.149335195075646,1.8515875312725705,1246.1224008248123,0.1015642379658989,0.0842844662248798,3100.532569028603,0.105561641962913,0.9684537535209836,35231.82737508338,0.0654279086511921,0.1003339770965316,1497.614673467717,61.74268605766322,13.112070375887864,-1.08047560339524,Gradual Degradation Trend,Mild,93.2
2004-02-18 11:32:39,0.1498185816975818,1.824710659518746,15670.912883327004,0.1021144795969669,0.0792572084009126,41996.84119939696,0.1070453872962597,0.8805006103881934,189392.47540128045,0.064128165278848,0.1128405223597939,1630.6043501487463,62.156976183052095,12.861154021723301,2.5513001584399113,Gradual Degradation Trend,Mild,93.8
2004-02-18 11:42:39,0.149862981364958,2.1437787973431317,1190.9161215132438,0.101226712455029,0.0667637674551597,3537.1775811264797,0.1063550305782329,0.8635927922953694,16598.59792076353,0.0647158305262562,0.1528123465272037,871.2137374039833,62.195029250575644,15.839901496736967,-1.0943750653907585,Gradual Degradation Trend,Mild,93.9
2004-02-18 11:52:39,0.1671836753359254,2.348869356891683,14597.041711497406,0.1037237678621985,0.0988510513356049,38013.64601013975,0.1076034190942892,0.7630665091769964,122403.96166665008,0.0674746675554518,0.132455751825018,3069.67854930055,77.03985976805596,17.75458025648399,2.2809281694730585,Gradual Degradation Trend,Severe,116.3
2004-02-18 12:02:39,0.1699991703506869,2.207939092072202,4686.346283205126,0.1033495526323015,0.2046518141122564,6908.494810564464,0.1073996370163791,0.6967065825452257,20148.87446364397,0.0662745628109401,0.1243708100369684,933.7925105401484,79.45290086138641,16.43888739743991,-0.21431940331239768,Gradual Degradation Trend,Severe,119.9
2004-02-18 12:12:39,0.1603672281096187,2.159949000136546,4217.597723671171,0.104871062714754,0.0223192129712095,11051.73214920906,0.1090466314118213,0.921219693270702,31711.8974522196,0.0670497151868717,0.1312152846981966,1669.0817080066995,71.1977726106082,15.990862827660749,-0.33233773147984136,Gradual Degradation Trend,Severe,107.5
2004-02-18 12:22:39,0.1594284300757122,2.3122078844081697,1573.4156375179848,0.104642185155235,0.0908479983773813,4989.499094527889,0.1078707220508941,0.6442358187330361,21735.54757603613,0.0683906796178671,0.1513030669415629,2269.5134797949813,70.3931687230939,17.412317098102896,-0.9980719355238263,Gradual Degradation Trend,Severe,106.3
2004-02-18 12:32:39,0.1593988131719461,1.9357105328770965,9100.351626389893,0.1039525538275305,0.1052675625889207,23621.16923498635,0.1082352321497747,0.681497691413179,49871.04528130074,0.0674312250903652,0.0989184047297215,2025.6240254013528,70.36778533386035,13.89742356197745,0.897008878192633,Gradual Degradation Trend,Severe,106.2
2004-02-18 12:42:39,0.1543721764038333,2.0163595484224404,5378.576078630833,0.1049603443065671,0.1744754682557769,8363.325748866517,0.1100167350107331,0.845896754520095,72229.35916031494,0.0672944773342322,0.2098314611702871,2303.0663806874927,66.05966863711336,14.650344405331149,-0.04003448765301323,Gradual Degradation Trend,Mild,99.7
2004-02-18 12:52:39,0.150218535631478,1.959021613287548,4683.35836576656,0.1053465013731471,0.0119313577838058,9994.412237114184,0.10835955884988,1.0133575991621155,41977.80554709773,0.0670338996416878,0.1136893640682461,1230.0416166849514,62.49975969816069,14.115050500179255,-0.21507168086851966,Gradual Degradation Trend,Mild,94.3
2004-02-18 13:02:39,0.1537879396152174,2.3246693265761538,2212.8845563470927,0.105517407757411,0.0627632979421437,7061.183365211808,0.1095294258050662,0.9482614002738274,8360.898759831927,0.0670020208708756,0.1563281103437583,1145.8721837161083,65.5589441209007,17.528654284404283,-0.8370707949757087,Gradual Degradation Trend,Mild,99.0
2004-02-18 13:12:39,0.1555949155158194,2.143193923902857,5561.039834514909,0.1055140395816031,0.0671166191656369,5443.751032871324,0.110244279985545,0.785560587515338,74418.2850039446,0.0682793023892718,0.2387480406573137,1447.491202488933,67.10762635260403,15.834441251488727,0.005904997349353574,Gradual Degradation Trend,Severe,101.3
2004-02-18 13:22:39,0.1519002160458161,2.4133470314032275,6191.101725088678,0.1055699919170186,0.0696058184570485,21131.733960797555,0.1091764669135907,0.7262371229562823,94428.17130000194,0.0677733588796374,0.1111540380046856,1207.3214954840444,63.941056494770564,18.356529142560877,0.16453770022414202,Gradual Degradation Trend,Mild,96.5
2004-02-18 13:32:39,0.1502383227185436,2.7027362077148758,3054.341469426414,0.1069032265814069,0.0144733399976244,10725.650688040916,0.1090287432088581,0.8678310940174057,9863.35599855302,0.0681222075115743,0.1692823403477192,727.4194676998893,62.51671836935572,21.05820059152599,-0.6252144893151775,Gradual Degradation Trend,Mild,94.4
2004-02-18 13:42:39,0.1519778949926806,2.34280981199709,1899.573418901688,0.1071520486198817,0.1075893358791941,8798.169708835103,0.1084438567571228,0.5202986149089726,16981.161200540715,0.0683889868006903,0.1925568212669022,1571.9445141442666,64.00763181807532,17.69800972525647,-0.9159541448772208,Gradual Degradation Trend,Mild,96.6
2004-02-18 13:52:39,0.1554629642453569,2.4550896454244606,1246.0798350490747,0.1066760444842087,0.0759649589646738,2706.570644531273,0.109120043245458,0.6972987304190568,38660.13597395355,0.0682697233548893,0.1534148392525045,1065.2553407494645,66.99453652780457,18.74622868123639,-1.080486320317111,Gradual Degradation Trend,Severe,101.1
2004-02-18 14:02:39,0.155925308735615,2.241556979939596,5992.049590583772,0.1080872502291985,0.1460284578185242,11071.454866285145,0.1113176510423829,0.4192544409785341,62445.54976207647,0.0680913083258887,0.196221706841817,1078.487153649512,67.39079233661202,16.752736342944488,0.11442170593546334,Gradual Degradation Trend,Severe,101.7
2004-02-18 14:12:39,0.1553426839696373,2.617530006241532,1589.4085085947415,0.1070145646209693,0.2172557427865333,2591.7434832358704,0.1082591396076735,0.5579949037752518,22257.73238071481,0.069599453557818,0.13502611063653,1916.776826626285,66.89144941647714,20.262734898132546,-0.9940453590817506,Gradual Degradation Trend,Severe,101.0
2004-02-18 14:22:39,0.154439128886594,2.7844231394321968,14255.219464905487,0.1089671789749096,0.1540588575188755,32974.559581568865,0.1130998336129689,0.9590684438836092,185240.7158838975,0.0696146080384264,0.1792748759691385,1748.0398025003017,66.1170507640058,21.82081118390205,2.1948664861831375,Gradual Degradation Trend,Mild,99.8
2004-02-18 14:32:39,0.1553537588243663,2.61616408241109,10377.498467211282,0.1070866255016382,0.0357637516970759,40391.17985130326,0.1106733188085265,0.9406332717289256,75169.83742973268,0.0684153064042734,0.1584363564074586,1663.4042870401222,66.9009412036846,20.24998294430621,1.218560234271316,Gradual Degradation Trend,Severe,101.0
2004-02-18 14:42:39,0.1636656377093154,2.826460757283755,6461.3468722527705,0.1086717808680397,0.1211472767778523,11613.378896768778,0.1122227928034647,0.42549076347054,111667.96288660336,0.0714364220992607,0.1466694143789606,2697.6472494694435,74.02469926648008,22.213264811157803,0.23257818763466517,Gradual Degradation Trend,Severe,111.7
2004-02-18 14:52:39,0.1562463933958757,2.986025426473298,3018.309875656909,0.109098245619559,0.021472198081359,20867.533882012805,0.1097650427030818,0.5170309855426609,19001.19723737523,0.0693996922554866,0.155085648168495,2293.9656718700858,67.66598034994004,23.70292422588554,-0.6342862792362245,Gradual Degradation Trend,Severe,102.1
2004-02-18 15:02:39,0.145387459832554,2.500774861310396,2590.894431186545,0.1076386204269725,0.0688817827870065,2750.613905594356,0.1114289709912636,0.6829632839100266,36063.31096000294,0.0676404759324991,0.0744628933454176,1237.1591886464048,58.35924999500807,19.172735453092706,-0.741898036463786,Gradual Degradation Trend,Mild,88.1
2004-02-18 15:12:39,0.1357511096438303,1.8574887282894077,7137.594301896711,0.1102395088723015,0.1732471529874453,22072.16421483092,0.1136783473243283,0.7983581834256479,51276.19472456292,0.0697778187831966,0.140609896680159,865.8058127279342,50.10034387967169,13.167162607388388,0.4028391718037856,Gradual Degradation Trend,Mild,75.6
2004-02-18 15:22:39,0.1319658662069476,1.7284183537364086,2440.006941995949,0.1109008247035245,0.0251170682308492,9288.248470191604,0.1141558199160389,0.4256295708417914,55817.6937873161,0.0686110723429307,-0.0077058762776527,1838.9087893123688,46.856172636757584,11.96219098308153,-0.7798874635318118,Gradual Degradation Trend,Mild,70.7
2004-02-18 15:32:39,0.1255796458863358,1.1700207117382746,3086.52336197068,0.1083268410514564,-0.0151817065707713,4433.725928460844,0.1126707772793565,0.5169870419458209,18698.559157854022,0.0691551019448312,0.0878921274021138,2254.1491516519263,41.38281467167391,6.749117758355417,-0.6171119510180684,Gradual Degradation Trend,Mild,62.5
2004-02-18 15:42:39,0.122505292655116,0.7577765261606118,10767.190231111135,0.1118254106227091,0.0571045195738548,23284.2377962561,0.114929588031447,0.4664358301032418,45602.93766932077,0.0684659109121557,0.0532082414904406,1412.6992102943884,38.74791720481584,2.9004999200101773,1.3166741794572132,Gradual Degradation Trend,Mild,58.5
2004-02-18 15:52:39,0.1219323144479781,0.8535628017026946,1321.740679717176,0.1105492387114787,0.1737716231304338,9271.171097601544,0.1151577683922962,0.6460291201542372,20899.05389710367,0.0687090421320449,0.0348743564930913,706.9455876042543,38.25684194019716,3.794738775564547,-1.0614369468015021,Gradual Degradation Trend,Mild,57.7
2004-02-18 16:02:39,0.1188806491412053,0.7442252875255817,5852.209495254357,0.1113497878046502,0.0434844087766506,34117.81754692819,0.1131656869597764,0.5285978025296196,56276.35770599693,0.0678283017303617,0.0346645809117176,2215.191933367181,35.64138932894209,2.7739886420660893,0.07921371665020115,Gradual Degradation Trend,Mild,53.8
2004-02-18 16:12:39,0.1212316783032337,0.7446591645433762,3778.642621988843,0.1129971178075463,0.0890515928838242,25697.31253276366,0.1159914726543103,0.4551161480405516,34941.17399534132,0.0679477241185503,0.0813982354990141,3205.325923865151,37.65635648386469,2.77803921909968,-0.4428548652127416,Gradual Degradation Trend,Mild,56.8
2004-02-18 16:22:39,0.1201982247473808,0.6216526602009442,1510.124268582328,0.1109523148118567,0.0355167441299988,2144.806955204616,0.1151195631435394,0.5090312910784425,7711.86336991524,0.0677701758040778,0.1240623094530364,1559.6664487098362,36.77062737219985,1.629678506185295,-1.0140070064638662,Gradual Degradation Trend,Mild,55.5
2004-02-18 16:32:39,0.1207111384880373,0.6546762590964943,6274.92261091781,0.1105358558995818,0.0149336795346459,6568.378678281554,0.1162236514578815,0.5747845060599737,80430.3034372342,0.0675670666530207,0.0750221717734143,2418.9699981100807,37.21022393587652,1.9379793051830496,0.18564155347310696,Gradual Degradation Trend,Mild,56.2
2004-02-18 16:42:39,0.1260182390847898,0.6512671864651218,7108.488209448025,0.1152111949143561,0.1181664316470714,28940.229789638965,0.1171197193563465,0.6246592089667198,42254.74510876859,0.0690987885431068,0.1352167995364817,1567.1089472059032,41.758714257919266,1.9061529794267997,0.39551103756120537,Gradual Degradation Trend,Mild,63.0
2004-02-18 16:52:39,0.1288969794014899,0.7079267107692919,857.9817066282774,0.1130099866386954,0.0092386385680183,6599.860663335354,0.116737399154376,0.4783541588315043,12903.5432867516,0.0689259187489773,0.043021344375965,1663.6967846945806,44.225960211048005,2.435113395554013,-1.1781990307874637,Gradual Degradation Trend,Mild,66.8
2004-02-18 17:02:39,0.143866582650439,0.8912405209916154,4316.222416641222,0.1160362902470467,-0.0020422875452084,8183.627488712543,0.1193531992936956,0.3429476129457405,72145.19342523205,0.0695686532122451,0.1090192931771016,2144.6608807088896,57.05577081315523,4.146489382696366,-0.30750667622939915,Gradual Degradation Trend,Mild,86.1
2004-02-18 17:12:39,0.1530643899497957,0.942993069277872,4171.128278786301,0.1148828390109626,0.0500875204127635,3498.341249610338,0.118910016571421,0.2680434259543167,38660.69260007925,0.0683803046531172,0.0611803435745343,1445.7543988123753,64.93882046002614,4.629639388160269,-0.3440374926516604,Gradual Degradation Trend,Mild,98.0
2004-02-18 17:22:39,0.1662419896448961,1.348028731376786,1305.987178468658,0.1175902086813965,0.0790551908109336,7541.57218218608,0.1191352695517657,0.5559976784608609,7117.404960011664,0.0700135443090745,0.1089734250120217,1461.292796637453,76.23278099237307,8.410960092867182,-1.0654032563342337,Gradual Degradation Trend,Severe,115.1
2004-02-18 17:32:39,0.1754550098972579,1.183291689599853,5661.834302313833,0.1190700998230664,0.0891331726023083,12577.007224005694,0.1216716187633747,0.5389886189167212,32728.429175562334,0.0718224019500531,0.1390670764178505,1920.3666939827503,84.12886901457755,6.873012585540878,0.03128234376719273,Gradual Degradation Trend,Severe,127.0
2004-02-18 17:42:39,0.1828518619483234,1.385662486057388,16002.419747300974,0.1179479039942661,0.0299184465600959,37825.08520432215,0.1228219014769836,0.3822999854545776,108658.32809459975,0.0699209898686993,0.1482352407246061,1352.8789404466322,90.46839647490891,8.762300256427567,2.6347647047654257,Gradual Degradation Trend,Severe,136.6
2004-02-18 17:52:39,0.1830478103635939,1.2336770503160857,16560.32904064419,0.1193797303545759,0.0539646522116061,40188.91809427808,0.1243394095592031,0.4434552554079807,213458.72734978053,0.07171452159376,0.1427817182244632,3628.014696172929,90.63633553206998,7.3433988391934975,2.7752313168333322,Gradual Degradation Trend,Severe,136.8
2004-02-18 18:02:39,0.1843409130301704,1.303366189780892,1199.4077181150546,0.1164458628069016,0.081343829520001,6370.592733050572,0.120502314147255,0.3090213131930857,12452.779517307448,0.0714136675578456,0.0844859578912333,1240.1805207885704,91.74459885911712,7.994000775294437,-1.0922371088807383,Gradual Degradation Trend,Severe,138.5
2004-02-18 18:12:39,0.1736957100996776,1.0203749635404202,8210.785088956167,0.1174604138768674,0.0180826505718449,14986.781333236844,0.1224405906641563,0.4737704184590634,34994.08380498195,0.0708605474682492,0.2553948571578481,1443.9816826063184,82.62104794411161,5.352059131222196,0.673039858114983,Gradual Degradation Trend,Severe,124.7
2004-02-18 18:22:39,0.1651021159507238,1.067268555058079,2894.668404740812,0.1168858686874855,-0.0329026309738988,15065.878372190213,0.1224858585587536,0.2220323556800716,77950.05084207372,0.0697580318516262,0.0782136165979778,4156.653326287594,75.25584370396622,5.789847022799229,-0.6654158889019889,Gradual Degradation Trend,Severe,113.6
2004-02-18 18:32:39,0.1731774106983121,1.146197452969874,24056.330529175037,0.120609833486303,0.0461831619028636,71577.71065330089,0.1270448949083182,0.4977707026522315,202434.1695400797,0.0712667955807173,0.1303740551601118,2633.2191531454127,82.17683555958018,6.526709239639491,4.662523652188222,Gradual Degradation Trend,Severe,124.0
2004-02-18 18:42:39,0.1776919524921394,1.3526061061171657,4650.578190662185,0.1187182848273329,0.0960786390955168,14642.661440937323,0.1243775627876668,0.4066075336856833,61962.239744230246,0.0701002546580609,0.1977137507494912,1025.8073428526195,86.04605742250216,8.453693421061807,-0.22332485068455232,Gradual Degradation Trend,Severe,129.9
2004-02-18 18:52:39,0.1765543943106221,1.339958487414516,5093.115795586448,0.1193532690462697,0.0899927527034174,11146.126607362055,0.123932028371402,0.3363581025616868,37921.26405794098,0.0721259196892186,0.1415669389620797,627.7728124454704,85.0711046615618,8.335618133029792,-0.1119057386209068,Gradual Degradation Trend,Severe,128.4
2004-02-18 19:02:39,0.1930376841701268,1.830056361432022,5385.930420648413,0.121994325599659,0.0942567845933703,30752.294293350147,0.1264812088470309,0.2472396841190058,61039.11026702429,0.0734158082990518,0.223097467344866,2265.547072956591,99.19823171230217,12.911060277436967,-0.038182861376978725,Gradual Degradation Trend,Severe,149.7
2004-02-18 19:12:39,0.1769176388259078,1.3679778747043585,5032.765573523899,0.1230156236107582,0.0742311659727725,4687.470417563466,0.1294183332471437,0.236476044690312,71298.11606995504,0.073638640435809,0.2930457667418835,1239.324142300338,85.3824260944593,8.59720075205954,-0.12710030758008914,Gradual Degradation Trend,Severe,128.9
2004-02-18 19:22:39,0.1710150259811345,1.6965917277658908,10271.918398833235,0.1208242781942928,0.0244907431168748,23641.96066366873,0.1278421939834419,0.2284310877639379,42602.01013417169,0.0757477877152197,0.3173731673467177,1849.6578176785529,80.32354753925624,11.665064850731506,1.1919780018476684,Gradual Degradation Trend,Severe,121.3
2004-02-18 19:32:39,0.1751558074537228,1.7447864206890555,6097.496296359352,0.1211225713685185,0.1745973421635867,11365.87760979592,0.1268569089241767,0.320262508421917,29133.041858578275,0.0754986751616998,0.3369013707985955,999.8415586063132,83.87243531901434,12.11499952873734,0.14097036122897727,Gradual Degradation Trend,Severe,126.6
2004-02-18 19:42:39,0.1699385273449545,2.255060008475886,3235.9139259640942,0.1234174574313866,0.1413164028449274,4029.993965746599,0.1294077317441127,0.290530534846086,50739.11524804946,0.0769631735190604,0.4222433802459626,1591.5754054622014,79.40092631904548,16.87879754238537,-0.5794994096077579,Gradual Degradation Trend,Severe,119.9
2004-02-18 19:52:39,0.1755212735837703,2.0630298792829587,4323.469886091733,0.1258217388249641,0.2052763402041071,24155.646116108117,0.1294307249026602,0.1091467829158925,25580.74423354182,0.0776607842614879,0.2934448356856167,1227.180312605446,84.18566080348558,15.0860479862551,-0.3056819576023288,Gradual Degradation Trend,Severe,127.1
2004-02-18 20:02:39,0.1695960599045751,2.1145702826278567,5201.978038015826,0.1258678820448995,0.040076523119827,13013.427300239864,0.1330782159944505,0.2903076099900232,61072.94915560563,0.0795259916606475,0.3965165088167124,818.972716899554,79.10741203383793,15.567217454857134,-0.08449714271002493,Gradual Degradation Trend,Severe,119.4
2004-02-18 20:12:39,0.1845981164573717,2.410826161644821,2420.160190633192,0.1280140222498227,0.1440011440157018,4263.412087985746,0.1343367936236895,0.3009597508719865,16777.955580363894,0.0829202842201849,0.5138241127090044,481.8872563619296,91.965036983116,18.332994876560857,-0.784884343773356,Gradual Degradation Trend,Severe,138.8
2004-02-18 20:22:39,0.1796533054420374,2.008146048458189,12416.268338047386,0.1276723230395393,0.1270163960208474,17342.47115579017,0.1349128558074039,0.1648016459755732,50507.35183154233,0.0842070446410958,0.4557222547150639,1140.0955773955627,87.72704966074615,14.573665040082199,1.7318678632343918,Gradual Degradation Trend,Severe,132.4
2004-02-18 20:32:39,0.1715689192218938,1.3135115993832214,3652.182380656241,0.129627746023228,0.1525626570368468,19485.928553998197,0.1337111372058836,0.1377139914642895,10354.4952270933,0.0821566799983992,0.3712459346392167,1533.6864560250433,80.79826589047427,8.088716008980828,-0.47469416574640866,Gradual Degradation Trend,Severe,122.0
2004-02-18 20:42:39,0.1692448004821252,1.0764268059592403,2399.153659868085,0.1304120277146868,0.0172072138719907,12645.747179426897,0.1378014977538456,0.2739836706076484,81098.23967484779,0.0823701342336643,0.3838862506269338,1911.6717230010145,78.80636251453593,5.875346367651993,-0.7901732253945832,Gradual Degradation Trend,Severe,119.0
2004-02-18 20:52:39,0.1579695922949849,0.7112063302087432,5112.881546224445,0.1307137575995015,-0.0503541333777266,20083.403528385243,0.1378571356287007,0.092557670052416,54130.68639437391,0.0810528316805619,0.260173677788317,3476.026367276947,69.14286087493876,2.465731175790184,-0.10692925219161477,Gradual Degradation Trend,Severe,104.4
2004-02-18 21:02:39,0.1509290111484535,0.8786514148313511,3391.505490189727,0.1286565720256475,-0.127709994144884,8392.015020118779,0.1380123161680235,0.0062924135139312,24971.27349629717,0.0789970226644254,0.2548452273157586,1811.8553392960864,63.10867806217076,4.028960354435305,-0.5403256224816209,Gradual Degradation Trend,Mild,95.3
2004-02-18 21:12:39,0.1583352741280449,0.5093037113259804,7836.978669554667,0.1290529695331048,-0.1350400943718215,26483.92043760657,0.1385658538371174,0.0982661330801715,49796.99278845498,0.0809062753476206,0.2934711567472412,2637.9396852842588,69.45627122929272,0.5808143041259421,0.5789254170596659,Gradual Degradation Trend,Severe,104.8
2004-02-18 21:22:39,0.1705056983331129,0.3598556796663938,2351.053027250894,0.1307196186544769,-0.059265548807057,4079.2404651372417,0.1395885908913448,0.192904212404195,31536.35412141976,0.0824273182444312,0.1950096239046312,1405.686262098499,79.8870244631358,-0.8143984864309615,-0.8022836759331861,Gradual Degradation Trend,Severe,120.6
2004-02-18 21:32:39,0.1677026281379484,0.3978019425418919,3749.545402264213,0.1264757582765987,-0.2081243484948718,6099.586997747862,0.1378480961327427,0.0848572096933235,31511.34646957912,0.0770726235873713,0.2032044260402541,1081.140318120967,77.48463215451552,-0.4601408175288808,-0.45018076554113046,Gradual Degradation Trend,Severe,117.0
2004-02-18 21:42:39,0.179620514824179,0.5302426757931595,3112.3767077827997,0.1268567268629875,-0.1540317172961742,14764.06971663053,0.1369988507521938,-0.0093267193184245,36135.48596079738,0.0800454823712548,0.3685407592705028,975.823508707628,87.69894621607546,0.7762957080708889,-0.61060277122813,Gradual Degradation Trend,Severe,132.4
2004-02-18 21:52:39,0.192045559881796,0.7571049470480635,3717.287014936089,0.130220611337789,-0.2190536118853194,18021.983009859443,0.1415823716737009,0.082099160811397,38785.904308902565,0.0805903783464952,0.3331707235814001,2304.259998658624,98.34792415896551,2.8942302103506186,-0.4583025631752996,Gradual Degradation Trend,Severe,148.5
2004-02-18 22:02:39,0.1999962128547688,0.8609358829813223,20707.520529246587,0.1299671579984848,-0.1316829312813121,69483.07185438374,0.1428238230604185,0.051154741880548,178286.2255893476,0.0809886315927465,0.3474144778243828,1497.7145325028066,105.16209084795125,3.8635721833486576,3.8193830184657127,Gradual Degradation Trend,Severe,158.7
2004-02-18 22:12:39,0.2244572852468607,1.4313680652798766,3740.983083272454,0.1301809246569222,-0.1617815674594225,13125.794773790947,0.1434247126312595,0.4930957982519977,97296.11204254444,0.0824191815318194,0.5077556650038066,3070.2874665100435,126.12663617997296,9.188997135756704,-0.4523365280540828,Gradual Degradation Trend,Severe,190.4
2004-02-18 22:22:39,0.2659295177268546,2.188355898835968,3482.769265014545,0.1336576108330301,0.0043573536680949,22725.372398177864,0.1418505043211756,0.1702958252620221,62678.04713930704,0.0891898741033875,0.6275766429811225,3636.028655449453,161.67072369626928,16.25606316496439,-0.5173478491999627,Gradual Degradation Trend,Severe,244.0
2004-02-18 22:32:39,0.2011581127574153,1.816224804256944,2256.7893802384824,0.133028170661154,-0.0062753008743903,6482.016232147732,0.1437263917434573,-0.0147631892150679,22744.455522585587,0.0845627627259407,0.539569905001799,773.5059509365209,106.15790586332969,12.781932009438462,-0.8260167366564692,Gradual Degradation Trend,Severe,160.2
2004-02-18 22:42:39,0.1969095878595443,1.4284091908193126,11051.764149428254,0.1308814257540843,-0.0461203720796494,13187.889927746442,0.1465399342969349,0.0725181042039544,88052.37812019612,0.0885009942122827,0.5687705364955304,2622.315921701072,102.51667577382491,9.161373757601853,1.3883222675350437,Gradual Degradation Trend,Severe,154.8
2004-02-18 22:52:39,0.1955975990444492,1.1907125645598278,4474.767698142651,0.1340497999884861,-0.0373262767504911,11660.373154809817,0.1488177504586146,0.0668728633064472,54905.958821962064,0.0898025024880988,0.547702609322414,1818.4053492186465,101.39222593171338,6.942292184250239,-0.2675892222318045,Gradual Degradation Trend,Severe,153.1
2004-02-18 23:02:39,0.1664728015393017,0.7069339010890476,2630.83610578041,0.1304120000080274,0.0071389486128499,21799.731246259093,0.145058502812766,0.0054035659755324,17340.319312449854,0.0847096318520841,0.4705107224283562,1525.581199440899,76.43060005548988,2.4258447504665974,-0.7318417929534856,Gradual Degradation Trend,Severe,115.4
2004-02-18 23:12:39,0.1624004647083868,0.8365146408675299,17652.972088974,0.1321922648003538,-0.0948071365831557,47151.57332243519,0.1466137017439451,0.0352511117220104,128627.55137322222,0.0853319039860861,0.4305497049518916,1632.0665101748937,72.94037326859815,3.6355810282957672,3.050329561350332,Gradual Degradation Trend,Severe,110.1
2004-02-18 23:22:39,0.1700693232391757,0.8079763666608222,1479.3264673792935,0.1330387567253078,0.0596848442453823,9770.912793726671,0.146366881046183,0.0326746718243748,10051.40592929539,0.0884484216423087,0.4619920187149735,2334.648528490496,79.51302591998243,3.3691541991735607,-1.0217610676450442,Gradual Degradation Trend,Severe,120.0
2004-02-18 23:32:39,0.1630829546508654,0.2385955216466082,3317.9730125830206,0.1339275859971187,-0.0692884119930661,20112.593798249112,0.1481273864193312,-0.1614117701169717,17403.01725846937,0.087157548618866,0.1160450402193911,1711.161218034811,73.52530638634515,-1.9464557077634155,-0.5588391301962505,Gradual Degradation Trend,Severe,111.0
2004-02-18 23:42:39,0.197988164621217,0.6918752464391398,4258.963085682346,0.1353052816348321,-0.1121648106245594,22340.61403564055,0.1503523467519816,-0.0314560280843769,18841.416235353896,0.0886240994643069,0.0583339785749372,1055.63402453742,103.44107806705645,2.285260579883559,-0.3219230416225462,Gradual Degradation Trend,Severe,156.1
2004-02-18 23:52:39,0.1884763268457076,0.6431576445294054,5181.467054545428,0.1339425596192029,-0.2061870249564061,6063.64461900549,0.1503900084402945,-0.0438664722661754,44923.68051187869,0.0866609286399261,0.1535335251353666,946.2043727552772,95.28888624819034,1.8304441426584341,-0.08966125879958296,Gradual Degradation Trend,Severe,143.8
2004-02-19 00:02:39,0.2154372793596563,1.4587115959458012,2611.953948922747,0.1356931627747991,-0.0649067968758201,9305.879616185804,0.1505584610552077,-0.1240857399838084,31423.31186507904,0.0896832316057466,0.2370573819396546,2016.84441277634,118.3959725653011,9.444270111254847,-0.7365958141429105,Gradual Degradation Trend,Severe,178.7
2004-02-19 00:12:39,0.1838510388662177,0.8855776669293616,11266.398402401888,0.1389291936549312,-0.0175597230614741,32690.29306551981,0.156490091164944,-0.0417968155911938,99437.1848650178,0.0890026229643332,0.0953121509323127,1520.5600766238,91.32474853724437,4.093622266743241,1.4423614217643412,Gradual Degradation Trend,Severe,137.9
2004-02-19 00:22:39,0.1638758217704414,0.2644797653217505,5104.589805818988,0.1363282159741816,-0.0462517286483894,7963.831393725483,0.1556646488775028,0.0125708272840614,34659.10139076458,0.0869562724048522,0.258329779588466,3244.9890108283344,74.20483909056112,-1.7048063032954404,-0.10901689026611552,Gradual Degradation Trend,Severe,112.0
2004-02-19 00:32:39,0.1583213382414958,0.3269080575747445,4786.5010004957385,0.1288585843691641,-0.1549867458067675,6608.555139438008,0.1502355703930601,0.0544408114759145,14149.312996348304,0.0849731181641987,0.0829216345357277,482.162398055164,69.4443273733318,-1.121989983289298,-0.1891031289317939,Gradual Degradation Trend,Severe,104.8
2004-02-19 00:42:39,0.1612034889316915,0.5962783117213477,11981.003561058811,0.1269680496996439,-0.1629520358581584,17331.536795970344,0.1482481894782993,-0.0625724373792575,209824.8735617849,0.0839517744866249,-0.0835057945736998,2703.1270366880835,71.91449621261212,1.3927893671471747,1.6222798543849573,Gradual Degradation Trend,Severe,108.6
2004-02-19 00:52:39,0.1829362166849418,0.9118408191974584,8985.613841954268,0.1357641324437464,-0.1142833637506273,11011.684452171565,0.1513032871975915,-0.0646503473322419,127055.13992681852,0.092426415251962,0.0219635606696035,2526.482719940842,90.54069333383073,4.338809075548171,0.8681209782272612,Gradual Degradation Trend,Severe,136.7
2004-02-19 01:02:39,0.2144247164699143,1.374046176080066,6670.8860064163655,0.1429469479619646,0.1350721115057873,5563.613535709352,0.1540856635096813,-0.1216150981239194,81557.3674935651,0.0995241821960717,0.2901797192976967,1572.2665851249255,117.52814795551899,8.653853031800677,0.2853345274604941,Gradual Degradation Trend,Severe,177.4
2004-02-19 01:12:39,0.23728752594838,1.2521377158068754,4934.156634117884,0.1439332960130208,0.3337137770361083,9121.821714940188,0.1523976859650434,0.0083617651184537,35059.05612898398,0.1013803041248798,0.3852631973901772,1510.6156864408613,137.12289008479812,7.5157434082649095,-0.1519273965051903,Gradual Degradation Trend,Severe,207.0
2004-02-19 01:22:39,0.198759839575617,0.3930067403957853,4814.6743613756325,0.1320754156900045,-0.1632404191731029,11948.758938079727,0.1443372505437569,-0.0142909086947495,51448.2688671936,0.0923322991525548,-0.1420881496754265,463.3986324179856,104.1024478673574,-0.5049077327786785,-0.1820098315076718,Gradual Degradation Trend,Severe,157.1
2004-02-19 01:32:39,0.2361434556379342,0.6124751846308487,9874.958355729192,0.1364428976042381,-0.1591476849898261,40698.927668113945,0.1444357946608003,0.0473445471017841,92121.1559470904,0.0954365941652329,-0.1200586393730511,1699.1918527792232,136.1423560549771,1.5439996842012957,1.0920340986962778,Gradual Degradation Trend,Severe,205.5
2004-02-19 01:42:39,0.2029883943293849,0.5611380194014495,20920.743246850943,0.1218477140929919,-0.0801318111680768,45444.0683446312,0.1351908992796736,0.1269220045475667,217270.3005331194,0.0899195929879856,-0.1657977950291016,3641.3378394142464,107.72656239526185,1.0647276003632056,3.873066785908122,Gradual Degradation Trend,Severe,162.6
2004-02-19 01:52:39,0.2210419021583139,0.4655669752736662,3555.417404243146,0.121891884847995,-0.0153614633341661,24719.453564197996,0.1266342157924745,0.1194032695506925,23154.8603550458,0.094004500910362,-0.1015845530978416,1700.3594961011593,123.19945651923132,0.17249809627921484,-0.49905699419496913,Gradual Degradation Trend,Severe,186.0
2004-02-19 02:02:39,0.2072211659582431,0.1687446154006875,2157.754112591821,0.1207110503061572,-0.0091455315193398,17480.440905283147,0.1216560988873323,0.2672653684486152,21906.629344002373,0.0891676136838825,-0.178025776707829,792.6058120242651,111.35429102755116,-2.598567861694538,-0.8509511636100044,Gradual Degradation Trend,Severe,168.1
2004-02-19 02:12:39,0.2615312065920325,0.819911092895623,1333.8966754850214,0.1350341514962511,0.0882695695459405,3036.404119895166,0.1273802873197271,0.183598590032481,24177.872867380876,0.0995338000065806,-0.0043483232253405,1130.7257739505555,157.9011181903339,3.4805740854690055,-1.0583763927612764,Gradual Degradation Trend,Severe,238.4
2004-02-19 02:22:39,0.201622636741226,0.5009320077403623,13580.890777089076,0.1277052908402535,-0.1351892761271869,33199.439568881855,0.1221400119515764,0.4751813083282434,99127.0828733468,0.0910845637520774,-0.1791063054668855,418.9629530908149,106.55602962341304,0.502657985894793,2.0250885897975723,Gradual Degradation Trend,Severe,160.8
2004-02-19 02:32:39,0.2228994363838418,0.5709460275133078,4035.155887933045,0.1585780735786693,0.0094025633985368,12093.645663141458,0.1486284165332184,0.0301367194129413,84356.2717031866,0.1017911100151924,-0.1952233906567979,2832.575271258989,124.79147014204582,1.156292930569231,-0.37827169757676166,Gradual Degradation Trend,Severe,188.4
2004-02-19 02:42:39,0.2592424483403217,0.1682813727891927,17818.654792372192,0.1723265134739682,0.2355209844978807,32876.59191896574,0.1639220791927524,-0.1961628259816383,84960.24881360293,0.1106923316456756,-0.1538946074919231,1579.0542782004916,155.9395207855716,-2.6028925892236416,3.092044026949454,Gradual Degradation Trend,Severe,235.4
2004-02-19 02:52:39,0.2316656449388253,0.2930961828855869,11322.6226393264,0.1778901828057745,-0.4992488391429104,22095.527405932404,0.1833627106109039,-0.3438718382237726,53144.48160964293,0.106301931242746,-0.3413025240834848,848.3706372923549,132.30461485193692,-1.4376499455862575,1.4565171782127841,Gradual Degradation Trend,Severe,199.7
2004-02-19 03:02:39,0.2345764202212748,0.4463146708758181,5781.557720767048,0.1394211085446264,-0.3338197956159554,13622.52168729939,0.1649013613781736,-0.4076421921114956,20093.48925636884,0.0958418069170495,-0.2565489694450216,972.4259218549638,134.79931661243572,-0.0072370333527151795,0.061425492798706946,Gradual Degradation Trend,Severe,203.5
2004-02-19 03:12:39,0.2474972149069939,0.1623530711987686,17133.634768036438,0.1402074972501693,-0.0960437041643835,13771.02145363898,0.1502366975249493,-0.0675777676281295,60450.09683686239,0.0915430533423174,-0.2427225857097319,3519.7790644101688,145.873180487761,-2.6582378628507897,2.9195743384799986,Gradual Degradation Trend,Severe,220.2
2004-02-19 03:22:39,0.2971881006007338,0.4668719209344352,6644.943025831698,0.1705166706247148,-0.3469354854149258,24804.441245092323,0.1644325549783824,-0.2013873402253598,30838.826533522708,0.1086640233504315,-0.0020355984298343,2729.754371078385,188.4611263069929,0.18468077179971804,0.27880278003640174,Gradual Degradation Trend,Severe,284.5
2004-02-19 03:32:39,0.2916511123549687,0.1737045854862606,12245.662869951271,0.1767922396376429,-0.5621264719189867,11783.070125638267,0.1639180788450915,-0.212638715454696,15290.58405016629,0.1100134790658484,0.0463650502697094,748.7665712281669,183.71560905327095,-2.55226271048362,1.6889139773793695,Gradual Degradation Trend,Severe,277.3
2004-02-19 03:42:39,0.3437355161721363,-0.2645413360708852,7702.45489328644,0.1753833381002971,-0.4576937682256865,20571.068595710563,0.1610617431528104,-0.2361030913277622,42802.13751966589,0.1169733157254118,0.6516244075268829,914.9890133834688,228.3549375100784,-6.643626834694253,0.5450559344745203,Gradual Degradation Trend,Severe,344.7
2004-02-19 03:52:39,0.3148111378891517,-0.2588740512312379,23606.741042160043,0.1464718274626024,0.2190863511849401,51469.28446774356,0.1500193965323734,-0.0544424316019993,119277.1468405006,0.109391081407061,0.0543306564842605,2897.8247878368297,203.56508242955397,-6.59071835401238,4.5493290651543505,Gradual Degradation Trend,Severe,307.3
2004-02-19 04:02:39,0.3257155681690027,1.5961439154093575,11844.669573285975,0.1483621588403904,-0.0597599019080345,7327.856410821428,0.1561052226139271,-0.0794315317857208,5567.921284788845,0.1187910732832937,0.0465539757043043,1161.0154707152922,212.91080608620416,10.727306949024774,1.5879546090437282,Gradual Degradation Trend,Severe,321.4
2004-02-19 04:12:39,0.3530901072362761,2.2372547302258763,26112.782069041536,0.1842198495779312,-0.2588116846864277,30482.915228601178,0.1838450216682178,0.0011215245736377,126851.50819082746,0.1341768544551718,0.1802296466906172,5579.070107178703,236.3723598570269,16.712571519345982,5.180283051670341,Gradual Degradation Trend,Severe,356.8
2004-02-19 04:22:39,0.429678447916015,6.0228666429516124,11238.75325111255,0.1909521630263798,-0.1660765367194754,5771.360516652241,0.1873818371157124,0.0136278037812576,72770.86092216808,0.1424442762141458,0.760694354730397,2241.357266928148,302.01297096137904,52.05418225899285,1.4354011133628657,Gradual Degradation Trend,Severe,455.9
2004-02-19 04:32:39,0.4155698306312181,2.710834902830197,18728.129457341725,0.162812597018925,0.1567344927085536,6468.101953437831,0.1553994002047124,0.4652180564780432,18723.716902992182,0.1278339214551809,0.8134602805347289,644.3783696617221,289.9210748295114,21.133808164849235,3.3210253801445777,Gradual Degradation Trend,Severe,437.6
2004-02-19 04:42:39,0.3716810865876189,8.78736473241632,27637.48362567652,0.1365986865671665,0.3211945879190945,68513.54353971634,0.1207434837462771,0.5709870910254353,184929.93857178037,0.1174153166831179,0.7730207002527321,3010.5420896862515,252.30589797549098,77.8629068775741,5.564162052487462,Gradual Degradation Trend,Severe,380.9
2004-02-19 04:52:39,0.4476727901067397,3.161553346450286,13736.8435157055,0.1908569980408679,-0.0613456781918393,9287.760213070138,0.1652127601110629,-0.2140138926106392,133700.53199434333,0.1299100297140775,0.3580915002494853,1914.3781063711208,317.43515673191456,25.341612914737418,2.064353310958409,Gradual Degradation Trend,Severe,479.2
2004-02-19 05:02:39,0.6721374879698163,14.110009232265156,64352.56766037653,0.1910746474507738,0.4743032850899515,11608.333336017213,0.176178534380788,-0.1633991725430612,13719.446759180635,0.1246448160806587,0.7860189649897813,1458.5481103560007,509.8143075049762,127.55390383022673,14.808036509638974,Gradual Degradation Trend,Severe,769.6
2004-02-19 05:12:39,0.530956128967989,9.796460845214698,81335.63055669406,0.1710746106589442,0.6182460598491453,58718.58081030886,0.1604263480066962,0.1503524949537573,71170.01904613196,0.146894242921619,0.9702485897479214,6004.872836427258,388.81376618009455,87.28359839049064,19.08391672179085,Gradual Degradation Trend,Severe,586.9
2004-02-19 05:22:39,0.4459182473835416,1.624277812551865,57852.62813991107,0.1731963423344929,0.1283123837509894,114526.0339540304,0.1494775986234538,0.2827088715802075,76953.46559426132,0.1464202701398017,-0.0426122765894874,14108.8009847969,315.93141274768317,10.989958605962277,13.17152589047565,Outer Race Fault Onset,Severe,476.9
2004-02-19 05:32:39,0.386974831815952,0.4688574770029174,64195.08063291063,0.1767019242100415,0.0992677489111506,117503.06230876665,0.1394090273414777,0.1264808644305262,74215.25297343425,0.143398986182892,-0.1167690437777122,15422.249048758937,265.41351688918326,0.2032174710947908,14.768385495653853,Outer Race Fault Onset,Severe,400.6
2004-02-19 05:42:39,0.7250014697250727,12.577704574521317,112733.51332442198,0.218294475708846,2.452738748815692,169730.0497174129,0.1705767793296742,-0.0980371889252205,70444.074353504,0.1483511242110672,-0.0932865896544186,18860.992973148463,555.1217790734564,113.24865648923918,26.989062363046337,Outer Race Fault Onset,Severe,838.0
2004-02-19 05:52:39,0.4620116656527395,3.759971680444238,99820.2407785207,0.1708168852917686,0.911258398675006,147761.88721107258,0.1778778065484842,-0.3192059075503621,251761.11563695845,0.1166297991878308,0.2595908868908063,33527.39250059174,329.7243974314153,30.92831020623405,23.73784631973086,Outer Race Fault Onset,Severe,497.7
2004-02-19 06:02:39,0.4838353953514789,4.891755233183495,66884.33947410468,0.1936410931316458,0.3306274909856532,64822.73221647948,0.1874054481650763,-0.135662387530298,44889.33198829981,0.1305823384655851,0.6971666810946306,13444.0660719682,348.4285884517127,41.49438371947093,15.445468818881105,Outer Race Fault Onset,Severe,526.0
2004-02-19 06:12:39,0.0021030112339214,3.637512638586317,2.2210843944982503,0.004017825272691,-1.8710393454475824,6.5482492459528645,0.0039501718218167,-1.9354181434079027,1.557172622927088,0.0021536669310736,1.6527216082391964,6.199665002888063,-64.44376002310155,29.785060478404297,-1.393656627175546,Normal,Normal,-97.3
2004-02-19 06:22:39,0.0015327320633838,-1.60977403546715,4.775618426911837,0.0012386989141837,-1.0940985534953698,4.62890599246914,0.00119710343773,-1.0690123508911995,8.387476520783016,0.0021241036712575,1.1704938581594888,7.903802182839683,-64.93252205818341,-19.202412973465474,-1.3930134639495042,Normal,Normal,-98.0
