timestamp,bearing_1_rms,bearing_1_kurtosis,bearing_1_bpfo_energy,bearing_2_rms,bearing_2_kurtosis,bearing_2_bpfo_energy,bearing_3_rms,bearing_3_kurtosis,bearing_3_bpfo_energy,bearing_4_rms,bearing_4_kurtosis,bearing_4_bpfo_energy
2004-02-12 10:32:39,0.07417899856512623,0.6287626426442556,4083.8017903274936,0.09094388696428075,0.5068005370841773,2882.17974800437,0.10940413919878957,3.213074668222574,36695.45210744282,0.05410346803954669,0.06595905114862788,1322.1189056227618
2004-02-12 10:42:39,0.07538245681139528,0.6482910813108558,6039.736243767326,0.09341888819652586,0.25301376937623843,16983.433630310843,0.10981733168262023,1.3952499379815348,49643.139355790496,0.05610085870694182,0.10753933160081752,929.8019407257133
2004-02-12 10:52:39,0.07622977446919937,0.5134753088232071,2265.6351964673117,0.0937178978891739,0.3107892284776641,4936.045850282256,0.10986104971344769,2.639947862656676,20038.437135963606,0.0561452192491155,0.25723641276594833,861.1529331078964
2004-02-12 11:02:39,0.07872367646602975,1.157952723004808,2280.993232771784,0.09294709910708282,0.23534074042490039,5009.060836107592,0.11066653439923697,2.6827791177441718,14265.866103660923,0.05680743024340545,0.8061900787493554,1253.5628312598512
2004-02-12 11:12:39,0.07847429073677968,0.6031769286310373,2178.022355302711,0.09534796855424806,0.22630879489770805,9657.476965160504,0.1075055998723148,1.5783946520336087,31136.550586493435,0.05684094146786386,0.1389537967943335,1461.124543250225
2004-02-12 11:22:39,0.07831464139380724,0.4560936214628657,5446.24597615318,0.09240471945595839,0.18563759722622297,5496.546051511388,0.11051722747318346,1.8624281531683406,89684.313068575,0.05556592676089255,0.14940733837719344,2416.893368312428
2004-02-12 11:32:39,0.07863244325857172,0.4786149756059883,4902.318223019895,0.09391848531980072,0.25010839555129794,16604.392302560904,0.10738791213109138,1.8220329786922909,57330.889660171255,0.05627907668624504,0.10779375483252984,3422.682995233446
2004-02-12 11:42:39,0.07777288022464836,0.4719824550317826,4541.240983296611,0.09324051612714428,0.10375044921415588,5289.391555332965,0.10623263552958902,1.4448963659987744,83092.81441461066,0.05550468422307368,0.20979100466934808,1719.7717669545864
2004-02-12 11:52:39,0.07902942984262255,0.404514320897305,4669.806658749929,0.09585924383650357,0.4514264068174758,20223.955072338333,0.11058641872246056,2.3845540569234336,67434.59077066125,0.05585509861253156,0.15983731154509462,1897.5787022532015
2004-02-12 12:02:39,0.07571755989830316,0.32520331504832,7158.985080429186,0.09474187125009063,0.19603235889333703,18238.79040023673,0.10977074854590418,1.4615057334105144,164982.76313048933,0.0554596132439803,0.206106647540921,3228.7953439409284
2004-02-12 12:12:39,0.07924111648011797,0.4552119318712826,1634.4047408510114,0.09514610526793123,0.1700577747770562,5425.833322132255,0.10602371468766728,1.1014436437540747,15216.993737604778,0.05552349455199686,0.1744089633248347,1323.3114989264868
2004-02-12 12:22:39,0.077638908086269,0.6415150749455005,3518.6964561527925,0.09332906725625129,0.05914761962362114,15011.102987476066,0.10460412281437871,1.6360985486862392,22777.95629649348,0.054774163029177134,0.11005504146137568,3038.95869549174
2004-02-12 12:32:39,0.07740458087623109,0.3647260382142652,2175.2805039655286,0.09438051851622042,0.2904622065873399,14881.656102262368,0.10442234914975398,1.1545225133803472,11854.540811134282,0.05468983164672273,0.04491899115284825,1549.5192527165652
2004-02-12 12:42:39,0.07986468720103242,0.5982531546782233,2764.8204450182116,0.09484019788447104,0.10632066193073397,5107.338864496091,0.10489408069125017,1.5414655991864716,58431.967897345174,0.0562540167836651,0.10238368110662721,3067.755399786362
2004-02-12 12:52:39,0.07921698007145074,0.5511103583412886,4699.157367809373,0.09478245161824854,0.14024854233672412,13255.109164931662,0.10366273438415563,1.215237462759629,21917.937784157493,0.05563200491356684,0.07990004520874194,1444.0463594195342
2004-02-12 13:02:39,0.07866177721938719,0.5530516614826197,1816.3173213906443,0.09463108158296882,0.19598682545266177,3570.392098345583,0.10472389176238331,1.3682988461680416,46708.07140024805,0.056322874235157555,0.19387118398007352,453.76651059111043
2004-02-12 13:12:39,0.07845338360094803,0.47996609907349486,5014.288582907993,0.09569390236174273,0.16584819519362304,4332.087251445866,0.10870793053018833,2.0724590260877376,21562.784808268734,0.056179606561094525,0.21398033827271457,666.4847193373956
2004-02-12 13:22:39,0.07762277416041877,0.4477488811593342,3593.987997753306,0.09294257404608772,0.11760727403785243,11788.642093792847,0.10421540638377022,2.366988657907563,44826.26901582171,0.054829943062618625,0.20295430083462174,767.8868096613309
2004-02-12 13:32:39,0.07782555832949016,0.34144531637324205,7395.821757258387,0.09496679775469556,0.13740794134351386,33561.29463477566,0.10522980038312282,1.1526700310009694,140419.90872481136,0.055626265347265356,0.0922079817125856,2295.9451146389933
2004-02-12 13:42:39,0.07893316063389487,0.5964296522845243,1630.4970170282074,0.09547548411192398,0.24252431667987118,3645.337925122466,0.10676083037492612,2.455067043287836,14939.592970370553,0.054763918928490224,0.08156366142840543,903.3876802465613
2004-02-12 13:52:39,0.07902854786058722,0.5063801110635779,5677.408785330883,0.09566555793288081,0.1524805052472984,16652.278556591602,0.10561785917984882,1.9139070690457816,10529.676965081768,0.0553470134201589,0.15035076952771353,1167.2804503346501
2004-02-12 14:02:39,0.07936328499916934,0.38440684339994036,9688.849188936145,0.09608866576997063,0.15647949156404461,10391.59716076332,0.10640429169453469,1.2867130291679612,36533.64196088743,0.0552470092516328,0.1642612881271437,1546.89620091925
2004-02-12 14:12:39,0.07948672040475141,0.4149724425540562,1593.116901559106,0.09433478732476888,0.13348614812498472,3851.104548280959,0.10652850378720535,1.9633041034020016,13119.09770980956,0.054752911773313484,0.22840644374572117,846.7632822252722
2004-02-12 14:22:39,0.07975294340914243,0.5200740317916859,1237.2067138383356,0.09627197243113518,0.1871939286863471,6609.664158584111,0.10519049149972219,1.2544789369804352,31785.248312339998,0.05664761120708225,0.08158737502343749,2037.649948584841
2004-02-12 14:32:39,0.07938138784581765,0.4846810415588352,10786.453749472284,0.09674150883281694,0.37113042322809875,18722.049781828864,0.10800230439164829,1.3875381371192281,41006.834043171984,0.056104046321739355,0.13583281823784965,1418.6343144379096
2004-02-12 14:42:39,0.07759187944533484,0.3099755507638151,5487.061868177844,0.09475114455525722,0.2615943824726452,10254.835782435124,0.10659309792566601,1.0225364674782753,49267.30085126472,0.05549978093284468,0.12719390010867881,892.9439279207821
2004-02-12 14:52:39,0.07774099563514575,0.36804211992333746,845.1965486132585,0.09624643586136385,0.1566551621494887,5672.116699325217,0.10562862258026053,1.612231805636072,30180.999401551377,0.05521808370070556,0.09495604516366152,863.0643872893316
2004-02-12 15:02:39,0.07751394405806931,0.40420833824649316,7817.207858360308,0.09513670186114098,0.1738220022516348,24735.747937943925,0.10745514484796377,2.3155987865544674,108079.19781878694,0.05549451030352574,0.06474720769999287,2575.9362019377004
2004-02-12 15:12:39,0.07827954401833694,0.34199171275367135,8367.812361856166,0.0946834910454959,0.2331517446347866,9512.447775524557,0.10655456096709622,1.20232900829488,121938.4616186364,0.05516388093459003,0.12458150930044987,2155.486001296953
2004-02-12 15:22:39,0.07886118143611597,0.5350200636292444,2254.9188612553767,0.09587704859488337,0.2907499147594046,6689.373508223285,0.10490864841241046,2.017434683384363,25968.504517212637,0.05524736189261664,0.23456109917488455,821.8002039909785
2004-02-12 15:32:39,0.07858236746600665,0.4890447103350155,2838.320152273435,0.09492215432057668,0.16550688942182612,19304.90718397389,0.10487340000828083,0.9570967413089555,24116.884200536962,0.05443486646901965,0.07349511847943768,1427.5086535010364
2004-02-12 15:42:39,0.08023091764702917,0.4867117699711172,5867.066053855267,0.09489323050308963,0.16573611797526855,4409.397510115804,0.10490426159867149,1.1352691918982902,70416.96672225452,0.05680913167270074,0.143500272564844,2056.0306050290405
2004-02-12 15:52:39,0.07742107025313345,0.5086729705515918,1421.9762304536932,0.09549172595865309,0.20123385151208018,16536.243620111774,0.10425167981447889,1.434412997331692,15031.430074429416,0.055391673121254204,0.17591257833775753,2563.498520990955
2004-02-12 16:02:39,0.07901612461528817,0.40449241574751404,843.0019701666871,0.09626068173276278,0.22956064923478525,1552.2484744316382,0.10672920611294737,1.7143269486039925,35940.18910059408,0.055981837787887734,0.15277064751953295,949.0479314114359
2004-02-12 16:12:39,0.07823475415576188,0.40668092875128137,12328.577665598079,0.097852774505967,0.3069613520962955,26322.767817822143,0.10813122588650677,1.3174828224675945,76556.51306785637,0.0555853180965138,0.11426623085634979,1614.1252599731126
2004-02-12 16:22:39,0.07812870584960675,0.4218788787843972,1974.2278611737227,0.09525619930408401,0.11379389122156924,3938.516331905515,0.10287416843527825,1.426502408342559,38973.398032374265,0.055627612298210324,0.19588019455594186,1583.514542309109
2004-02-12 16:32:39,0.07686189103169887,0.40962780617356787,6437.234870898903,0.09595532942020796,0.17308568677687886,8151.497118396886,0.10628541643185932,1.3472119328296017,75685.33808051384,0.055640146726391504,0.033498695927733024,1200.0457705319955
2004-02-12 16:42:39,0.07986518700725069,0.5706517890996228,2886.1146932365464,0.09652050689855046,0.2158220815230112,7093.216410625905,0.10492086955028299,1.1663803941882165,42626.78710484642,0.05646707809160241,0.1600982637971593,1773.983093179028
2004-02-12 16:52:39,0.07742917473155306,0.35696928410462325,2444.749169245124,0.09548428550969461,0.2629708782870037,3752.0217239251087,0.10745294982354486,1.8640022241691012,24903.06274385324,0.05610140094061824,0.2587931953743987,848.4439057484306
2004-02-12 17:02:39,0.0784612560514543,0.6561008820895786,5554.973370378748,0.09679553772280453,0.2754390482884199,5651.232471758204,0.1068019414032348,2.579939922114935,68949.26053775947,0.05663766457780657,0.09751879968846033,1419.3061486876145
2004-02-12 17:12:39,0.0785959604559929,0.5058926832599493,4735.130926250461,0.09723323431558137,0.19929830782863212,3200.548004150533,0.10717779907814107,2.2355183820764024,32616.07363692217,0.0563313886017101,0.13207301349276568,1132.7583608868306
2004-02-12 17:22:39,0.07866142681365101,0.45311400755295494,6891.629251907486,0.09511981727627464,0.1483699249076551,7883.271627000123,0.10526330592480339,1.4017581318007961,57741.65588000347,0.05577357396414879,0.13869196247633608,1347.9470920272026
2004-02-12 17:32:39,0.07762854039078106,0.43076402223267607,1062.5207980346247,0.09504406769855496,0.13840970362755556,8256.86635857795,0.10299200728431855,1.1634253579081317,26335.793971100076,0.05507993835667393,0.16829482229395554,2036.8310900566403
2004-02-12 17:42:39,0.07820874324224403,0.488396336752809,4517.144185104563,0.09458627272644403,0.18352548549125025,7301.586137957804,0.10185255408401647,1.0846068355776328,29171.945997389394,0.055519513742917456,0.06303437345150309,885.1877675680225
2004-02-12 17:52:39,0.07808856431612202,0.5367816627512911,6570.924931609394,0.09683363683481196,0.4142096945384077,21232.626036224734,0.10702843632250555,3.123223334762214,31082.72042386409,0.05538090932069913,0.18879127338967772,1222.2059872183052
2004-02-12 18:02:39,0.07648226248359404,0.45767000589970763,8710.277435036505,0.09473453349195055,0.1890539413388863,27839.880947937134,0.10497783178374197,1.2872550382771744,81008.2020652597,0.055835726200278796,0.12323867016073997,2672.765095632207
2004-02-12 18:12:39,0.07891327536794347,0.3564760255027606,3809.872977930174,0.09578614613301667,0.13468447519073345,2639.090602866126,0.10704842790984252,1.7336051729812523,57871.75936552077,0.05600931972881277,0.18501727406018897,1218.8489567260676
2004-02-12 18:22:39,0.07732266473953077,0.49828610176171706,7142.182838116365,0.09449837005662783,0.2704278986319677,13666.27427664525,0.10658380583379272,1.0687203531583052,144248.74826536112,0.05572195158707092,0.12818868549583584,1930.0684379268369
2004-02-12 18:32:39,0.07824754763529333,0.32975824899322603,5039.816757569147,0.09602726841526252,0.18261054425658108,3658.6304329116265,0.10460732050820463,0.9536161721882292,93587.06470530467,0.05622907119333935,0.11255828767382203,1707.0940987656081
2004-02-12 18:42:39,0.0769698265505305,0.4243128403754697,2779.8477851902894,0.09471815381493337,0.33875130276056176,19594.92323737512,0.10272164250947192,1.159766503739327,30815.87431909576,0.05521778304543859,0.15048877346683343,1604.523209287924
2004-02-12 18:52:39,0.07847964256337435,0.5533985473990728,3243.8672422242826,0.09655180007465552,0.20666512335604592,5519.9915494324405,0.10489837995501884,1.2143407388564906,48013.43637142358,0.056001716805435975,0.10701659936887431,2116.7901258529578
2004-02-12 19:02:39,0.07853956351488958,0.5791138307510244,7234.290311365533,0.0961099844010106,0.27134021861314217,13587.049957725452,0.10347393028220622,1.4894622658892924,26341.862540995167,0.056238176274690174,0.1447980616240283,717.8630093816199
2004-02-12 19:12:39,0.07938090836770041,0.6276825132083981,1091.5260789858703,0.09549046551308801,0.1479687682553763,6473.627586579674,0.1042355835824102,1.5309454622456435,48258.34268293209,0.05526933697245698,0.12845707348672342,1162.4918544700793
2004-02-12 19:22:39,0.07691333012919477,0.3985078570542333,2095.1049230982553,0.09580923148575311,0.2914047717655537,9844.04237898337,0.10317487714282726,1.089851746767514,52107.383454695846,0.057307236757373196,0.19006593106381153,1344.7584550337288
2004-02-12 19:32:39,0.07662792325938943,0.42524278547334715,1777.4434533898964,0.09407310493581907,0.13222403089331092,4952.998337499223,0.10526469334046673,1.3981050792716703,48038.422808532,0.05508184207315397,0.05258921929672944,706.0899776936006
2004-02-12 19:42:39,0.07833920727505721,0.613387552300388,3054.153891086598,0.09632820331505332,0.37006095459938315,11596.556245482925,0.10513800152767969,1.0193944038430143,55464.48749842991,0.05642163657869869,0.1410640808870447,1880.6681093200941
2004-02-12 19:52:39,0.07738031364276786,0.4843217611881623,2138.3990281241245,0.09575426592773492,0.18317002044542052,16245.637573489985,0.10447311397181933,2.203556437332323,18263.79439621713,0.055213429992733654,0.12928426419372574,1470.9499675596676
2004-02-12 20:02:39,0.07742347280137335,0.44941512079219237,5466.078722851383,0.09501210500592149,0.34651446607314007,10830.370646585885,0.10305813220353478,1.3988224926041566,25688.707872084866,0.05433049858202918,0.12077656875656206,631.6395624870518
2004-02-12 20:12:39,0.07599751100981861,0.2985831400319756,10987.059216569842,0.09407815562198471,0.1664830486569655,30357.981585594807,0.10219023983330061,1.2782639250474128,102023.57748351373,0.05411561290927855,0.125812815631964,1699.5634877080229
2004-02-12 20:22:39,0.07812885896719358,0.3479309532451049,13833.271551353948,0.0971620045437162,0.19158765046308757,54135.450608731124,0.10547439244166093,1.1733696112988712,107904.1911306427,0.054244776714272226,0.12973920027649033,2854.8095125747186
2004-02-12 20:32:39,0.0786632849704597,0.41299062915361917,1841.6658937019338,0.09569291756789658,0.23662338717276166,11225.787482454329,0.10591002870213709,2.7951063995798986,20739.8331872563,0.05593206371977638,0.2198315059854652,700.5927811625877
2004-02-12 20:42:39,0.07712632634090483,0.3950734414213919,1850.7695759086487,0.09561720582002031,0.20521114305414434,11185.790692683078,0.10459687962153794,1.065480887483738,17257.223997315312,0.054547167716201134,0.06659517349624977,1925.6782757777207
2004-02-12 20:52:39,0.07930147000233508,0.47239362493033044,7631.246415731611,0.09522501953637566,0.18106024533094756,6173.248362329783,0.10423843189339405,0.7934352136022493,78992.63730114358,0.05677704218723664,0.13326432956199286,1299.5615030910171
2004-02-12 21:02:39,0.0769426198413264,0.3944622448109758,1927.380543797679,0.09602583651964128,0.10599728987559986,15155.527119112432,0.10216575982426182,1.2396369321629832,34623.03878132448,0.055602065584523255,0.016962420878489315,1938.3638044825907
2004-02-12 21:12:39,0.0771994016001541,0.37800827777844237,4652.94782935626,0.09451992752440487,0.17748939152443644,10665.122754668611,0.10593771847322606,3.3797471613060486,25675.6348301045,0.0551513396362398,0.07441609631577961,708.6248151036962
2004-02-12 21:22:39,0.07699636792620886,0.43648657223523335,5859.914843929168,0.09572027040295919,0.19901698857373784,7064.6714539691975,0.10207879563150285,1.0030363022559836,34958.800722516695,0.05570113776258861,0.055869597770713764,2082.9390631785955
2004-02-12 21:32:39,0.0774460721521555,0.4911372191123604,5076.637574582831,0.09550188101468866,0.1388645532315853,16981.176660882626,0.10481296725820116,1.2221989216192428,136243.67713179433,0.055324842814253664,0.262734499268757,2377.6645104834774
2004-02-12 21:42:39,0.07664165646604577,0.34600497216470494,1898.0137117830334,0.09583315732547243,0.20601814733940538,2574.264991211558,0.10463893183078418,1.6468220602844514,25848.26132052595,0.05503973396059546,0.2958428942463356,909.6362406134442
2004-02-12 21:52:39,0.07695564843578329,0.4469901117158317,3589.268431657644,0.09564606079349271,0.13029772122964545,16365.700042555545,0.10402389181509879,1.3927113991049564,30347.42744166551,0.05443408158756102,0.13263561898312126,585.640389283575
2004-02-12 22:02:39,0.0773247059887718,0.4880416166718633,7172.512033776174,0.09598725018076945,0.1715128251316944,25768.213508441266,0.10383587772033867,1.5791986504746793,84312.41407241795,0.05588791360141073,0.13780218852221227,1758.020482826823
2004-02-12 22:12:39,0.07577292447823547,0.5881648615563311,3731.2295533814768,0.09416002860199292,0.2184852588694861,7377.792084900966,0.10348127354555207,1.785811206843225,49826.161893968536,0.05540936609962706,0.13806824087626213,1041.478514672585
2004-02-12 22:22:39,0.07668913124793174,0.3623983965568214,2931.263197802195,0.09648240964597511,0.10631373773465258,10666.535707959221,0.10606608369939999,1.6363261543602654,101065.90043810425,0.05579782973140062,0.17454321743901247,1827.155724859009
2004-02-12 22:32:39,0.07740031675131004,0.5401611783934817,5241.514863453037,0.0959002057499911,0.39208311524378114,16799.278047524684,0.10387668470354645,1.2466096817065138,61514.15591183129,0.0568191935172713,0.24514740415535696,3290.116082191098
2004-02-12 22:42:39,0.07795509180220767,0.3260740035745182,10917.074915971654,0.09790498622708141,0.19967244170206389,45345.38997126422,0.10422949719699075,1.3719869623829872,129224.67808434856,0.05570496578304869,0.056940267729522986,4451.567746513455
2004-02-12 22:52:39,0.07882041185009597,0.3948251135159331,1337.4137218416301,0.0969382235728153,0.21733489241293658,5939.342164970152,0.10619415559078864,1.573925098875823,12251.937993146968,0.056413775034754365,0.18465732027141257,782.0546422796264
2004-02-12 23:02:39,0.07756062271096398,0.34016117779744404,2416.782068518899,0.09489379780221743,0.1299100237634785,1868.0016398662062,0.10220089146772093,1.3360804625620712,3580.02189481646,0.05621529528365145,0.053003907406576456,1100.412510452738
2004-02-12 23:12:39,0.07689052656973988,0.44613462626943257,8112.558738457265,0.09670710046966562,0.313454532863942,28070.9818875772,0.10418745828958373,1.0814898393083068,56891.451882355985,0.0556455474690024,0.15652472681597418,1774.3753660417246
2004-02-12 23:22:39,0.07824627430976747,0.4445772787585356,2086.5859107523233,0.09559822260908216,0.17475071680743737,2460.9999048819564,0.10377113842452473,1.442726635952626,24353.364584087707,0.05519700778093637,0.14090180994101287,2515.3485870558093
2004-02-12 23:32:39,0.07672532972039368,0.6543006059840124,1976.8176082235852,0.09450450577262508,0.15312245268382663,7317.600426869918,0.09953857263094669,1.3640326168518468,16112.123836397874,0.05522377771395216,0.13452407973869063,1134.8680943049042
2004-02-12 23:42:39,0.07738254866499697,0.38635508272233343,16594.00496178212,0.09595587975405677,0.10635006705002015,44928.45372459895,0.1057414015139795,1.0985282762006534,181828.52574560314,0.056204660546857674,0.3371074036062893,2803.03473538904
2004-02-12 23:52:39,0.07699061808712475,0.44905515943385454,3340.7132339006066,0.09424114420845468,0.1788891702940223,4523.350736290654,0.1056128263602337,2.539898718834978,8153.061314179602,0.054556792459927714,0.15686316989247695,805.0179203320761
2004-02-13 00:02:39,0.07482262488921716,0.30274620550562537,2891.162181665061,0.09448214633761504,0.17512322324290386,3270.075234789011,0.10245075608249556,1.2115547723936508,72762.17284589943,0.05575478451302408,0.012821334609440349,1089.4822614046625
2004-02-13 00:12:39,0.07733855853789073,0.58162761268939,3983.4889652243755,0.0954862189929946,0.21339193070313378,10080.846008591732,0.1034476500873449,1.3405734951640973,47278.910488506386,0.0555373119405155,0.1399153181106918,1016.3022579801245
2004-02-13 00:22:39,0.07679397533945942,0.31943993758112743,3624.7262687600146,0.09368308262809848,0.173230548639129,8771.820950730767,0.10128302702081925,2.178081611190562,28739.29880663336,0.05609135440567022,0.14800710647900983,861.0227937534806
2004-02-13 00:32:39,0.077721765308917,0.43935923864966187,3651.0793670887388,0.09635350841554434,0.2913523343271853,21129.93126232095,0.10105856734192864,1.4510029479173916,18890.819187873873,0.054886532903259844,0.08080238699428133,1477.9409403378045
2004-02-13 00:42:39,0.0773589786144157,0.5730646490077822,2174.962989256096,0.09491967847252815,0.25124090167543534,4514.242503715012,0.10194069320757351,1.1694722105313708,9403.488634372396,0.05616129290100523,0.22584998258837263,972.1150332121335
2004-02-13 00:52:39,0.07689176995692956,0.26313045713724614,3893.815043411202,0.0939470938630488,0.2962981014032273,5780.620742960541,0.10363333401913631,2.5184058199803943,10444.361417010312,0.054951646891551395,0.1601230199915924,893.85396063471
2004-02-13 01:02:39,0.07492218065631082,0.44095646881747097,5871.829207016414,0.093893104061131,0.17949858653617934,15683.203922293576,0.10175417873790246,1.3816161665210807,30182.970972750794,0.0558327060463052,0.08637981761330504,1419.1305163663776
2004-02-13 01:12:39,0.07763068115281484,0.6069125322892983,4668.924557165399,0.09586104343495067,0.2352122767714362,7996.404806383558,0.10566284455166822,1.8648148562940623,31312.457998402024,0.05661472683782794,0.1547480612014649,1514.3963008593462
2004-02-13 01:22:39,0.07778453061583003,0.42031091089811445,8167.337504847282,0.09530793073063883,0.14501104288491096,14038.152451716,0.10530207408517947,1.0177974456419454,156056.57574258128,0.05539745241773308,0.175120593671362,3339.3600736881967
2004-02-13 01:32:39,0.07858931119423541,0.3801399430969199,6755.192534939326,0.09548303902886365,0.24130925449302731,28380.645482413776,0.10338539402287746,1.2099423024855378,51114.9776701364,0.05485031433293591,0.089612686912099,1436.4435597497811
2004-02-13 01:42:39,0.07599053317889341,0.3464396355508277,16364.339150332216,0.09467675011172885,0.23831540216892,53535.176325244865,0.10455251371918324,2.2098177515766766,141240.9186468807,0.055611718042097476,0.12164112550181239,2480.098821050965
2004-02-13 01:52:39,0.07671097179256287,0.358155992917113,9205.501299350655,0.09500798100727183,0.210906030654741,11442.784534363698,0.10487199926800647,1.1248418565844922,150547.58045112513,0.055003622483688515,0.21329323372892883,3073.6483438311843
2004-02-13 02:02:39,0.07504429291050387,0.3535492935283626,954.4497118008933,0.09449653210609438,0.18549291192103823,3221.8131814326384,0.10290877805883471,2.0359582219139076,10419.863074315386,0.05551554144378739,0.13645470635752277,2547.7611235633967
2004-02-13 02:12:39,0.07824627774193958,0.5428820813815229,4100.068416720808,0.09567113776663524,0.28848513791388886,9690.626196064744,0.1056577977001402,1.9717838763178541,109312.04233509075,0.05531625163830699,0.1285679249238929,1478.0532082076309
2004-02-13 02:22:39,0.07745035456261644,0.5008486498061995,6198.939191312457,0.09563400335474956,0.1786711662631233,12368.364660814383,0.10208588363098373,0.9506236922757072,33568.188292079336,0.055382267088053556,0.15016475958702724,1101.6419363597158
2004-02-13 02:32:39,0.07831602988602893,0.5366345309682168,3207.405581022141,0.09562300140885298,0.20572392292925779,4341.696382484007,0.10310756836574547,1.0837880960576642,49058.826209660154,0.05605890674451852,0.09736469118853996,1120.8591186838662
2004-02-13 02:42:39,0.07656014919860397,0.3892193620919868,981.5858496316688,0.0962074667588553,0.2178828622115665,5411.657702521116,0.10198969291520345,1.0717727888102022,10367.958272992131,0.05601958667998966,0.27267496335437746,1177.6505768588727
2004-02-13 02:52:39,0.0776802038005823,0.45086148262336545,2543.8810304451326,0.0949029124577784,0.1662380512119377,6167.589802985676,0.10168318334607068,1.7701490091350562,8059.931293431345,0.05639963084431493,0.18481702861007143,852.8712877666685
2004-02-13 03:02:39,0.07571563009461785,0.39253390254036225,776.6195145777751,0.09529101320305931,0.12525996455390453,3740.3542228890105,0.1033623894118256,2.412364177060872,11817.422445755667,0.055872414125006716,0.14665857199529597,1875.4690661710176
2004-02-13 03:12:39,0.07794620572117751,0.5248632368505843,4268.465376430812,0.09486180043431933,0.13209353288788783,13012.98164264116,0.10258438813705098,1.2515653595283167,48743.36386385993,0.055365692996091904,0.16821766511146707,923.2399538392353
2004-02-13 03:22:39,0.07659392690463046,0.4165630099460307,8591.120393177362,0.09515260563628829,0.17228583009531473,38434.163511132574,0.10230512391325397,1.2532962430208165,104954.2748191228,0.05578201198709244,0.06420200309847912,3989.468171221295
2004-02-13 03:32:39,0.07639991985536536,0.4453741256774362,1965.476131198493,0.09551578551843211,0.13525956917469006,6121.6843337658975,0.10417701680350673,2.2451290291899433,52180.28911569283,0.05527658791816839,0.058774744061126594,1198.904006805267
2004-02-13 03:42:39,0.07663180186215528,0.4007797505176063,6816.003189966608,0.0961069881633387,0.09720599361831805,23009.90311022128,0.10123237139165576,1.2542307546283444,59008.1814673869,0.0555554353460071,0.09090578441363695,2132.2378520427196
2004-02-13 03:52:39,0.07728281753869194,0.5316575196159739,5423.282591768268,0.09580634076949514,0.21094814248876714,34758.83285153733,0.10167501123755163,1.2569894540156232,52713.867996622335,0.05586623384464336,0.14440205366175896,3189.6412944866174
2004-02-13 04:02:39,0.0776406155665118,0.4422063380916783,3149.798742791421,0.09660048656143638,0.196420930281473,22879.316110736483,0.10271358511125123,1.193934293652962,28655.701909540083,0.05617388774210398,0.08465540544106132,930.3783323401246
2004-02-13 04:12:39,0.0768205504579097,0.43609996973448073,1582.10498145192,0.0946447224430825,0.2001694892577559,8899.504893134348,0.10258394761654355,1.7836905803160752,17889.972857422516,0.05530566562650363,0.1507341968890934,1848.462582470398
2004-02-13 04:22:39,0.07606189688801565,0.4773209140232173,3576.0357238086544,0.09551085661048564,0.2711515130004951,12950.107578700636,0.1047031089109822,1.870874263480986,54780.36256056471,0.054973109992664825,0.13623808339995902,3538.196200758121
2004-02-13 04:32:39,0.07604057915175538,0.44794546568858795,6675.541018411223,0.09500819480485947,0.2539670358570585,22911.913862995996,0.10239258758419723,1.8875397548532407,45782.95371295519,0.055161076718693816,0.08126774860451613,1437.013683139905
2004-02-13 04:42:39,0.07735977517064747,0.418356203515617,3829.081760781543,0.09458604403696404,0.09188831343807946,13630.619522085512,0.10367835958431128,1.8538444590521843,66807.03905045586,0.05687269998783467,0.2509696888736035,3949.5112283466133
2004-02-13 04:52:39,0.07650372776099296,0.47653814406220185,7416.473836224523,0.0955275974522546,0.19030745470650778,27622.000160644155,0.10322528480865589,2.0678084004142665,58857.15051598607,0.055590563427505395,0.14326809960030973,2144.687222376203
2004-02-13 05:02:39,0.07627544849405181,0.387836383529768,1914.1481440020998,0.0933164093077619,0.11723569095026765,5481.685618111417,0.10318267350349149,2.095860168540722,82086.53543683462,0.05477442377606541,0.05122501555967096,1371.3726356058414
2004-02-13 05:12:39,0.07797731008871667,0.4254419235589375,13493.114595481222,0.09652016492074662,0.227873400252685,26028.95848620298,0.10516777077491765,0.9521126377119589,179757.22995674593,0.056624871947288984,0.08426576660459828,2780.53471716858
2004-02-13 05:22:39,0.0760653325402126,0.4506324194814031,3219.914161208543,0.09496543496394162,0.18394272384002397,12011.718580291366,0.10219368291692496,0.971371164444832,110428.92091590294,0.055369776136218934,0.04664314149790805,1844.9463421492756
2004-02-13 05:32:39,0.07680503453601284,0.4783552562370219,2344.5192431994396,0.09611660500565186,0.23253555421140026,20059.769617884984,0.10160464438088264,1.825469462174052,33995.87723563081,0.054746832992021106,0.1345572311237233,842.594325830334
2004-02-13 05:42:39,0.07551238321978224,0.39842733314306056,1416.4797400270113,0.0940717637153446,0.14905640297438927,5387.854521652693,0.10373754066754234,2.0297368243466547,44861.73141926012,0.05564652366233784,0.14064523072320956,2395.297383042942
2004-02-13 05:52:39,0.07894839654107137,0.5276336298870357,5073.445886067733,0.09537669789814032,0.19421909885881572,12103.00483408969,0.10380714187895804,0.9618252209843003,49845.20212594586,0.056143529009222204,0.20068411952223553,1994.5385075179693
2004-02-13 06:02:39,0.07721538210988145,0.48623241964420094,4962.646066421565,0.09530873020208787,0.21069403170332013,7760.406327013528,0.10448579215242018,1.1842499453626463,76431.93879009012,0.05524544752878965,0.20071876863724114,1610.8163868168551
2004-02-13 06:12:39,0.07775822278664488,0.5105274416299461,9786.664127468324,0.09702652866935414,0.16619341203012183,22277.665170402528,0.10288462729292032,1.1146395687269806,64272.35066911617,0.0565066277051584,0.2201331467589709,1085.8582153425775
2004-02-13 06:22:39,0.07727334295376381,0.6148985783371206,4919.017575277496,0.09528412051882977,0.22196791006679595,3036.325586617928,0.10402577688178721,1.2394721520612686,80119.50713779115,0.05557835957217859,0.1784933925693717,2171.5364239222895
2004-02-13 06:32:39,0.07669008183816046,0.4040831221348422,4859.0918849310865,0.09601223015764059,0.3072513671492447,26141.77862245774,0.10138993272032115,1.7440357477361754,30504.650856828324,0.05568775077104031,0.08637824734027477,1591.5430593873193
2004-02-13 06:42:39,0.07812782526141454,0.5378888733945129,15884.56205551683,0.0959725775653194,0.1877626150383489,40775.53431486365,0.104486888942764,1.3143933914547903,119546.79085886922,0.054599951350710926,0.19082363562011428,1503.1964717725803
2004-02-13 06:52:39,0.07781836762515486,0.40024557667388017,609.4694508855217,0.09466636495766,0.2312296311648674,3280.1037203936075,0.105521366273539,1.9353715754189027,21123.578932506698,0.05572083475488545,0.12897822634075595,1704.3602660384508
2004-02-13 07:02:39,0.07918462868462461,0.45079434863515155,3402.1091894819187,0.09617966687565777,0.2414269075610198,12996.161784263146,0.1023195240888347,1.2156847443136645,19017.966201426927,0.055697047354275206,0.14379564867009798,1315.7180205863326
2004-02-13 07:12:39,0.07639264641168841,0.3466352920025497,4636.874908579276,0.09382379959846941,0.17271513005202932,12899.641148232746,0.10248658806117938,1.4752786856683269,106448.929425453,0.054557098547788674,0.12409226762400438,2146.2581247404855
2004-02-13 07:22:39,0.07713871940374692,0.44450532856110847,8085.994088588287,0.09697441421178449,0.29145661976965087,44452.00387374488,0.10336590894880429,1.9874480323671078,67609.95151304152,0.05498807976294158,0.09870970522130129,3473.842141164319
2004-02-13 07:32:39,0.07619743481420897,0.33801379859629943,8777.599291672359,0.09470764353599251,0.16540893140054402,19380.008756537478,0.10166782591445474,1.6666944162095092,60737.15686295391,0.05401776237816362,0.0524983734010247,1709.5803237298326
2004-02-13 07:42:39,0.07634856558440947,0.47145812634496664,9348.970914620584,0.0946982734176355,0.1989234580689816,18759.478630308906,0.1022864579620483,1.1898615178571497,114697.23163654389,0.05547390116926607,0.2183745465294229,3104.707718621584
2004-02-13 07:52:39,0.076352099612482,0.3800510420069867,1341.8650950338688,0.09508725639182676,0.25454028972381604,3675.58882618017,0.10461731602607668,3.701245894479851,9303.643990133878,0.05575763330589813,0.12343909709190903,1823.7624732148386
2004-02-13 08:02:39,0.07497011253451272,0.3385783303104972,1305.21417438686,0.0942338454428828,0.22535870248056522,4188.503033252672,0.10142742243340493,1.9582957176332005,5605.98168365829,0.055087321483997115,0.1201427689564043,368.22542688728817
2004-02-13 08:12:39,0.07599478131496513,0.24450732740910164,19736.49211008667,0.09625249185086067,0.28529601157945317,52120.44191753927,0.10460119973656194,1.176837349738709,166571.54501560554,0.05510691800590353,0.06803798461231203,2754.888920890059
2004-02-13 08:22:39,0.07637512818370995,0.6446447698043443,11673.581567263012,0.09520744774159609,0.17466713571420245,18748.792245008695,0.10565800912651215,1.8029677459203706,187690.5072057938,0.055337148462854494,0.07765508933016463,2184.7878151927375
2004-02-13 08:32:39,0.0761586642390206,0.34681160295797664,2952.4039352276563,0.09425926264166297,0.15063873084925294,2801.5982260944024,0.10217507402470098,1.5032980293471923,37487.121826670205,0.054875149042365935,0.1389096459014194,1756.5147751964796
2004-02-13 08:42:39,0.07675040716504376,0.4102122577509011,15816.103364903864,0.09500282505051165,0.08355918914735794,43436.89930781619,0.10593586397151168,1.2690827344473945,142182.1580049032,0.05482591902088259,0.14326785145032161,1643.4405419265322
2004-02-13 08:52:39,0.07775600390052285,0.5009742049448347,7133.046202106331,0.09593354913485362,0.20722599760155935,28108.677137173396,0.10356373316065752,1.2484801003146684,104801.22649315653,0.05550670708346875,0.09597403778065283,1664.1151908077645
2004-02-13 09:02:39,0.07829207447616425,0.5043214057082972,7575.013308278647,0.09507793729439155,0.25194561368002333,12498.529510696037,0.1046448014602553,1.5723267802826175,90475.00108048266,0.05489470923105887,0.07770342392577811,1222.374971826558
2004-02-13 09:12:39,0.0777104419815558,0.36575096348616176,12935.392801152058,0.09657091412572485,0.14933644013016378,26782.668739995715,0.10468037032624897,2.035788342790876,96246.84619979883,0.05597732564465835,0.16007501858251771,2491.0324526585086
2004-02-13 09:22:39,0.0764751437227932,0.414344141995989,4747.246237421952,0.09609366412597789,0.1752988416575394,9773.64971922511,0.10254623457060418,1.1975909535207503,80883.76139705133,0.05553490465253024,0.18766031512630166,2287.528819606596
2004-02-13 09:32:39,0.07780436422076126,0.6014461458186253,4961.54035753167,0.09666202319688753,0.25860370850174963,17465.217631424148,0.10351844713134163,1.269373626608063,98708.83269220425,0.056205965402926765,0.08708934664988277,2901.5934648288285
2004-02-13 09:42:39,0.07521345503538164,0.30698502024014074,3109.587469943552,0.09516606527785391,0.2301618683088411,11986.671613220797,0.10022655634938403,1.7157602948617265,39423.9178009893,0.053680004387981844,0.04564737924990414,994.0572985389553
2004-02-13 09:52:39,0.0767870829209941,0.41097110395467995,4392.339773737296,0.09511548798533023,0.11439256368885609,11617.610491148462,0.10037624483583628,1.1286349662703108,41217.93965154122,0.05532723276603372,0.2142686082559102,928.3108383914176
2004-02-13 10:02:39,0.0774211301679611,0.5054325389849681,3873.088151664873,0.09544300798611441,0.20946779685813954,17547.75197948878,0.10390878897273921,1.6041066340936236,42818.57620703569,0.05526149926287967,0.08431012069405952,1687.8923059548347
2004-02-13 10:12:39,0.07658231248752874,0.6014717502352931,7766.5880518293,0.095,0.1164550566859921,25074.968394767016,0.10404080549949801,1.9699047242008705,68789.3303727297,0.055765287894750215,0.2664685927397037,3107.611189882392
2004-02-13 10:22:39,0.07677764732593889,0.28597461341432506,9428.104890694663,0.09611532633784921,0.1077085362131096,15613.345262805287,0.1044486091955782,1.2527696486758764,154337.2684363176,0.05497367400842311,0.061240736738588986,2561.1963869964648
2004-02-13 10:32:39,0.07591135480982078,0.37370992394610836,10816.53228568554,0.09461161847051014,0.18606331937434373,34952.6983440984,0.10321463386812575,0.896473570951168,148358.19816236076,0.05557025220104278,0.28185395174268857,2987.985288062486
2004-02-13 10:42:39,0.07588479877779788,0.5015377766649429,10287.033797597811,0.09652748783741927,0.2499025681592677,38103.425773957264,0.10802627537722015,3.1173384672849656,161451.69282853982,0.05481599012548711,0.12988516907112269,4339.361605082487
2004-02-13 10:52:39,0.0760569816198684,0.31566591755670315,4030.547648256412,0.09558710850580218,0.2490389543651701,6232.394041833967,0.10296203601024506,1.2270335840738875,63326.59402820688,0.05516893489050813,0.15554622068766344,529.9303638820808
2004-02-13 11:02:39,0.07562556107746408,0.41613074153885377,7009.759779713999,0.09549851699396632,0.15342755623973803,19343.080553068605,0.10203466495050836,1.4336103958056094,25429.774611374698,0.056758812039547,0.18341137504332483,752.0754766950387
2004-02-13 11:12:39,0.07621096753266964,0.44214869250180344,7755.042856467724,0.0941355405784659,0.18039367387120153,43099.92729605636,0.10170933688204035,2.2838638589885454,60079.21655056326,0.05505207362622116,0.13865592446874864,1726.4234310178385
2004-02-13 11:22:39,0.07680135350624119,0.38489171953619294,7971.669646819955,0.09579958812011864,0.23005966218251972,15816.108184898307,0.10260619260901725,1.10829455334913,98971.10933366655,0.05491766697961937,0.1765448652822048,2174.5043130890717
2004-02-13 11:32:39,0.07515800641138891,0.4884129775588759,9364.799380300527,0.09452217983345894,0.18824233624765574,20829.571490115617,0.10095040455435283,1.1096716638608788,37536.57104661562,0.05509826626412577,0.06540273032486077,804.8330786195584
2004-02-13 11:42:39,0.07893970887150997,0.530290575512856,2379.9278822925407,0.09493181403726703,0.1540004089294169,4924.8087835013475,0.10437411068109155,2.41325322744855,31140.77309893158,0.055997613910521896,0.12252517278841646,2134.783003927005
2004-02-13 11:52:39,0.07692398274331452,0.47765998914584573,11417.865128457246,0.09592588437418104,0.22182676635641219,40816.030090704924,0.10291636423496388,1.292513908977008,126711.85657874418,0.05503287902188563,0.08519251233900604,3993.4335577078996
2004-02-13 12:02:39,0.07649164163641918,0.4558731292846363,4119.499710768077,0.09518267746729837,0.18483723949966802,13639.267154380896,0.10465837561293172,1.6668174487363396,29502.852449399215,0.056423895266378504,0.19421117512745933,1046.5741308141141
2004-02-13 12:12:39,0.07650745183017714,0.2582723095291377,6534.964306777548,0.09510318871576415,0.28496338217684647,28900.453910724278,0.10170665466681925,1.107342884336811,109296.42392726404,0.05510187298313915,0.09556703630701247,1959.74765185789
2004-02-13 12:22:39,0.07739848852135696,0.37563304390008767,3717.058861686127,0.09452516044435604,0.19055858675540138,10902.566683313074,0.10077308881684385,2.0540092979313025,17594.8309837822,0.05473563595821282,0.16891440178233275,1712.1161085582116
2004-02-13 12:32:39,0.0784800631530072,0.6057349862672048,13900.811835549046,0.09692432590001271,0.27890338829157457,30014.98949069904,0.1053800759175596,1.2171908282506276,116477.07256694265,0.05615538570564715,0.18932039927431132,1941.7864958492364
2004-02-13 12:42:39,0.07904600278724172,0.5919121753524377,1131.623804883143,0.09576566120084158,0.17013035289080092,12477.870171950248,0.10061651531581123,1.8851355612660958,8609.36468918784,0.055343660008396627,0.09617412962908256,1454.4742704954213
2004-02-13 12:52:39,0.076684854401187,0.3698641949707917,16245.903947690913,0.09408924687206889,0.1980789611051268,30858.893186357735,0.1026953497646376,1.5912474558092802,99102.39526390482,0.05469313542392683,0.17913042519942168,974.0497187712319
2004-02-13 13:02:39,0.07731124506358211,0.37357319475457196,3106.961691948338,0.0948111331888956,0.16528611940152915,10556.105349500593,0.10340249643761629,2.4350056006766074,29757.326444100043,0.05505879137624163,0.10161253035026085,1247.533896191103
2004-02-13 13:12:39,0.07651273988842887,0.34310003047300874,6724.309297509915,0.09443133692042131,0.08017136043536599,21252.34320534472,0.10122243500161537,1.5693716570721046,52454.46911360768,0.05585318060059897,0.11315632285395472,1645.575938289654
2004-02-13 13:22:39,0.07853164575357902,0.42456212283226824,12819.908253758174,0.09606610145940854,0.07255155898800192,37080.85033036747,0.10232275977498237,1.48589626543259,112125.42197205064,0.05557275592565007,0.13052585792462068,2437.6629581392203
2004-02-13 13:32:39,0.07695335881944174,0.5118109145356007,2033.0474515699211,0.09450489921989495,0.15791894750158608,4350.4372660049485,0.10002340399954528,1.8110837517912595,18621.65902213659,0.05550622633641541,0.017443949666672953,1265.2565741106991
2004-02-13 13:42:39,0.0773624014758421,0.528245856584737,16761.686599139764,0.09587885651671658,0.08917846937426965,48748.236149338576,0.10394486805851998,1.1364603564619857,145344.68528796482,0.05514142284772742,0.07284099997389326,4829.847825858901
2004-02-13 13:52:39,0.07617467014102358,0.32545433705002935,4191.964368447614,0.09489189186952764,0.24224505082432835,13967.074829045769,0.09933450236133969,1.432323391410307,36449.21520514952,0.05465509218327694,0.07843177001361346,1219.0445601059337
2004-02-13 14:02:39,0.07762221305131911,0.4408628476384644,7927.431802760079,0.0950941974911423,0.13299515098509573,28837.641717154307,0.10153087608618437,1.0648674244824656,91498.74528147113,0.05391578946390032,0.02737476590354504,1241.8189246357417
2004-02-13 14:12:39,0.0772534147328817,0.4886392346942525,10074.932503673266,0.09588958366715009,0.3065695013067562,37948.53087118234,0.10304465454393122,1.155827743243452,102509.85604379204,0.055188665226939944,0.12182409154992202,3146.7703034600654
2004-02-13 14:22:39,0.07768636614216809,0.5379390953077108,11154.360174794772,0.09575830832508087,0.17566585741631968,33567.603991938326,0.10352678312503846,1.7070486727823626,82481.73414944939,0.055211670545756215,0.11805395150019837,1302.6915606274397
2004-02-13 14:32:39,0.07781753999741961,0.43705859107358735,9464.780163853879,0.09560314292689336,0.20826174795574603,36240.533977825624,0.10103234828702451,0.6714352853298808,75011.48460790559,0.05573599661223773,0.10815680304983166,2696.702302764629
2004-02-13 14:42:39,0.07728229123843638,0.2541945515228283,1637.3702403814466,0.09652805792512804,0.1673854256509384,6036.365081640669,0.10227267092801477,1.479184542952546,65853.91866284491,0.05665837566682551,0.13735610190705483,757.3962195646246
2004-02-13 14:52:39,0.0763878511845552,0.3353471347991004,4317.801673910575,0.09395474829173084,0.12342146695519496,10776.99548229099,0.09972247133451166,1.130806831083385,42705.09279326974,0.054317596765315154,0.10492995169542008,953.0117830149163
2004-02-13 15:02:39,0.07818466596582414,0.38044274489673047,4183.186651288445,0.09490419717075214,0.10073936750812251,9128.095610293482,0.10169341226282187,1.2361330491115572,33342.153995957706,0.0548973215919388,0.04699948432381795,700.0713838591508
2004-02-13 15:12:39,0.07616144415760429,0.3194051922040413,5489.84467747609,0.09486057743019818,0.18030469484223932,35399.04915200484,0.0998519489982544,1.2025473017522863,46409.03578610955,0.05485615422402485,0.20553455330928605,1763.5348718371308
2004-02-13 15:22:39,0.07534258573084265,0.2916771063217678,4663.891314821106,0.0946775402146346,0.14967416448171722,15085.76984155547,0.09976628621550655,1.021461269306645,62644.54825687427,0.05431627576058579,0.1349939368179629,1321.328336916334
2004-02-13 15:32:39,0.07689426810105468,0.40955980925092783,1348.5295815363124,0.09479974782403168,0.20833179219085363,6310.043077830153,0.09951103258166277,1.2141667937177383,17202.882914363425,0.05551248583863251,0.12469469366731722,1339.0290852509208
2004-02-13 15:42:39,0.07548419678875672,0.3288086624212525,2025.8443415168815,0.09548500705485456,0.22309448770629148,13589.080227901679,0.10092784009504017,1.0564855286428898,19999.02615513362,0.055359525384356845,0.11150403174107781,798.0511760927656
2004-02-13 15:52:39,0.0782630183983989,0.43988049954761266,4708.733713111741,0.09535538968404919,0.12538165296198978,20643.149031523542,0.10040340166750453,0.9975440280393886,33039.41507292194,0.055568271634989695,0.15192414402511778,1147.0466263693793
2004-02-13 16:02:39,0.07547406975298288,0.34317254858303947,7595.102030328081,0.09471481170672634,0.12045076750270667,20827.096572438502,0.10021236386341632,0.8742024795076313,71996.11574272689,0.055283416612432246,0.07187192650171337,1087.5676145148118
2004-02-13 16:12:39,0.07556067544581722,0.4429353349113323,3239.5031199964747,0.0944357446271339,0.19116460070630126,9852.540647414799,0.1000556251542111,1.1489999634937487,40156.60118654352,0.055918722406945245,0.15328790775615442,3028.005254934511
2004-02-13 16:22:39,0.07667824796470966,0.4250634087395855,2883.814467768408,0.0943249106521244,0.2039607444829823,4802.982799687671,0.09797129507260341,1.126026116604244,9594.389112595829,0.05521978104583537,0.13096832782587597,782.0169580345375
2004-02-13 16:32:39,0.07675079237935838,0.7083040858036118,1950.631003753036,0.09478928496893452,0.2391049848343445,6088.942467170163,0.10006631297388498,1.3853169976107083,19823.205033864968,0.05488053209230369,0.12897094867576486,736.3397056036265
2004-02-13 16:42:39,0.07611983831535804,0.34371284005047764,17378.084885506785,0.09478534007619202,0.09678027015754331,33695.9608263074,0.10237675803588187,0.9102303869839865,143978.93643678862,0.055167368744745746,0.09125408974972382,3013.738712219771
2004-02-13 16:52:39,0.07516506282789814,0.26731500595413404,4065.9250899018275,0.09386662277451847,0.2001157170094614,26956.224997170604,0.09956438518303118,1.4095585224003937,43043.124554783695,0.05432144273327983,0.11588388830247354,2013.166433309837
2004-02-13 17:02:39,0.07809152470318882,0.3541207352122204,7163.129558462529,0.0951667820526154,0.29355916257699555,22152.731804925294,0.10186840781010384,1.5405732076815708,64305.35859923644,0.05581838399835219,0.21766814412768332,722.9606689222668
2004-02-13 17:12:39,0.07635685583884233,0.4990925057617095,14797.061253707821,0.09506952919237253,0.16743343495047736,37348.91294234598,0.10281443268510203,1.0894909470789198,140253.93656382072,0.054889536176220555,0.18504625280534137,2258.7890869135117
2004-02-13 17:22:39,0.07786806061076165,0.349412751660938,2793.8383325420205,0.09547586205096553,0.25251150417158463,4062.874508998038,0.10096733885581516,1.1861423951749233,81262.41674188098,0.05552793893125447,0.11306972646601254,1781.3322868470946
2004-02-13 17:32:39,0.07661025105301672,0.4160923963921235,5645.318744335946,0.09538618693607122,0.1651333720694046,7309.790125110159,0.10510550270665542,1.8338258382470256,128421.89860815299,0.05552552640030754,0.13858227864150052,1907.6380608210727
2004-02-13 17:42:39,0.07899964213229861,0.6273356080180288,3390.1900881980077,0.09593875762612183,0.3557424899909818,3129.0693241024437,0.10204154810204763,1.3142432398333312,51429.34054060906,0.05757710862400091,0.2927866305752165,2453.220884083345
2004-02-13 17:52:39,0.07538985427067177,0.5084444464835771,2067.955369462824,0.09451321806325227,0.2055227960188457,5613.315551433571,0.09965394395066296,1.3008388666896105,3992.6809482239323,0.05471230107271924,0.06672689694065248,797.7040742436167
2004-02-13 18:02:39,0.07723122433134638,0.4005096065091718,906.6179196069188,0.09503200838237347,0.0918404114016127,10921.185831480436,0.10023364794163435,1.2304646473382714,20816.59830286119,0.05597521685838966,0.21095158359815258,496.1521217847748
2004-02-13 18:12:39,0.07531071120800978,0.2905308522713739,4132.384204368174,0.09455425030108376,0.2046315103830425,13772.060471267443,0.09933679813085695,1.397093061685152,36837.62570525874,0.053784811583115634,-0.016002851793504913,734.4081054078555
2004-02-13 18:22:39,0.07813312239027137,0.5664490782766274,5005.253532149804,0.09418798367908324,0.16969798101436506,11382.335118285406,0.10228123472349412,1.5164170174695784,56513.835988662475,0.05651597706898909,0.33214454874033983,1011.8346170588737
2004-02-13 18:32:39,0.07744816468381045,0.2876786871169621,3556.97573909942,0.09501065498430623,0.2699943139571954,15873.706307442986,0.09963116305827083,1.4989831356545302,43906.13418977474,0.05601825438389481,0.2181842381594694,1543.8369575475251
2004-02-13 18:42:39,0.07761624000742773,0.5162164874021524,3732.416915624199,0.0948379582766211,0.20475785380849665,31411.647762757573,0.0990309497273769,1.2802307183837698,41010.552782030936,0.05570863708702404,0.15785854191572435,3204.0118037309526
2004-02-13 18:52:39,0.0777373661484818,0.3658649197381023,5680.86409091457,0.0950182460890736,0.2386375339887099,17049.41292237699,0.10395087786914368,1.6507116203480852,120118.94272898871,0.0562385999732668,0.1436571459481102,2864.8811396162655
2004-02-13 19:02:39,0.07657840332279559,0.5125468703141571,6093.225972632488,0.09577276751794779,0.2272487672070258,42620.271554803,0.10120398887040595,1.0704467030936273,56898.36581118637,0.05586629065582057,0.1684240943398576,2253.0585936105817
2004-02-13 19:12:39,0.07618282421306082,0.381054399079956,18113.767130262342,0.095267162629054,0.13124253417343557,48489.1607275401,0.10419492348515894,1.02034582799112,154683.9192301025,0.054304785844573586,0.1110530586766556,2156.2554166279156
2004-02-13 19:22:39,0.07527411495867953,0.45147927313008207,10952.579309785762,0.09303656219087673,0.17030651832930532,34746.161281078515,0.10085776359092294,1.0198624824728109,80998.87481475808,0.05412281272644535,0.18356171982293779,1316.157312466793
2004-02-13 19:32:39,0.07653573894552466,0.35252962681830047,4525.289401164443,0.09568953628017864,0.2883813120650536,8265.152849981696,0.10103342578077812,1.3116460503929748,37335.88711207399,0.05562349541504471,0.12144681669037993,955.9729703869218
2004-02-13 19:42:39,0.07660493658109607,0.3462653410221592,1210.3743496054012,0.09420082800110491,0.13764696488967587,11651.601654172948,0.10042841020434344,1.0731745910527302,8417.08527310247,0.05560232376621615,0.07990174470068645,2156.0655960656372
2004-02-13 19:52:39,0.07864126887278634,0.3624940923308948,3591.388589546759,0.09552426730695844,0.1467625317923007,18665.43455299426,0.10402203323545209,2.383042346915773,24856.816725618137,0.05545991390888783,0.12231821269674326,1350.8421408913373
2004-02-13 20:02:39,0.07702684539892164,0.5425193663094023,4379.008687562786,0.09422882642013337,0.16826413909328508,7849.509228225439,0.0998752965127795,0.9325062209123343,30365.39016453301,0.055571751198338175,0.157012217436451,869.5817641469112
2004-02-13 20:12:39,0.07654619086497708,0.5200155088401144,14065.279174645575,0.09573251079464527,0.2727503627682002,46210.904004986805,0.10174311656116164,1.005629002333853,106518.31552482536,0.05471752479353621,0.18466725281573515,1245.7180515560217
2004-02-13 20:22:39,0.07741179487861087,0.43190081038293116,11417.340730428841,0.09523919414591084,0.09290005240359722,27708.45912695269,0.10279003102692218,1.9797426001961025,86126.18062313978,0.05585638234990475,0.06819047041703508,1546.5180105663962
2004-02-13 20:32:39,0.07589032163569179,0.5098311593414597,7091.395009664834,0.09353100019804597,0.14292119561285865,10397.997927288488,0.10045302729813262,1.0792334087241322,53919.297882973406,0.05582049346104328,0.15067192711744903,2114.5952501370216
2004-02-13 20:42:39,0.07564360372930583,0.42220488142617674,3657.33632950528,0.0943275190990148,0.15479948538558075,6935.274699461865,0.10020431934419981,1.3849784701206405,15920.793106531586,0.05488329548275026,0.10096709261969705,695.0732477725979
2004-02-13 20:52:39,0.07589364120524608,0.3855004562475095,2614.5549568415854,0.09384380957582192,0.1966369241459005,3144.965833356189,0.10110096573939094,2.0306544479582627,80727.15614724095,0.055270152839682604,0.07265098002196568,2065.942202822163
2004-02-13 21:02:39,0.07722140418091265,0.35013309394085246,5949.231709492424,0.09548381760187495,0.11837562080951436,15511.692530781165,0.09945168523113371,1.3501368331425097,41557.2471245793,0.05596093826347201,0.2162758920817449,1394.3248790337982
2004-02-13 21:12:39,0.07669429791080462,0.39745034059748496,9295.42020727038,0.09519420476632887,0.0795822811743796,20117.047151330393,0.10008886651956787,1.6620566517381041,65815.87862350105,0.056504768102872305,0.16493695430790378,3343.6192990615523
2004-02-13 21:22:39,0.07669445070884366,0.454256780561586,1180.797013384503,0.09289969362797637,0.08010126390227823,5320.155187502291,0.09772201710440245,1.1132409553617535,35396.76581979019,0.05461590492075088,0.24902342571387193,3077.406438888417
2004-02-13 21:32:39,0.0764435019107249,0.4621422075469619,6284.2186357846285,0.09317198479156705,0.18356861133886104,6749.285551026425,0.10003783171099571,2.0474437661139246,72072.6275196364,0.05450970159851708,0.09339026903696146,1066.2620579365705
2004-02-13 21:42:39,0.07806299602024157,0.3311462198582431,12902.293520101552,0.09524714690813907,0.17772866599367143,34585.241703142354,0.10247992157575002,1.5929099854929527,126382.15980342294,0.056408053554961236,0.10492709979062642,1758.5229948377369
2004-02-13 21:52:39,0.07733820308392225,0.42701086599625615,4086.713696548988,0.0950561722294047,0.2862010684722307,4255.068815078404,0.10328853156063904,2.049774191290383,77613.5699884363,0.05579931342683573,0.16934708701075962,1428.7918594177554
2004-02-13 22:02:39,0.07694966711774165,0.320109256981544,3803.6477470336345,0.09379695777107792,0.12776060299222802,7466.435903163329,0.1028168012968029,2.7253155262588518,27891.392502858704,0.05415643978977131,0.12517736556700676,1314.4112960841294
2004-02-13 22:12:39,0.07891612654772709,0.5186211330341539,18827.817232744776,0.09599882557468477,0.37188947981749276,70904.53221194989,0.10389069972925571,1.4182691128076792,158961.2198701185,0.05626717402755247,0.093053079408973,3138.868855187697
2004-02-13 22:22:39,0.07747811939105775,0.4064589681713531,3327.119810191701,0.0939925079606581,0.056996497378011934,11430.186624112313,0.10120123343338015,1.2005952184040298,42238.38324141015,0.05623679836401051,0.09268806299426258,1929.960081678628
2004-02-13 22:32:39,0.07688436331443231,0.4088430650331287,1430.9312728450473,0.09496587046267925,0.25826388017005986,1798.016582018464,0.09959804788537838,1.2336177044697356,24704.135994637825,0.05651059384572839,0.18864691023212243,1334.3447263361054
2004-02-13 22:42:39,0.07743250463104949,0.21209746554701248,1921.9461490232832,0.09520957634468487,0.22128850083512042,10623.10944654929,0.10295567514674397,1.4318646753422914,60899.52549122014,0.05545814071075364,0.0783643489832615,2905.5772045124063
2004-02-13 22:52:39,0.07765237980798624,0.4663598030208287,5273.312493508261,0.09421586205151113,0.18753849246662835,28856.57456542411,0.099194666860642,1.0615683249643588,40746.62777997793,0.05564446113215133,0.19090085360971987,1237.7180436589508
2004-02-13 23:02:39,0.0784514380046663,0.39031522506951166,770.0534859281693,0.09544411072184797,0.23754470343848721,3371.952346917116,0.10119123704688132,1.1294051220103878,25270.19406163133,0.05586700516069391,0.12149184345072506,2442.7503835689167
2004-02-13 23:12:39,0.07746541157338786,0.39815988514681777,5747.702105517863,0.09419769794866606,0.2324261143633537,28661.162810831433,0.09851759985134002,1.0166463682150804,42705.83861638915,0.05527952760177134,0.14399055292496943,1849.9670951352864
2004-02-13 23:22:39,0.07702369416543603,0.3219624132001542,3546.832639571185,0.09446850577829828,0.193687762680133,10074.163812246874,0.10045396931516383,1.197597833624215,97186.4151780302,0.05532875246749537,0.040793738308074534,3229.493679773539
2004-02-13 23:32:39,0.07602763394350028,0.3787525414114188,4124.093864343597,0.09413279505819824,0.12786796559682712,13444.277270272725,0.10169684936084242,2.2208050112346047,38662.51422538251,0.05479702692807567,0.17475946629445316,885.4019025003412
2004-02-13 23:42:39,0.07740210771869765,0.3420917702434818,11177.861812333853,0.09380899055519344,0.16164685199257622,41783.58516975754,0.1007985072434111,1.4035152646501325,96591.44655108487,0.05444512629559922,0.02387832779292287,3048.9511855039077
2004-02-13 23:52:39,0.07756348867470199,0.4734358466541311,764.7158097253634,0.09361762242503077,0.23735688263286114,4245.241153574707,0.10148617516686695,1.909554926289526,25937.04419127638,0.05509063687673591,0.17943995608526242,1973.9043421078954
2004-02-14 00:02:39,0.0770032787070825,0.447202651604071,3582.4091758143236,0.09373892642933884,0.1756680884843851,7378.757023765968,0.10068791632634289,1.2773012743106928,75985.0671668164,0.05534459917826784,0.11837810491080258,968.7127311598441
2004-02-14 00:12:39,0.07633698995347046,0.4471539298962406,4875.51915070018,0.09396613549114716,0.1617245811613599,11889.112206841513,0.10128087034216099,2.1121779423002307,24360.07848671839,0.05468850534790195,0.04746169734429717,946.6329215934848
2004-02-14 00:22:39,0.07642125683403637,0.5469289750901192,1297.853239195043,0.09438284709719175,0.1554430228612218,14261.910474529901,0.10155636784372202,2.293636472439026,22147.2151102575,0.056164730508789944,0.15983579949588922,1021.8811022025766
2004-02-14 00:32:39,0.07821621550028804,0.40368368534336563,2619.3118910061985,0.0950372141337934,0.1697084017933861,9886.943172223031,0.09999029469505091,1.3330152048998087,19694.3942987454,0.05540356380967293,0.16963293116394818,2131.5175751389806
2004-02-14 00:42:39,0.0776202063611459,0.3791111272392764,10402.126947119232,0.09529924959125465,0.19464737126909037,52066.5463010877,0.10255527044522748,1.6536104624286194,122608.76489429777,0.055960228011871296,0.11875382453872296,1993.5696953350207
2004-02-14 00:52:39,0.07717074242436783,0.3713008615841109,1173.694936200352,0.09463949897175598,0.18010422760167133,7177.043156951764,0.09903783506033187,1.343452991766088,6116.0667796588195,0.05605393172399908,0.07806934602293891,1733.9425691513875
2004-02-14 01:02:39,0.07785537630209377,0.5050743337064105,8420.97854810724,0.0940972070520693,0.22530012899979734,18640.42450952076,0.10204391503516085,1.1247372963215962,85877.43025666339,0.05704054804342039,0.16013508762830098,2959.3897063144545
2004-02-14 01:12:39,0.07614514595135481,0.3286110755448455,4274.844086360873,0.09427812132279816,0.08757502410816587,5360.106059614843,0.09697711931131937,1.287454522728301,23832.080554218457,0.05494374253497845,0.03920658787657816,1605.0409548560579
2004-02-14 01:22:39,0.07811579383257748,0.42558587856816343,2164.102152366456,0.09522169983328709,0.3206771434605886,8837.803997793982,0.10111039855184283,0.9550294172657074,28102.97565829967,0.0574379382294218,0.26468452070656223,756.6189598979154
2004-02-14 01:32:39,0.07646615334526692,0.35054667928770566,1281.7300552729387,0.09459670125681907,0.18823073488824926,7351.461615526486,0.10008750712267366,2.347071495751221,13160.16019242031,0.054535117162304234,0.02841376496928083,2362.467169311838
2004-02-14 01:42:39,0.077847334070442,0.30035065706366915,7980.911854220021,0.09450114680810427,0.35002826472477766,27926.664965741333,0.09868731099570248,0.9724461211530344,84656.73984251429,0.0554273525098394,0.1201357390243456,1772.403800476357
2004-02-14 01:52:39,0.07809616123978583,0.2668683879683278,5764.354575900193,0.09427694020850554,0.10890732118962987,20988.85404239382,0.10406754539195326,2.735696460804184,51365.40560144215,0.05518222962872083,0.08289056553444363,995.2084724606383
2004-02-14 02:02:39,0.07853328688166249,0.3653585893301865,4354.7498716209575,0.09492064505375991,0.18578487285310175,33045.49578771232,0.09947166559306915,1.0566328951245856,37552.67520401838,0.055563213578094996,0.13419575205529233,2574.008867116823
2004-02-14 02:12:39,0.07740059716440338,0.5063321280777151,4982.825467358397,0.09459994946855481,0.21399540727472122,30069.704640656706,0.10126020926538098,1.5505272809658202,76337.75766696887,0.0563425544971616,0.1106508784917355,4337.418844960399
2004-02-14 02:22:39,0.0770826017349854,0.4444705851182156,1858.1158105655086,0.0938101989016586,0.1590807677564583,6540.7917072561795,0.1007085592986794,2.1082780912099626,38387.30826317915,0.055139843080316026,0.07042594155781634,1983.3785884879944
2004-02-14 02:32:39,0.07785435307655411,0.39565238708172235,2660.434244036062,0.09413555951102179,0.1652287562852628,14652.735196352978,0.09942919267231708,1.096053395572591,21458.50169131681,0.05493014695885926,0.07650965240475394,978.8112990226125
2004-02-14 02:42:39,0.07619507050676737,0.371201721911139,4297.378952042671,0.09280204486567092,0.20158890464396206,8876.826659126154,0.10047741530477446,1.3980374582212152,87641.23658153895,0.055081663006933394,0.07078989783660816,1478.8972517188142
2004-02-14 02:52:39,0.07689889872423401,0.30749474025222057,8540.66699541804,0.09459596390289995,0.1942461676228806,13777.103286497571,0.10390968274404822,1.9301784851118002,165402.464264778,0.056734803168998475,0.12810540184831964,1659.753565618813
2004-02-14 03:02:39,0.07566271754418999,0.48816477088484245,3877.6662346736052,0.09305063095903757,0.1449878314009685,21374.567882239327,0.09844082534065833,1.3164284111530522,37177.49481272685,0.05510362530255496,0.13002048156126644,804.6556654296221
2004-02-14 03:12:39,0.07709097519834116,0.47452227231467026,6885.227908539994,0.09590291111001271,0.22014454065800892,21526.476457548342,0.09896945329518031,1.2033337104071657,103914.70356096713,0.05531504805218581,0.0616748779853693,1528.4292491327808
2004-02-14 03:22:39,0.07812214182271728,0.46552930585791374,12864.710849552624,0.09459040969077548,0.16549349034832472,42009.705754647366,0.10239033767890406,0.9079075762743072,115724.80626297813,0.05617125738533899,0.2531139197677641,1660.3342986565922
2004-02-14 03:32:39,0.07616692644182087,0.5528697268991065,6213.578289947979,0.09520543243552006,0.2725350886008999,6998.805848420424,0.10422266343851874,1.5816793930389599,120776.56002841513,0.05615095403171593,0.06465080329638351,2544.09766754011
2004-02-14 03:42:39,0.07731350987113282,0.4825257504421647,6146.591448398982,0.09502158857292313,0.19389236686418698,34024.69144175988,0.09943465878247634,1.2979963491462687,35332.25906041628,0.056172031901728016,0.06516660515384576,2371.120940598778
2004-02-14 03:52:39,0.07587677323658983,0.2798720451744803,10667.434918534555,0.0941202472758419,0.19517857309157138,14937.651468621396,0.10432744425605375,1.1842489534877885,177298.168813026,0.05629375902076091,0.09041130676022568,3051.38672134787
2004-02-14 04:02:39,0.0762042431228201,0.3237082059057306,6487.668452225256,0.09550527738199863,0.17779637551291883,25530.550107436124,0.10104548161827301,1.5578509974765922,36003.52989043399,0.055938804541352374,0.050148883392429955,1596.2860946926671
2004-02-14 04:12:39,0.07576237683798354,0.3518243628605009,4115.461364960838,0.09419875306035107,0.23172412174017643,16907.381469191438,0.09834018130838292,1.024008631116879,39440.83257812255,0.05528627114703749,0.1204447616024984,1013.183675385221
2004-02-14 04:22:39,0.07609244608739096,0.4018811172873735,3962.8424455600925,0.09577041078554091,0.39226568770263315,17109.62749901818,0.09928421437776186,1.961204005111374,14806.984291740362,0.05583251758188278,0.09683601507084783,1581.9406858864593
2004-02-14 04:32:39,0.0786182224572888,0.4397530049606644,2345.6119788174983,0.09450039759961,0.1359529466053555,9607.19462190687,0.10032762420058783,0.8159954611841931,25112.637506603573,0.055302193160483015,0.11498175016174095,1829.9236179841982
2004-02-14 04:42:39,0.0765472363611597,0.30756512844638406,826.0074949594698,0.09409441500719835,0.21565379832025977,2834.5763181033244,0.10030385014303103,1.0335536854350238,20099.74853674296,0.05546258988681582,0.19491872924651776,723.8013322349678
2004-02-14 04:52:39,0.07655005415423052,0.42756084971696895,8961.823545871333,0.09394463000011961,0.07793202078850126,13166.559146541804,0.10169832816311129,2.2536595123582863,72719.15077997929,0.05578784974963187,0.1349758909515355,3213.3147131308424
2004-02-14 05:02:39,0.07695157390568759,0.47217074075070053,8708.150716340968,0.09543326237931601,0.22597635745502087,14826.408587971493,0.10073836175607023,1.0177384064063828,81707.06261154178,0.056030002077570015,0.10142794558005841,3636.559715355589
2004-02-14 05:12:39,0.07666247331291318,0.4292422492209682,4148.731158180468,0.09490872697006385,0.13024633338016134,6440.773800009683,0.10025412412612698,1.671673802267418,38273.421309175195,0.055349284643497206,0.06221244849644414,1132.8327581365393
2004-02-14 05:22:39,0.07718117604407745,0.3573263428988387,2489.7730808907054,0.09515301692988706,0.23376761000447743,8844.121649547986,0.10025240022064309,1.2835556566058957,33922.89366165075,0.056268787661044824,0.11355166673106698,2404.036622057953
2004-02-14 05:32:39,0.0754853262075236,0.38032259689892367,3648.4351763929403,0.09341241720189025,0.19530360660982682,9428.101880041371,0.09896306055046815,1.2606202649509592,13083.191264894553,0.05486536255063389,0.06501855800028755,333.57434299142494
2004-02-14 05:42:39,0.07848934759282226,0.4162216058917836,4647.745912201729,0.09571192714623855,0.2673802913817096,6112.735245475933,0.10216058251175267,1.6007736968319382,88988.67191979421,0.05507576768005031,0.12624386346516792,2383.068429225623
2004-02-14 05:52:39,0.07744872989093332,0.4381933427723923,1292.7772352118434,0.09472545830542006,0.14310169473268353,3681.359955375152,0.1002993665954732,1.3937204194478428,9042.209664637056,0.05577091816081209,0.03780811035202447,1349.750079875153
2004-02-14 06:02:39,0.0774396340631083,0.4181568338101229,958.0334857137543,0.094943577765873,0.19853911281890868,3163.626595425171,0.09945260064669312,1.4868721479061593,15564.991685115836,0.05523485236710265,0.07767412815284214,887.4679970433072
2004-02-14 06:12:39,0.07724679940022192,0.31077503265156325,2303.386841458632,0.09369090689686085,0.22031270759896016,11231.811803407054,0.10090927551402608,1.6646595042645513,17520.51999768641,0.055754529664638015,0.08613530192640573,1842.7563952228136
2004-02-14 06:22:39,0.07564605885770338,0.30545519863093284,7069.73135501185,0.0931486502581861,0.1829574678197603,8113.370768826079,0.10088842339242583,1.2017392825257591,64820.23262621839,0.05446001884266797,0.08374943272837632,1260.1436710523794
2004-02-14 06:32:39,0.07614973556462623,0.4668559319086989,5691.622709769847,0.09453369263373113,0.15871114426176147,11237.657196234071,0.10165138322195867,2.187641940698473,58221.66996832141,0.054992718800708065,0.21453790557180685,939.2918126755951
2004-02-14 06:42:39,0.07858716579030653,0.3615217429430797,1971.0966148060702,0.09375010078119583,0.22150886559773175,2759.123747177314,0.10133247846276262,1.4997542413083647,36633.88699124493,0.05565673471504257,0.22274349340330613,1622.6578658678034
2004-02-14 06:52:39,0.07790162973915003,0.3905431033629876,4683.782451200245,0.09488555658084244,0.18681848660424016,29117.906541882436,0.09889258594398015,1.1872757661457385,35518.25116623966,0.05504605138824673,0.12831795131809987,3197.8032208141794
2004-02-14 07:02:39,0.0777059461206155,0.417840869010627,2512.84354168666,0.0950774406815965,0.21394515451126583,5938.128105802748,0.10142396633570207,1.8653791980310643,59968.110331912576,0.056317706213970795,0.08837562202596017,2484.270447524957
2004-02-14 07:12:39,0.07785898335492507,0.2996620795127183,16181.020840279814,0.0942541967939956,0.14857670118711042,61941.914594699716,0.10268822347394259,1.4551374028805428,151734.82800226499,0.055389360440431155,0.14331436788499863,3352.037963840874
2004-02-14 07:22:39,0.07571334102894697,0.3175699833688572,5882.017489174325,0.0944440579291519,0.16624892370694777,6184.569049260039,0.10087940375300847,1.3005293559290898,90491.15036195556,0.055148800842584056,0.07427519305137897,3181.7813987153836
2004-02-14 07:32:39,0.07639177457459834,0.48682290406817463,7975.956931703417,0.09389222415013597,0.14044041897805037,27524.70815560813,0.0998985300622274,1.2766771331750517,59225.529695339654,0.056141064220380385,0.13894127361351227,804.2427691195222
2004-02-14 07:42:39,0.0773621114568527,0.40520456329289845,5203.678115269931,0.09427845252934589,0.11423971721707282,17997.936632736528,0.09997411212760594,1.2880026189052298,41322.92941016912,0.05443958987090645,0.19939476019787605,775.0615974429678
2004-02-14 07:52:39,0.07842339670271,0.493499202297464,3653.963002796651,0.09404292544456427,0.1748047535191497,7297.086500944869,0.09901500142812956,1.3636911667646405,10794.325289136767,0.056630709045810565,0.17047122396398517,1016.9416055993698
2004-02-14 08:02:39,0.07628107301034363,0.4251022370903268,13526.451546672428,0.09452682298518171,0.17106179745242978,47888.96343146195,0.10008389620361947,1.4596348275020334,105404.93261548187,0.05522737137351483,0.15791585442715483,2767.9863000734995
2004-02-14 08:12:39,0.0782240275511823,0.4252786985695489,9530.003936519237,0.09443866747292923,0.3018494572188546,24602.985479634768,0.10167105520646905,1.3409778418580984,196799.96568335244,0.055595883794772746,0.1469201258769779,3814.016499230156
2004-02-14 08:22:39,0.07825938535718496,0.5410550470181565,3532.16148045703,0.09436198534019805,0.1511798731806655,20978.315990099647,0.1003152871497535,1.4506509607476987,33567.09689158337,0.05636106439802326,0.1677805294209076,1337.5272523209464
2004-02-14 08:32:39,0.07883279811470445,0.4923650099388044,5493.456971067342,0.09436860853771104,0.1486642516443859,11031.410334999717,0.1009927606084342,1.8781414329656778,18828.128641048377,0.05577176959002758,0.17903883047275526,1717.885375197109
2004-02-14 08:42:39,0.07697529154093864,0.501785914417268,1531.7813440620307,0.0940764026270669,0.23140872838695214,11180.343579904387,0.09826073489183955,1.2085322668245198,18827.772705518306,0.055240498688122835,0.16674407412792558,1349.371864397199
2004-02-14 08:52:39,0.07868750124106433,0.49549582131231773,2875.753101471344,0.09373565749664385,0.19414318434028255,4198.606668487758,0.09890446088429226,1.2203639660864152,30698.78647617382,0.05566109696047815,0.1300956962842399,1879.471413482148
2004-02-14 09:02:39,0.07629050409864258,0.3915278701871774,1933.69675891319,0.09352465495250102,0.2206913287525465,9535.25048833457,0.09682866684332822,1.3654079217105988,3743.9867131808687,0.05520380253617612,0.07711502638180923,1717.3270592697625
2004-02-14 09:12:39,0.07758280543534599,0.35162553099311156,2486.0370809667693,0.09465328177089266,0.21927181055118172,9266.343105387949,0.09910021709029578,1.2389058521318965,5201.943093238677,0.05532108822803809,0.11176154867758559,2217.775342299922
2004-02-14 09:22:39,0.07689642263755268,0.2979657430445224,5049.850500005775,0.0929199309847933,0.09279303953083584,5543.767344928196,0.10011307669330714,1.197504930014369,79713.19216229221,0.055228295722731656,0.06791981138454872,1145.0625709967637
2004-02-14 09:32:39,0.07679911555734627,0.39614492845074345,4193.731114471002,0.0918368880879131,0.29446410936658385,4105.221773426834,0.09979430015662216,1.3993804984715341,65223.301722923046,0.05476367106000793,0.20851737039021723,1824.2813810167613
2004-02-14 09:42:39,0.07762733365050935,0.43956678433765495,4552.781877133541,0.09342349550149978,0.18197024657744043,4934.407043552321,0.10223412043373473,2.0224668903315344,90087.05717934054,0.05500264819618915,0.20474984148047648,1918.4496082806702
2004-02-14 09:52:39,0.07806387515051776,0.40586676946250355,7115.637001961198,0.09442532753699481,0.12988592921997677,13172.580049356204,0.09979271142676828,1.6952003416839299,35223.45658444018,0.05589774075823637,0.10644431550226763,968.501646120075
2004-02-14 10:02:39,0.0761460433763633,0.38834967129472453,1555.0835763307205,0.09296796795889566,0.10250343282432706,1160.010802932532,0.09868838316973406,2.201355363684523,15545.99658414507,0.05512265531436462,0.11525754553273426,1148.5151860332646
2004-02-14 10:12:39,0.07774952930173035,0.566700093050676,1701.584008118487,0.09508809546119588,0.1477743705814767,5637.071020481741,0.1000467717768482,1.1526137701806984,42330.406810543296,0.054828519074531366,0.15181511450427942,1429.2388763769368
2004-02-14 10:22:39,0.07605541128636081,0.41783615697612975,6672.573182488513,0.09306987750937129,0.11248240029469248,18037.974586908524,0.09876208267654836,1.3481230909263022,56189.221138367204,0.05486220086712139,0.0943331431592287,960.0555936719263
2004-02-14 10:32:39,0.07691889784508826,0.3496762549842871,10679.452973509779,0.09523501025218811,0.1752505353880367,31506.559529580994,0.10107202263616587,1.373271569414582,68498.15163613635,0.055774889780959,0.15155553997732962,1474.9643643196976
2004-02-14 10:42:39,0.07625929630830264,0.3821786978973143,3203.315283030854,0.09359401815487461,0.14727665778671284,15765.069483578969,0.09769461621353234,0.9571704511460353,9809.650330175251,0.05508051856501194,0.09151170096502215,2136.666001175659
2004-02-14 10:52:39,0.07750343899879944,0.5782366156865968,1919.1231433956623,0.09587588666881391,0.2120960933234386,5489.865129963401,0.09896924879492242,1.5597001222615532,15490.59538237166,0.056071708326119116,0.20851059618617063,1215.6070761396336
2004-02-14 11:02:39,0.07689420523568812,0.5470773142021708,6764.854184157975,0.09294755273052513,0.2711996631345044,25642.419147470562,0.10172290530107084,1.3401209103000227,82812.01879453486,0.055747639996993364,0.1495542753188568,4271.227321097638
2004-02-14 11:12:39,0.0776544869015146,0.3311799985725137,11165.661400786588,0.09458284852115102,0.16078837645628496,19764.374812438484,0.10334731623722747,1.2471639279083524,123358.8061171203,0.05678975325020131,0.1547796424003245,2660.4191005835855
2004-02-14 11:22:39,0.07698864186724234,0.4282343784664375,10933.085742109746,0.09405298721623293,0.183259401747895,23011.198578362208,0.1041303487990683,1.0859712144731084,203786.98382192716,0.056983779473170036,0.15474361614043364,3359.0580161252265
2004-02-14 11:32:39,0.07813684441464298,0.5572219183026546,3824.211909110854,0.09446960076527264,0.16907871466616298,18101.542662902524,0.10019990468277651,1.214663600384232,63488.82112075223,0.056296221460958196,0.1088585785062599,879.3925998640827
2004-02-14 11:42:39,0.07653528310881769,0.44631979377065445,3880.962065859346,0.093339693793691,0.16268506725353937,6606.214833872296,0.10055327582578738,1.5550520915528772,55644.091467607956,0.05604184010002594,0.10901893844504551,1798.3490433127954
2004-02-14 11:52:39,0.07844825685702805,0.4749347955380534,9094.104319781569,0.09388717906390694,0.24325282301514362,27686.408332917483,0.10044699244385381,1.0606396778502498,93693.23553279329,0.05609720654392026,0.07966305744549773,1271.0280588935286
2004-02-14 12:02:39,0.07781413088150346,0.5191691228606832,18155.532425563822,0.09551630030024653,0.2210244544039024,45218.96831419786,0.10496968800749398,1.1573913712458301,196215.54794696294,0.05546973458633208,0.1383655108011661,2984.604011822619
2004-02-14 12:12:39,0.07730263111527155,0.3969041106344453,5245.189101173081,0.09438559232776207,0.12587474658164943,9552.850714047008,0.10160284030578635,1.0816698868995376,83209.72211330055,0.05668160198782538,0.08338699571720154,2536.5566472141104
2004-02-14 12:22:39,0.0781221315098393,0.44814243720393154,12928.466894409643,0.09393499508054094,0.13512017907195872,38862.27763444301,0.10138163053416346,1.9802883879914939,107748.33267522024,0.05518733366339599,0.11977384422646242,1992.6912494795424
2004-02-14 12:32:39,0.07923294929450911,0.35898690771115227,3383.1145086052506,0.09505211718035926,0.2489028236871924,10426.528332713486,0.10019590892853672,1.1413766718216003,79545.492145813,0.05605197565304345,0.17553162580434334,1899.198512150498
2004-02-14 12:42:39,0.07538111630449963,0.5001967130650411,12190.396568872779,0.09453311155191867,0.19668409834071854,33088.12799303815,0.10212143913046919,1.8698230403120153,92204.80983649738,0.05520024139793797,0.18481285880204457,926.855696250444
2004-02-14 12:52:39,0.07695273730866807,0.3559125944069117,531.4770076985025,0.0933075295373282,0.14455182524820165,6236.7486099418265,0.09932088247348843,1.1799550028555732,11609.477088039072,0.05608815823452063,0.1516883985652755,1300.8216409899603
2004-02-14 13:02:39,0.07620697076106703,0.5239826539737651,3533.8765452467487,0.09366071242914167,0.07224512306801367,14613.182222666828,0.100126226486714,1.0595344412264955,11067.68931028881,0.054755406946198015,0.11545571642778452,2573.2406614402776
2004-02-14 13:12:39,0.07855317354645037,0.36186418762455075,1415.498719489161,0.09369920055980667,0.24433975127928687,6567.048544324647,0.10070267067391696,2.8103039053738073,45314.75707655598,0.055639163839281185,0.11920844206937664,1153.469609114916
2004-02-14 13:22:39,0.07703774503551003,0.39812301791803595,3158.8856528550136,0.09328046717636347,0.19039797070266706,13100.666071797961,0.09792919331995376,1.9832430802488066,25909.25150556001,0.05560989436748194,0.05161017818774383,1056.8001698144562
2004-02-14 13:32:39,0.07783553311209315,0.43199784236532235,1540.2749600008838,0.09359416918729166,0.17611315612251577,10405.903068870713,0.09829235132056308,1.2167694235188504,61219.44899752641,0.0556209417410048,0.09218518601123948,2366.76369364868
2004-02-14 13:42:39,0.07702249886903989,0.4120063063697388,10677.542215984104,0.09521213593906044,0.3348491695045728,23361.338689136366,0.0994380553684994,1.3937170635519545,77550.4935624612,0.055433491434837924,0.07172286883602119,2180.813225389757
2004-02-14 13:52:39,0.07605641216906862,0.42089091311293725,2911.5384378195395,0.09236861340405354,0.07721923856939261,6970.027867875747,0.09928447896661327,1.8575880410759558,12424.710152352973,0.055076925518853855,-0.013476357668052774,525.625081320327
2004-02-14 14:02:39,0.07764319967053215,0.4177640583898037,3181.0766154456323,0.09350167006362775,0.07744859952353966,20070.713553293204,0.09780089587715952,1.802505984390284,25993.075595353694,0.056794154852331635,0.23996607816536075,616.9489167828239
2004-02-14 14:12:39,0.07824552016429599,0.462614995853301,15520.167939518651,0.0958116015328063,0.2065439554906825,43322.75155843978,0.10195176938753932,1.2239199108187266,107956.17357244887,0.05575110135893617,0.11953306095825367,1496.5507048331685
2004-02-14 14:22:39,0.07848323274601796,0.3663784441404645,12426.562653374809,0.09552847405600463,0.23144474534394455,37611.520734750375,0.10159682977491226,1.8673729576008418,76155.70581561797,0.05583630423921116,0.19448821891626844,1224.7080829442953
2004-02-14 14:32:39,0.07779132524390574,0.29535701365171985,2804.5267072231986,0.09302180996361148,0.03009521249948932,7526.13303314965,0.09613161195156487,1.3632171003887281,10067.43282416075,0.05499341979458201,0.04883279197478174,1010.3125925475701
2004-02-14 14:42:39,0.07653336531121165,0.35526277295406405,710.9071812745908,0.0939520860993617,0.31549652858074806,1790.1493025726563,0.09747321421926321,1.4740737652222196,8588.62606886278,0.05597544278799856,0.047708213706921576,1058.874928945911
2004-02-14 14:52:39,0.07771954820910969,0.4379526468945034,3285.8863993163573,0.09406905214928885,0.23575528905634968,4286.555483366204,0.10009319046440547,1.4685276851824627,21787.66400801189,0.05564971448854208,0.14875813268688454,558.0077100690127
2004-02-14 15:02:39,0.07693467481866109,0.4162375296755685,2595.405976808783,0.09297426664304753,0.12535924673889332,13766.641277842471,0.10048858523095422,2.2700292901630554,36957.72100876666,0.0542217024592379,0.1177891205602184,1175.3885418397367
2004-02-14 15:12:39,0.07840756556538804,0.44322064491886604,2914.4128693727675,0.09402400219242558,0.16553540467417882,12337.601378386162,0.0990275177290541,1.7521061147166925,19162.14893264297,0.05512873738393503,0.1109721360254059,1438.5172884114145
2004-02-14 15:22:39,0.0763741992465183,0.3836154471369735,5257.842356220353,0.09303714054873127,0.17387187986687858,11107.067806853442,0.09999643450674878,1.2708930277381132,83232.07622063784,0.05508072112675859,0.17734375589246643,1791.5966078255606
2004-02-14 15:32:39,0.07685433411249491,0.3601853709222538,4166.456738361607,0.09324944966744442,0.09101130507436572,3199.667591175165,0.09896118858271219,1.240576687746258,67798.28203537085,0.055109527838602915,0.12448402943027226,1686.935333351516
2004-02-14 15:42:39,0.07689268883127397,0.47939329223455873,3238.7107400358072,0.09353494213603077,0.1707307742820956,4133.474434813444,0.09737962119971508,1.20910255773265,22881.603001320527,0.054581005238200773,0.1651126514001242,1088.0886690846892
2004-02-14 15:52:39,0.07817967180785793,0.4221871397231123,3491.7733469935556,0.09376528833675606,0.138667831725527,7526.341002825125,0.10062035509465767,1.9937401786255649,11867.78062507785,0.055167844478945564,0.07800500551398093,944.2586626469675
2004-02-14 16:02:39,0.07825966082036613,0.47184744365062325,1920.3895040722198,0.09275002553276267,0.3442081953838416,2395.4631514780863,0.10017413671210561,1.4256163193997073,73722.45713907568,0.05576256733701942,0.21371636594788024,1813.7021585837597
2004-02-14 16:12:39,0.07600318789572251,0.30438619570477954,3252.4080827447124,0.09480286933001092,0.08145254380256617,7092.700521175466,0.09849183569828897,1.6326280894737595,76101.62266271877,0.05570820541348128,0.0863038208641469,1582.0585720312702
2004-02-14 16:22:39,0.0775694166814272,0.272213678600965,1597.6252726334797,0.09316901539507381,0.15842982373952896,4382.537591467316,0.09869457033135422,1.2840368974672849,28195.36426379275,0.055348389221847503,0.04157872634764059,2101.886275411715
2004-02-14 16:32:39,0.07732922906617361,0.2258166101647494,8652.65272052878,0.09449010442360817,0.13928144926125752,19835.072513245585,0.09951710603977212,1.2566001608837256,61277.83997902405,0.0551282701694421,0.0071648457953581435,1201.0858664909329
2004-02-14 16:42:39,0.07651370160437361,0.4724327312404091,8669.713986079312,0.09366903717552895,0.22256684270929084,22382.96827136454,0.10016448679079078,1.4408864971169741,113900.96306440729,0.054981322734264725,0.04191933600093645,2314.596087508346
2004-02-14 16:52:39,0.07876241407609184,0.6552318596666904,2873.353784738942,0.09440549977978972,0.1361397014735557,10577.789782196158,0.09833053116593543,1.4328607222122987,10579.23442111146,0.05546879357392655,0.14849126447783867,1601.7161226051003
2004-02-14 17:02:39,0.07563445673052643,0.2940289000270888,6174.857347351606,0.09300484829642283,0.19273191925351485,15510.759617161148,0.10113602429478949,1.0374098413020612,93771.90379673617,0.055857034478937834,0.02519450293423775,1178.061288243689
2004-02-14 17:12:39,0.07764984159926294,0.3089038176237886,9829.347728818762,0.09466159015350747,0.1336968484790364,14335.468942751353,0.10082460646851665,1.6300737114199393,123006.23890852687,0.05537449606500383,0.1315661834616635,2988.9123637613197
2004-02-14 17:22:39,0.07831222347566902,0.4207031177532925,999.7042149607987,0.09477106615665327,0.20655723120643854,3275.5510812602174,0.09796424680639233,0.8497986717808281,32669.52696186763,0.05511504702169023,0.13370324175673298,1974.4695335065285
2004-02-14 17:32:39,0.077487861007487,0.4261150547702037,6810.429305128266,0.09346977807859876,0.12252240774371392,12904.05501746416,0.09918001532291233,1.3697089091011643,45681.79324104071,0.05564763014032471,0.2111620524297022,2465.417817159715
2004-02-14 17:42:39,0.0766385636190668,0.41426243038844524,9258.121282299106,0.09390700316877662,0.19458997773950415,13923.170456291607,0.10018190754626992,1.717192648686849,68744.95401848736,0.05521591452468098,0.09558137228536712,1463.130726865113
2004-02-14 17:52:39,0.07512177873709461,0.4322386192221237,4373.9430612084325,0.09308109047651342,0.03164492264922014,11069.386878514311,0.09777917738095815,1.2421244437510177,22106.78044479918,0.05600026811808025,0.12281832971891049,389.9372739837384
2004-02-14 18:02:39,0.0750074140215694,0.264094651949371,4999.813642514411,0.0929709555935851,0.0920772351676713,10880.070211789576,0.09701658026184558,1.1020831755666824,39358.95772957063,0.05495747557060595,0.2126442803421611,2896.902445858803
2004-02-14 18:12:39,0.07638231571703541,0.332808431759835,6493.061197402116,0.09299380282191524,0.13254591277048222,13389.274770006743,0.09976712215008196,1.151552169790703,61297.08461325285,0.05419564979803499,0.059373891031528014,1545.0211468153325
2004-02-14 18:22:39,0.07788027921511965,0.3784283215736437,2186.6693403946906,0.09394573888936501,0.2543285394948378,5233.903020059667,0.09845449258096352,1.1773181921077915,11050.868879367174,0.05532732278435651,0.09893103916214185,1006.9787507469375
2004-02-14 18:32:39,0.07527439096762507,0.43813676578415883,3816.3968350157875,0.09374748564336606,0.09888012179749062,9918.131794266199,0.09880805379188796,1.6234263898692811,32065.179192157368,0.055690793691175966,0.07761380331189915,1502.5664835278196
2004-02-14 18:42:39,0.07918299858950152,0.41325990616012565,2110.97068107089,0.09538764839745696,0.2540060970552176,4963.998839816676,0.1011358413147263,1.7717557477553907,19516.38035918686,0.055765557141314835,0.11319339951364293,930.3291181782741
2004-02-14 18:52:39,0.07800711324486297,0.34814837459687187,4877.659935150726,0.09410742386529608,0.15800535143743621,22416.00394758532,0.10029109755131248,1.446452503806051,25826.724954804486,0.05628300247132788,0.11857098776911368,1214.7658061959737
2004-02-14 19:02:39,0.07825582203031686,0.3212339905021637,3858.479911650288,0.09369663116359227,0.10392468108219921,3497.456024916384,0.0996738516812929,1.5065672983238105,57379.22508048013,0.055187911415510646,0.159416895301975,2544.3900068263742
2004-02-14 19:12:39,0.07756201211067341,0.5701837051718384,6068.274310687799,0.09473084017403269,0.213306002517748,9310.256339109937,0.0991017848957891,1.4383741433543848,16807.519461028933,0.056463515339138466,0.13069596219782786,528.6026777372163
2004-02-14 19:22:39,0.0768954961879067,0.36326545631774865,726.0645290335467,0.09349721701657088,0.1284500475701713,7196.969011168869,0.09702139920809674,1.1599370414301564,9608.230644957837,0.054539070893316936,0.006477317886276701,710.2102073107784
2004-02-14 19:32:39,0.07675198204637372,0.3774049694681145,7703.805143099385,0.0933038226457657,0.1596382449615441,15888.235750420883,0.09850783846111562,1.012514684106244,41727.22356956706,0.055194401642342766,0.06274083449477219,1118.765179560302
2004-02-14 19:42:39,0.07706073123730481,0.33766053420515485,6491.007956675717,0.09312319314522295,0.07894336512300404,15340.280600834596,0.1003627989159828,0.9356752121576517,146535.57923885933,0.055228806738422294,0.07835663920293445,3078.013098989442
2004-02-14 19:52:39,0.07648439894024141,0.40368314859793664,728.5948647033981,0.09132605456378537,0.25927612395734956,6633.305771705876,0.09860464579255382,1.0841907562129203,39068.68941562396,0.055909589754911455,0.18049364037031834,5131.741326163575
2004-02-14 20:02:39,0.07804829515724943,0.49550169457822246,4638.368731053254,0.09364277618294964,0.19591752103340188,3402.3374647210453,0.101625420173255,2.2657625657465097,58490.71482841495,0.05566915338562169,0.07395168898295523,1065.4901086702428
2004-02-14 20:12:39,0.07650581224090511,0.32143393913664564,7804.711167949046,0.09331115962073146,0.18736083032431328,37665.43944198178,0.10101319820170779,1.6800658221566716,93731.94360680015,0.05561160521658789,0.18248309654086903,1262.0968765569507
2004-02-14 20:22:39,0.07870505320746962,0.5518785151478065,3558.7055877228254,0.09320886796011553,0.17877094013740136,9465.020120841244,0.09986034951018785,1.161583151458868,55488.531720470586,0.05586834543356708,0.09540623434601869,589.8175353575165
2004-02-14 20:32:39,0.07722064160724369,0.42249302572013914,7154.210163778221,0.09165921007195964,0.09362917833834672,14359.27439183303,0.0987635779826627,2.1118030155654415,36126.89230354596,0.05591865342424878,0.10205220047702523,970.5374280638376
2004-02-14 20:42:39,0.07668115900587559,0.30615492979033476,3105.295244652826,0.09231781731892956,0.03582481051834563,5573.093444728783,0.09803146193593604,2.1082288666399345,27277.694006166417,0.05424208251556166,0.027922184987703158,1182.0606569905212
2004-02-14 20:52:39,0.07560518496862914,0.389790037405521,2252.134758368634,0.09185907998761948,0.166108925971856,20960.070947589415,0.09901202751078717,2.85517808622574,15311.773037626299,0.05402717324845665,0.14479679997389683,2446.684494322071
2004-02-14 21:02:39,0.07643147398057785,0.27409504741691926,4400.87354768005,0.09241911951725006,0.20272584926937842,4669.476015160113,0.10069441874700343,2.104177091745033,65442.653077950476,0.05552922143875016,0.11216910390493862,1600.8372132156658
2004-02-14 21:12:39,0.07738588467210525,0.46867986441406906,15240.478789408946,0.09360242655942473,0.11851053620481489,45930.47138261322,0.10166028537755968,1.8101230813570037,126483.24664277725,0.055422537087249084,0.11299604189623924,1178.108488442815
2004-02-14 21:22:39,0.07673222832214148,0.4150533719613865,1574.229940975299,0.09403997861614495,0.22580235248796798,3802.645437897407,0.09849534783390469,1.2217844085424554,23265.301174927146,0.05543547989907388,0.04388678057146489,1200.2265411942774
2004-02-14 21:32:39,0.07787403565815439,0.5209914178339541,7402.501475200216,0.09352597347712426,0.08305271271578718,26120.36230017833,0.09920969176170806,1.9573301409064028,90498.02049241314,0.055377674349924175,0.05452411153297376,1583.0302332622002
2004-02-14 21:42:39,0.07610197914948566,0.46806435398399415,3761.4732875838163,0.09377789532903663,0.22491483114482191,12887.65039745115,0.09722666790120843,2.20281228349556,15898.935386395335,0.05535919594947054,0.08011834187868727,1795.996118549027
2004-02-14 21:52:39,0.07844877284532563,0.39247062477379524,11528.482327560569,0.0948752485792198,0.2047345819491473,39506.464229584475,0.10052244409870924,1.5061057425767466,106202.8550640007,0.0550006791506364,0.1314234305309161,2027.301149553391
2004-02-14 22:02:39,0.07838618964181446,0.4702673332381755,3559.809211478109,0.0940637242964344,0.19080878208575447,11697.925105602055,0.09957839493726162,1.5092529048058463,28620.013700111936,0.05557172396017826,0.16665189435945926,996.8724088287789
2004-02-14 22:12:39,0.07640125207324402,0.4155701252808761,8877.284936716598,0.09363039062627115,0.2098816962753567,19092.937724255367,0.0998476676657059,1.5373777289705872,61240.84997657619,0.0551817380910569,0.13416595176897372,2100.077433595934
2004-02-14 22:22:39,0.07758806582835001,0.41610777262515786,1879.4152315473718,0.09416482702388138,0.13723127056056228,15596.324682176211,0.0983603124955322,1.5632614779060097,11006.633887027276,0.05503170517273429,0.15890977503198522,1178.7360713713522
2004-02-14 22:32:39,0.07630787730419367,0.259737428643497,4786.187377883702,0.09344891260778868,0.1845263582154275,15706.367328458302,0.10008663946996435,2.0615758865863034,24721.21981378917,0.054832327425154724,0.2137703902377388,896.1560086543486
2004-02-14 22:42:39,0.07535862403731158,0.46059922045061397,565.0132194944075,0.09221802116579154,0.1953687518031706,5113.162751362513,0.09595847007177441,0.9200501900429865,9289.032224387836,0.05458688780570386,0.10203201940999573,876.9407171657284
2004-02-14 22:52:39,0.0768473247948489,0.2964954180069941,1268.763475766712,0.09256967155498001,0.15889396504177178,7914.926104475736,0.09930827088423011,1.618788384035648,19542.407410273474,0.05545045384874004,0.16841363311119117,915.1013656956012
2004-02-14 23:02:39,0.07787287473273749,0.4005970384193849,4135.351001279438,0.09347937528415359,0.24014864447018747,10609.286365718974,0.10014722024427962,1.7676274830343344,80812.33356469052,0.056041456735588836,0.17259691901093,1196.2216706077622
2004-02-14 23:12:39,0.07755523957507239,0.41182245684681895,5845.925696533159,0.09383125593235844,0.21268920305720362,27656.024333997408,0.10157016197060226,1.9645873842933952,46046.56865608575,0.05600947534234721,0.18007529719347826,1987.339078935211
2004-02-14 23:22:39,0.07666440030051432,0.4049766158613508,6361.066387203064,0.09483166443798255,0.3758928634671683,33193.527157340584,0.10084138564395945,2.5845421273232567,64565.87815024978,0.055141590208327554,0.10765032575736999,1802.5635791731295
2004-02-14 23:32:39,0.07756505271282776,0.59416197100937,3800.667913144539,0.09307478013546755,0.07203885192851622,9294.041068487122,0.0985131076204932,0.951979566351143,20717.129156648352,0.05566253517641489,0.09546258603072655,784.098317157599
2004-02-14 23:42:39,0.07749496549927856,0.3910969739121195,3907.3135075058854,0.0942920136485091,0.23250854297548562,7120.778662417481,0.10313604770368845,1.6449580480246446,60168.25867108003,0.055711239766568874,0.14927754500589696,825.3597244367908
2004-02-14 23:52:39,0.07696251021449096,0.4719871514500311,4625.610494135787,0.0929666785483514,0.07882568611327034,30866.632932478555,0.098995085746481,2.6659848054667634,39111.091399766265,0.05448439023515703,0.13240616935738547,1593.8804038931382
2004-02-15 00:02:39,0.0782745225402637,0.3734058194569596,1901.9307920155422,0.09354334254020298,0.2662208384534055,4120.8391954064455,0.09906679209944673,1.5414997243736535,45977.966171288725,0.055183756420311314,0.1939409411536701,1605.1770742987662
2004-02-15 00:12:39,0.07576478107129493,0.39367813098355287,1380.314707915587,0.09265307488236023,0.07493232327899957,8043.050253688096,0.09921838041269747,1.5209996645621677,17781.146208082613,0.0549816966170618,0.13512221968898297,1085.2645913864455
2004-02-15 00:22:39,0.0749523728985614,0.3035741644560339,5903.723046620301,0.0939187468286251,0.1342219775185165,28689.01386736483,0.09598169126762536,1.0789968281242288,28330.244470194375,0.05557742215608443,0.09652747183251664,1978.9289394857503
2004-02-15 00:32:39,0.07601210519857182,0.5926312705867858,3033.825042909183,0.0931326478088679,0.15411491376726616,20297.421148697234,0.09883132652917102,1.8195086650912353,23469.04759189466,0.05522348372112063,0.10701858169601408,724.678145862658
2004-02-15 00:42:39,0.07784616647443614,0.4691571133496648,2403.515368686537,0.09262569901052028,0.24282505580396618,2778.000702056181,0.10045348323936744,2.6512130796458955,38785.55972389941,0.05555982795529406,0.17444679056723045,894.0229627832706
2004-02-15 00:52:39,0.07777190268764324,0.31991028155765777,740.5579346970557,0.09379570370333135,0.20038625770885332,8103.077497468618,0.09828214874390338,1.048729949663187,22894.12272914972,0.05495808772373726,0.21181270963081733,1974.8389453430527
2004-02-15 01:02:39,0.0760942646286499,0.42323338040355285,6775.253732087182,0.09350777953723624,0.0960153122733205,14081.790901655615,0.10287254159615736,2.341060280683603,126751.42971142616,0.054779543078084816,0.0739348131874733,3058.2337546146596
2004-02-15 01:12:39,0.07791981712241516,0.36960954395167844,2205.679998816569,0.0939066051365997,0.14337817131278285,4967.6138504649525,0.09934069179784788,1.9232554796178913,47821.308086533405,0.05696023532433065,0.15689906279183452,2228.707096164781
2004-02-15 01:22:39,0.07685402406917285,0.3818657000263892,3712.3792609825264,0.0929651968858844,0.1593512848962888,30094.544444347706,0.09726747965099256,1.2397175364146626,23675.441500334844,0.055726655268568515,0.1734304377367133,1383.4981604181721
2004-02-15 01:32:39,0.07674329768933816,0.3646884901407135,5593.560823293279,0.09201157021122058,0.09123120063960233,38748.82548197785,0.09875289256048403,2.388011795011338,48450.47885359012,0.055411750202884545,0.2647810317945565,1960.6521103499888
2004-02-15 01:42:39,0.07582986649298382,0.33242199799785155,4307.205278284675,0.09325771347747527,0.08878620484376398,30380.860730680688,0.09821452101737235,1.8348007122721528,36732.52795607977,0.054871919403848994,0.07900948837157262,1348.8947203111213
2004-02-15 01:52:39,0.0784444861181699,0.56474034220826,12085.916493512223,0.09277703683807284,0.2819338410997183,47742.3450150906,0.09900153166231507,1.0133519774342759,87899.37996303449,0.05473917023313835,0.09367447133755169,3333.253307109026
2004-02-15 02:02:39,0.07731954482353573,0.25864743757069686,15252.075416405269,0.09381157014654096,0.14570479505752942,38371.5050026644,0.10302551001033979,1.2153610199508815,216168.314440483,0.055861584746502,0.1611045240253164,3461.034393870619
2004-02-15 02:12:39,0.07740247581129915,0.3167613458612375,2559.7549857299173,0.09241736675395147,0.2315341547231755,5748.335538206566,0.10102636519663444,2.63813449242954,60453.77264585568,0.055454483640724445,0.19123001631979308,958.4637695062183
2004-02-15 02:22:39,0.07701573119540255,0.3112997957537105,12179.531915920932,0.09374155404663466,0.17335526826638015,34460.437215510094,0.10142859128894266,1.786866967898007,104025.7384507809,0.05439321309556345,0.1602884883983946,1398.3835736103256
2004-02-15 02:32:39,0.07521198946560981,0.3649192576756848,6938.1457260051675,0.09166494189310123,0.15806202888112075,13675.366581429153,0.10090762594873282,1.5346710413407543,42333.743214543014,0.054516125230579714,0.1177366423054611,1180.133671909593
2004-02-15 02:42:39,0.07688848490722212,0.40478293715094704,7969.370366744062,0.09432188255806218,0.15256687929089097,43261.5278645314,0.10055232648391645,2.172177168388445,74874.09667314321,0.05594337783364087,0.08615661689903309,4464.071795988667
2004-02-15 02:52:39,0.07637173140254105,0.44490280527972814,6078.291040609228,0.092937035031621,0.20298238899824605,12886.429412448746,0.10023732775268902,1.6096741680949913,43166.854550443255,0.05454920594418057,0.1254351692328579,1141.4553652084214
2004-02-15 03:02:39,0.07586469664650103,0.3650362834636387,2049.0908315405845,0.09177067312225895,0.2236217662440514,2854.5805035867065,0.09798818014059463,1.3779147598799515,36416.08551783931,0.056345533457630874,0.0671774290023972,2519.500969922516
2004-02-15 03:12:39,0.075098837218445,0.36803551699047077,4613.2182646312785,0.09397151460224862,0.13089280524680502,19093.328854935568,0.09878236712433804,1.4579274185596027,74602.15363114137,0.05470675286099285,0.06413737734728153,1911.6756976544216
2004-02-15 03:22:39,0.07799511327841316,0.42318121122703456,4192.345712364657,0.09238539379321888,0.1630316065566464,4305.304543239041,0.10065237011305297,1.1423116064384775,38833.97060377194,0.055938342783455566,0.08697048202825775,1773.7251421911149
2004-02-15 03:32:39,0.07796534561705924,0.267938429937038,2287.8347114563962,0.09365897690599724,0.1168279274847297,11089.525464268852,0.09851387711573939,1.355326219401241,52457.76708746766,0.055494001294621925,0.04938489370098553,2078.6703239858475
2004-02-15 03:42:39,0.07798807594904733,0.4842177956348408,2476.375370767624,0.09277016263956787,0.1474574297011011,5907.5024828314845,0.09991390067867496,1.442677682406618,63823.27308855164,0.05485481903967052,0.07955768248957673,1627.4629273320124
2004-02-15 03:52:39,0.07783362414069513,0.33710919095959824,1562.2886700559966,0.09496160151197298,0.13464094279312677,9248.276996634857,0.10115992714200124,1.929265662031491,8025.742530890159,0.055889930890993235,0.1857901031001763,1570.9915769181239
2004-02-15 04:02:39,0.0789731544947989,0.3611321322444012,7838.65458807652,0.09386213345996483,0.0835641604156998,17644.145050502422,0.09997568967199288,1.292561866413755,35318.48589676491,0.05465330002044707,0.17191556451384216,931.6265216546608
2004-02-15 04:12:39,0.07863142766105437,0.4299032321679883,1108.9963495118402,0.09450331689574115,0.18699852647491966,5576.095571128626,0.0993932518124816,1.4787873388820616,20150.335991358268,0.05500655101255554,0.13074534934545623,1030.9490024669406
2004-02-15 04:22:39,0.0772709316302062,0.43830608328698695,3379.9453526646103,0.09377655509324413,0.17327132020898128,5336.9172413001115,0.0990292407692988,1.4656129197985166,41003.64904356136,0.05561434501182002,0.0816530847733623,721.103665366805
2004-02-15 04:32:39,0.076864965363881,0.30778397737436824,1636.9254656842652,0.09442057958734089,0.17146814885567707,4260.58269469671,0.09943837380783574,1.3320678602886336,7497.932236731757,0.055711010136153746,0.16480271408323688,962.2862158118669
2004-02-15 04:42:39,0.07859432684927473,0.5275230618433251,1110.8112683781062,0.09299301862866843,0.1780465333295691,8750.397249407159,0.09902862073466122,1.53591658886213,40736.0981912206,0.05511904685471144,0.11488477720757073,1267.205098840187
2004-02-15 04:52:39,0.07406587578013323,0.16086555119316115,2597.458399263265,0.09168768426191438,0.06577670398560942,19660.44679057188,0.09521619622436879,1.0032136619060195,7565.187199623996,0.05475266385500116,0.15165012223837904,1738.8864333487568
2004-02-15 05:02:39,0.07718297304538742,0.336034830856613,13900.757911794512,0.0934297713149762,0.17668547650832167,37832.800873687505,0.10183912520183488,2.1379282821612513,117648.32878595336,0.05506149882035314,0.12829541855883653,676.6042723512207
2004-02-15 05:12:39,0.0776099066319621,0.5830624514456058,4859.949492001983,0.0931508529026137,0.13864452393174576,12145.945478504085,0.09939998948770695,1.3768200203253045,33303.97410535543,0.05522226308151224,0.1121470471856254,337.81634624959725
2004-02-15 05:22:39,0.07535483865674701,0.3873433248055256,1169.3860295560978,0.09214597502273567,0.1470564392365472,5172.118657635113,0.09795840779740718,1.6153815372384397,31060.578037367104,0.05478306471609178,0.18251316155556996,742.2532345946369
2004-02-15 05:32:39,0.07658680736589037,0.32951908124459095,2404.177570465231,0.09366519315200884,0.13969247825045095,2147.548145575697,0.10051446568778048,1.7457821110674008,50079.831703605865,0.054562397086099966,0.16968791837383002,1447.247860499204
2004-02-15 05:42:39,0.0740066815633266,0.346576183254911,1412.7109578046766,0.09168387140272068,0.23230427237772888,4292.6787018028035,0.09546015969944609,1.1559215477170586,45340.41504080686,0.05479098735122297,0.14993215709488616,1571.9369689735313
2004-02-15 05:52:39,0.07723644861165371,0.412106396846204,1035.7827271149772,0.09239720666139277,0.13688445700238727,2197.7273602489136,0.09777479579809602,1.8939994196155823,7486.962533044869,0.05579839241145864,0.09069047933016261,1705.2570445824351
2004-02-15 06:02:39,0.07638222845805659,0.22272780378887358,3971.279977296171,0.09300758511364476,0.1642010710290971,18103.07022028332,0.09983957566586822,1.8492098727798556,27906.59486736487,0.05597469739129346,0.10394398427225404,2505.299636962838
2004-02-15 06:12:39,0.07657197230945129,0.3681107468870848,3061.337526844895,0.09371351659904444,0.06148988079608397,4506.086874117803,0.09849254190316582,1.8418291128234072,41258.76229684643,0.054611984916173625,0.06459576995277505,913.6020423012361
2004-02-15 06:22:39,0.07622631580171722,0.31402076871710305,2439.4226940422345,0.09130357561411204,0.15755699712085391,3910.254448614696,0.09703735462882,0.8276182697372154,40838.84690726785,0.05497459507368495,0.12219756283701333,3009.9217006140275
2004-02-15 06:32:39,0.07611128423493212,0.23864300736866229,5843.140047609748,0.09281608605235477,0.21196613628273608,22680.132729818462,0.1007987596223597,1.5479287973627622,66955.48021588934,0.05457668773157638,0.06826021347068822,1729.4653658198272
2004-02-15 06:42:39,0.07623503727422926,0.48025107600364203,886.0433990751319,0.09211698070804114,0.1479794395080707,8087.136483774025,0.0998910967062224,2.5163560094824033,5981.793023469119,0.05621944743174954,0.07796365956597029,1428.8651877493098
2004-02-15 06:52:39,0.07708552506033882,0.40568717581923464,5910.716507204477,0.09179512152580603,0.1234237445705979,8742.52940355533,0.09939245792996254,1.4056862911326968,44421.13307693517,0.0549583742517064,0.08695034854413297,935.1806216720396
2004-02-15 07:02:39,0.07748513088207633,0.6670576458997246,1717.4925715343527,0.09476188883813934,0.24944874021726893,10719.32335131732,0.0995290977985521,1.7774883413818365,7230.659059797445,0.055911995757004146,0.19097371006258657,1848.788629546038
2004-02-15 07:12:39,0.07610651811513502,0.3022605356791521,1266.7133377522712,0.09280966746519459,0.1575288579671943,9513.622781047898,0.09973894489569383,2.0953473490254284,25615.68725163058,0.054813284807665466,0.0986527666645114,2483.6799665565272
2004-02-15 07:22:39,0.07635003555786664,0.4431342835395671,1182.0287409794898,0.09103083000675513,0.21107129527828317,11696.511460826623,0.09695496724680033,1.0838781577451764,8409.86484547393,0.055567796692840676,0.10649559041324297,771.9361880497054
2004-02-15 07:32:39,0.07706156097359759,0.36952452332865526,5533.579571161171,0.09293066499328276,0.10460210282923788,9927.34178710148,0.09991099701343567,1.191568844293232,89937.87414276527,0.055032411880835054,0.17265381933070545,3118.6298529186315
2004-02-15 07:42:39,0.07699595762268546,0.3919277969191701,10806.058527372821,0.09302413003909926,0.17955688299918116,18599.575892906763,0.10011057826653172,1.814513547774225,77055.49966807304,0.05547664116404084,0.17965662719486497,933.2202726285329
2004-02-15 07:52:39,0.07728027098298197,0.48063870982954926,1463.42056553407,0.09261385702837278,0.14173257608259204,3209.871867668904,0.09955832662510265,1.4154892453817682,21980.214028317194,0.05471639147544134,0.18305648536949626,2163.7212349301485
2004-02-15 08:02:39,0.07780435763121658,0.3735755677580297,580.2219325170397,0.09321440313155406,0.27528274191683,4347.409201635326,0.09853231247444921,1.878115095239072,16329.031356714157,0.05533633534817449,0.15386192247863217,1411.8543425203734
2004-02-15 08:12:39,0.0768502967803923,0.4013357758732137,2119.076557119219,0.0917577778442889,0.1042970447566125,20304.564044055212,0.09907705531870131,1.5292788041358039,39833.85151687043,0.05586628759675866,0.10877699265259455,2930.92011968413
2004-02-15 08:22:39,0.07659630599315398,0.34257832867343607,1141.2819675084413,0.09231449330320848,0.24445167018392588,8085.874359386001,0.09765759474074137,1.3457910709276852,31530.016082873244,0.05426084326038552,0.12285516674044139,2292.9759398203037
2004-02-15 08:32:39,0.07640399408735123,0.4208639557564058,681.3838858240697,0.09332165556013446,0.060416560706788136,4043.1677744910385,0.10105537041951308,2.170829161397191,25430.66793577574,0.05590265106848131,0.14041475901005596,1786.7839586453638
2004-02-15 08:42:39,0.07807795239624708,0.35235280839096905,5614.634283193469,0.09375618781662494,0.16226733336838617,23473.937953029388,0.09945037628762397,1.487518930269374,56159.551964851686,0.05519762037372512,0.05791191518466965,1900.507708301992
2004-02-15 08:52:39,0.07713057459340865,0.40006268523484634,1565.8456579731214,0.09276254153120281,0.19087978470670963,12348.056578575954,0.09916315223770748,1.1039677900883813,20796.255217325805,0.05558831260298225,0.17268394992466485,2041.4393477404954
2004-02-15 09:02:39,0.07667752265474381,0.37034304960210074,4825.364398082861,0.09363225965888106,0.1592564961362295,2456.134044855806,0.10071125136916802,1.2898324339563452,52904.30356853094,0.05502823050347658,0.209498507517889,1371.965704035459
2004-02-15 09:12:39,0.07616845537195828,0.3379413350421916,1999.9827232532637,0.09346514249348858,0.2387132264361025,14408.146231914046,0.09821823794807663,1.8688743271712802,11626.386923885106,0.05534504515706442,0.22659982960308112,1212.1879564953567
2004-02-15 09:22:39,0.07769009071504872,0.4444621380077156,6491.621379330691,0.09425509093926307,0.20239271810104054,26012.78528166117,0.10044696619399773,1.3970354814512334,45753.73527094102,0.05586415101959955,0.12440625760857316,1900.5373574882542
2004-02-15 09:32:39,0.07704597666024651,0.4245121177058362,5133.6554429635,0.09285667982585448,0.13223349540026197,36065.26376647532,0.09897752911409362,1.5516425183322076,63732.792566052754,0.05567227055711286,0.20324618506590753,1088.3385755211732
2004-02-15 09:42:39,0.07618983570301963,0.20491353479846586,1259.678666047183,0.09237666423779939,0.07711942115310189,5394.765417855902,0.09987802864228323,1.5578290875999334,26744.159258188567,0.054545235044095516,0.13374792525441315,957.6415107453936
2004-02-15 09:52:39,0.07626676749553996,0.47739307455073465,1075.5096647568696,0.09279007252176144,0.20138449186562646,7767.17110701821,0.0984629609929541,1.4603158899595758,9398.3973162363,0.05673897753983257,0.18355026390858153,683.8383953426745
2004-02-15 10:02:39,0.07687972991038503,0.3443925457307482,7366.786552825383,0.09390761568266508,0.19226899468663783,30503.090029902683,0.09897436561467886,0.9572935466525325,81942.23933281968,0.05547539264803022,0.13682133406811614,1492.6067055874787
2004-02-15 10:12:39,0.07759393186144616,0.3416938055017189,1534.9439341251973,0.09325635817381972,0.33955651983079216,14301.028056292223,0.09871695006668688,1.4612554368228334,27590.465099951532,0.05520475248803879,0.1090931433746567,1479.0764440331466
2004-02-15 10:22:39,0.07751806461591308,0.41849458983080856,3247.106650526905,0.09285327597546034,0.11864747923874797,24343.164098402332,0.09842378376661558,1.1792154697306492,36365.39317254668,0.05510941575700223,0.038806992779958804,1931.4062883291904
2004-02-15 10:32:39,0.07726790157161802,0.3435785290994704,5745.689012768285,0.09387670578302092,0.21874292123453687,26215.789918360453,0.0991161745854486,2.007035666171456,23649.969600878256,0.05462085358619339,0.1493200654651119,1218.6792454083106
2004-02-15 10:42:39,0.07629958876752711,0.29133089670985957,814.8467690555585,0.09226735206893336,0.18445987484386794,4907.217196471193,0.09730810317419292,1.4759843638481422,14417.096272664063,0.05470484233950981,0.16488913000174188,1838.0616756973322
2004-02-15 10:52:39,0.07781444368807358,0.3765801214698361,2125.049595937435,0.09325880723531223,0.13325127857988406,5831.661973173067,0.09907661374221972,1.081262938173512,27125.556636525933,0.05541740669540347,0.44008848723947924,1796.6440115689895
2004-02-15 11:02:39,0.07798443416898176,0.2728455757651256,1937.923145386332,0.09405435725760197,0.14248180085393614,13250.328498943438,0.09807659783541,1.156337070287356,10686.22120796238,0.05471412744609476,0.0698834476395418,934.4850225321265
2004-02-15 11:12:39,0.0771727857938762,0.4433362853016818,5638.520798978439,0.0928651544663686,0.1756563086517664,20588.628581856123,0.10156068772421555,1.9692442464377482,107551.05362955412,0.05688841617175899,0.23846103929229523,2088.5669359799263
2004-02-15 11:22:39,0.07657231665382976,0.4935185749376494,2203.6070419377816,0.09167197353838236,0.09798520370457409,8887.066040877755,0.09869145639037416,1.1001576680302803,13623.694316836078,0.054670133849810995,0.045106235463651334,980.048442324733
2004-02-15 11:32:39,0.07822583586312373,0.4387350438105728,3444.523419327595,0.09436759904755446,0.19106617666103753,16605.033709822073,0.09726563780120398,1.3498165592052143,12186.329549066444,0.05616930192298659,0.1294558445449936,1622.1866794079133
2004-02-15 11:42:39,0.07821529157356316,0.2898784257899969,6404.848884100293,0.09290242092891403,0.1874895956376812,38340.76228891747,0.09897483108093694,2.182691212656004,83454.04934440112,0.055414851013880974,0.08972568627431388,2734.3304421447774
2004-02-15 11:52:39,0.07738252216313529,0.5335850965343232,15971.484241654738,0.09333782570336235,0.1828170749711293,51495.038168296065,0.10126387009550222,1.7359995932883248,129307.47951286698,0.054944628999196776,0.11198007383136943,1760.2618304543942
2004-02-15 12:02:39,0.07726419646050492,0.3621181761247998,2108.2475744013573,0.09297081405271763,0.17858215712612635,8156.836959713824,0.09859810583682313,1.947238003960396,23088.687700137274,0.054909747949902984,0.19004865683892413,1898.7268440872033
2004-02-15 12:12:39,0.07699383884898274,0.3984708522721947,3520.8438095419424,0.09239467055238833,0.2255155445680206,11126.999944732326,0.09857994777598345,1.6224322874804704,16677.026577830537,0.055215355636334305,0.08375369365467344,882.6657777958361
2004-02-15 12:22:39,0.07690982601651512,0.40445901986884536,4338.770576313857,0.09382004883019407,0.20275193440121875,5452.134172249919,0.10179250973948181,2.1276285747527375,60455.60250493432,0.0558326251509814,0.16411423012523363,1207.4940623124476
2004-02-15 12:32:39,0.07732355197126632,0.4491927431890046,1672.6888019455937,0.09242809520488413,0.21099246976951624,2616.587304692535,0.10124067978900886,2.3429451615021613,66341.8987933893,0.05409501144904098,0.14766121324908354,1095.578474588926
2004-02-15 12:42:39,0.07831285446098951,0.393811964381086,8609.093126378657,0.09328485964540281,0.15363471971991727,22457.60193741843,0.10333324145241211,1.75782908656711,144826.27215423514,0.05578524626791456,0.1009076923020511,5491.1210404247195
2004-02-15 12:52:39,0.0783206512617362,0.31384600148732655,3018.1655954172033,0.09325195362816133,0.10612078769921096,8853.455924220012,0.09824184126430041,1.4802872134513159,27449.84054517195,0.05491145438126389,0.06038423422443717,1110.5923672705203
2004-02-15 13:02:39,0.07863466597728622,0.6568070391325245,9283.084409653775,0.09305884972273594,0.14404002483469291,28746.653739844427,0.0989377667498773,2.1442872997827225,69926.14870805561,0.05639394083144039,0.10352979197494694,1500.4672016784295
2004-02-15 13:12:39,0.075895809993763,0.33265136066566825,1328.5464165991127,0.0933584330496414,0.2201012112829437,3900.7441636578633,0.09776152625458034,1.5251997209469241,5334.552833376854,0.055400728539038636,0.10271684090037692,1023.0594062900434
2004-02-15 13:22:39,0.07599208397044968,0.36302236851475733,1421.0903123976823,0.09308841563266614,0.11275072556820476,7465.77822131422,0.09972787852882149,1.4974735532699999,14666.171235287618,0.05478763689236834,0.19242487070386582,2151.5604167713345
2004-02-15 13:32:39,0.07671332879267542,0.39330191453147245,3806.133833104693,0.09350343017813906,0.08540023351500547,2565.763812802706,0.09972621358389804,1.34223923887075,67369.27887471588,0.05560718508613006,0.11452417498816336,2788.302565821031
2004-02-15 13:42:39,0.07887653617511595,0.3171912838501538,10722.696179662496,0.09382236529990463,0.15024993308936274,19897.320906504734,0.10005112047840531,1.9495637913295916,71688.0504722956,0.055368427322262145,0.1777078053391108,1333.7819948967885
2004-02-15 13:52:39,0.07698641253392544,0.3960282953144132,6163.046292821522,0.09381363335216461,0.28929422153920603,13125.41533710957,0.10020149256038119,1.8389831859347403,66625.90357586145,0.0541618144861996,0.12512017006822074,2844.3533694095513
2004-02-15 14:02:39,0.07870018792911568,0.3987174692024569,4119.021746140352,0.0935459967910172,0.2903457037095736,25762.31878566655,0.10045622394698847,1.3216282914353208,42714.247509082445,0.05515195008026688,0.07910748233829068,1962.8855179568288
2004-02-15 14:12:39,0.07909664714666323,0.5847783239420155,9024.78280623383,0.09322243932315533,0.20442179427340035,17639.288633128945,0.10026775238315035,1.7482914167519752,53328.96881675733,0.05562966930893869,0.18450966868160545,1864.4884424360182
2004-02-15 14:22:39,0.07852285259022529,0.39721974753291445,2071.893469450302,0.0925244082028156,0.1695574054154112,8101.748511407026,0.09794838653995915,1.3088246263425942,15903.16797243808,0.05593204014904494,0.14507678942576563,777.2385368919229
2004-02-15 14:32:39,0.07765788699230347,0.48903230800688613,5661.954342923891,0.09294906041499962,0.17912803895302565,20305.653488225977,0.09614868704008002,0.933464270464011,42729.40471595739,0.05557268827077402,0.11578821929904004,2884.8164429851277
2004-02-15 14:42:39,0.07734418592048871,0.4460425802924233,3834.3634943833285,0.09336764790751265,0.14826863101950583,13062.919980493629,0.09807343639223239,1.2486175947363725,48298.74004639724,0.05513228011380334,0.160337471431363,355.7698843261777
2004-02-15 14:52:39,0.07948663378941062,0.4256197320515729,4714.084057496249,0.09438923164631255,0.2317270873478683,4115.920397921262,0.09949737649650617,1.450463067295762,68499.70355194598,0.05631866338704359,0.07559367569129627,700.3619724733305
2004-02-15 15:02:39,0.07879434639260294,0.439388905842216,9016.902121085346,0.09277074897420186,0.23370619543293047,24327.65289905117,0.1009284131455465,1.4946714277025022,142690.85106935797,0.056138648900651546,0.13894281145447707,2129.9380385482837
2004-02-15 15:12:39,0.07817851729475464,0.3073003909672294,3084.2302876215726,0.09412848158194137,0.26051323500566825,7137.09481066283,0.09901396163980802,1.4747124129758218,15166.852981424065,0.0557816662274387,0.11816459043674676,504.6927090906641
2004-02-15 15:22:39,0.07934480601896698,0.3604415941491075,13976.858348449094,0.09453038997542668,0.17894589733363775,32861.738430258694,0.10368312250592246,1.5894168360151708,211334.48950271576,0.05673549167518512,0.10964372452484561,3610.4956981387268
2004-02-15 15:32:39,0.0779101486313922,0.3972290693037701,2209.6856659034265,0.0944202693062214,0.09984745696187414,12561.752324322622,0.101081249468636,1.2150442138380804,55244.10904314727,0.055704752342989106,0.266619248884572,2517.3385239926747
2004-02-15 15:42:39,0.07741225186158357,0.44607896359149146,3318.4026974032863,0.09235136072698116,0.14146063213273363,4162.807545458485,0.09883286722812026,1.2869179236684225,36569.885419719954,0.05555574647862159,0.12578731719736957,2565.4915610564776
2004-02-15 15:52:39,0.07717606759971805,0.280075909188402,2397.970379834276,0.09291515734713982,0.12956719086363977,3835.987977136885,0.09807929742807284,0.8550665562019057,8405.61812096412,0.05437099617083887,0.044500928748259394,946.7202261970397
2004-02-15 16:02:39,0.07613608261640387,0.41735303968953685,3242.3458880581265,0.09190309041236724,0.21801685546591942,4723.65504628848,0.09696808985031494,1.2311310271812328,13733.702911169672,0.055018815584846746,0.1438112056491221,1020.5100232070358
2004-02-15 16:12:39,0.0773241989178113,0.30207416938145837,15362.392327697247,0.09339404141944095,0.141857793618279,46324.475659548945,0.10095051701088818,1.293623764417645,191868.61415496483,0.05476358457325908,0.14029223972158045,4886.9910167674925
2004-02-15 16:22:39,0.07663857285733715,0.37399640255617905,1819.505612501713,0.09126526493680044,0.122106631568212,8805.898431670643,0.09948860988120073,1.7525901169932414,61678.14027976826,0.05493931399877732,0.10005850109437686,3128.8657044710817
2004-02-15 16:32:39,0.07806556426631879,0.33869269784374456,2768.9229065949758,0.09342273738939641,0.25685768027514033,9577.115001428649,0.10092476893396883,1.3721766399560051,72300.68362142492,0.05604512080820461,0.20160272210224672,2933.564571046071
2004-02-15 16:42:39,0.07578872289185327,0.4080605046318513,4982.488123394377,0.09186564232744675,0.11941371128686429,35678.519795791435,0.09878798962693416,2.178945672277532,36516.89146203882,0.053895436868387804,0.09595179684728317,2316.9458752277233
2004-02-15 16:52:39,0.07693434701094173,0.46816235514344706,13070.224844227421,0.09314724592723139,0.07358056491993814,36632.7858050546,0.10061411164886676,1.7573328281635172,108844.3566952122,0.05523404481867366,0.17049511505114845,1722.3808203091457
2004-02-15 17:02:39,0.07732904689791945,0.41129213012603616,6492.818458554361,0.09357055534795655,0.14270630666118622,23315.299878207923,0.09773093718973729,0.9554695934615518,31675.96069327418,0.05607761649950562,0.15764380606107276,1483.735417059134
2004-02-15 17:12:39,0.07843469958895345,0.3733421371332839,3941.653365208615,0.09317686186972936,0.15468390944211796,14985.0358716082,0.09916209849203349,2.540314977997876,34502.31662366427,0.05460017715816612,0.0607041059558604,699.0756788487297
2004-02-15 17:22:39,0.07572220509038284,0.2559677197295893,3815.8299661745737,0.09108039165561721,0.21360120840349772,7031.7845221074795,0.0990599435297102,1.8562423781875665,58979.10855015726,0.05606501353061016,0.11906259183746393,2214.6304501813297
2004-02-15 17:32:39,0.0784842490169206,0.3059077768184095,1444.5158562637853,0.09381010208877426,0.13177654470521993,3014.315841913898,0.09848630461777731,1.4957087567178204,22748.887773052735,0.05474851997500138,0.1119824995417189,1215.882029369433
2004-02-15 17:42:39,0.07769689014549584,0.3221271672472339,9219.274860951522,0.09241826678290525,0.19769278561866033,26215.90745761476,0.10042233983477294,1.964232956863527,51454.19596627224,0.05492633472291547,0.18161644711439173,1024.0124446844395
2004-02-15 17:52:39,0.07684735275206298,0.3543989446650708,3991.981847480439,0.0932031043063682,0.21205726781286538,19310.285129641725,0.09994857662193095,1.8692045454541155,50212.14843405036,0.05471727403777531,-0.03181069799816161,544.1936059605401
2004-02-15 18:02:39,0.07749397185477155,0.30961601911305836,2637.1620065401435,0.09169993285464759,0.14296552859085,8009.331709109912,0.09803910551885661,1.0412363523932733,66864.09254205247,0.05593840868675341,0.26970627562436533,1712.4230371889423
2004-02-15 18:12:39,0.0768944284392569,0.34906668202127555,3685.902577080573,0.0930198908710188,0.20929508254771978,17634.668721514616,0.10000683277437847,1.2643446869082338,55591.98081574103,0.054310091017490715,0.09261526982772184,472.8126921738704
2004-02-15 18:22:39,0.07756135172397398,0.41122231497140227,8526.878669409705,0.09334155713862127,0.3104059847443277,16240.093132403717,0.10242379384167467,2.542129054108285,127895.8455865216,0.054546562141039194,0.1222239887696035,1885.7639065347623
2004-02-15 18:32:39,0.0757864766238839,0.4064597916663981,1093.8209803144223,0.09152398454008517,0.10792305984119821,3061.73351112509,0.09925786236962542,1.9044483654548099,31491.819677683696,0.0545453876730769,0.03321044068345769,1702.6438355428875
2004-02-15 18:42:39,0.07666461430110699,0.3700231720140432,3367.6791402878644,0.09237841195914634,0.14830631763969837,2977.732347749546,0.09938784532742485,1.313896542880621,48609.46749114546,0.054769693589954475,-0.01174623746220238,1961.8059171618395
2004-02-15 18:52:39,0.07681094129826167,0.532578800373201,6702.174547216509,0.09369073230748333,0.19370053281855926,41574.95278481835,0.09808726259807832,2.199784682839394,77405.39729461486,0.05534738968480695,0.1997445595295817,2699.4349494541852
2004-02-15 19:02:39,0.07548862542369794,0.4047138169573614,3056.366918936492,0.09251451321954843,0.2819338766177917,12735.487691964461,0.09890647684610637,1.6636273905289025,31521.383729663456,0.05590771073063737,0.16904691103660818,896.3998245611235
2004-02-15 19:12:39,0.07672604153231645,0.3695643133022122,3003.50354657213,0.09145214526213628,0.1857709045494058,7373.376721914331,0.10025409879985893,2.3779667073667046,13942.656139614126,0.05494174827146475,0.11549575974657111,516.5681388192231
2004-02-15 19:22:39,0.07659261588817652,0.43309883912666924,8554.090703648666,0.09314412293171669,0.18341458859708437,20212.592750656786,0.09922315541400858,1.7313525705314472,45977.59878541137,0.055003148436163406,0.2181566136518005,848.5345589410554
2004-02-15 19:32:39,0.0761245009733233,0.26809421544900447,1646.1838342925873,0.09147689177336331,0.18123277301964613,6150.952701791758,0.0987630049783002,1.8003903400201082,59110.501119137094,0.055337270671678644,0.08563890592102119,1806.2915757406738
2004-02-15 19:42:39,0.0758757143191252,0.3259681516945001,2276.3372276536147,0.09218072697576891,0.29149415355869257,4014.9620186693546,0.09887385848938093,1.2885650506973771,33189.685560504695,0.05586640252996988,0.17175705466639446,1835.3055139645446
2004-02-15 19:52:39,0.07866708215291275,0.49377479186991025,1620.3507677990488,0.0936504674766429,0.17529061294485881,3434.854088986491,0.10045953058399312,2.2134318909436717,36436.81687557053,0.05573660415713134,0.24360978167434189,910.8180947351034
2004-02-15 20:02:39,0.07488942304220102,0.29257708015378325,782.0401642521467,0.09194637294666318,0.12417985261512365,2158.6344978826605,0.09784829042682924,1.7085205361754578,27833.410124985076,0.054709724501939554,0.07433328764404123,1588.2635676145999
2004-02-15 20:12:39,0.07551084326884368,0.48153185523704733,2683.8860886215607,0.09201408344777649,0.12397439241100461,10194.847766870296,0.09797741762893313,1.4417735958423865,49804.20926497585,0.054008376086492366,0.17595597142005115,1454.7620767841815
2004-02-15 20:22:39,0.07746565172555915,0.4419314838847854,726.3500957439251,0.09217530321858182,0.22510383637752973,5861.914403002064,0.09904450521695726,1.7722427872780564,5694.8529456576725,0.055693600605792225,0.1320767195381305,656.9722554204716
2004-02-15 20:32:39,0.07787997670444165,0.521811344975156,2465.8360024699477,0.0920068691177118,0.2284831042619735,5875.195722002092,0.09853542648934696,1.9564255388837344,22009.22609404333,0.056080027047013356,0.21616682619457572,779.3541367051915
2004-02-15 20:42:39,0.07812252964844313,0.4536244074601785,1187.4814770760065,0.09262492856989486,0.24370653947162646,3789.201708705474,0.0980529470231358,1.6769416502505088,18330.354992474735,0.05555871445554806,0.1464604625948973,2860.0935613776164
2004-02-15 20:52:39,0.07611407711044653,0.4236777373486098,2255.395108087486,0.09230431555415962,0.22110773553226348,10565.899443196591,0.09582488708250586,1.7354398326382299,19952.18688124375,0.05450268682453875,0.22486259462368485,1549.1526140422675
2004-02-15 21:02:39,0.077470789606067,0.29830253571617904,889.6383095643472,0.091721704860835,0.09993211454596151,5533.147783411252,0.09748541732893631,2.3803457640821817,6468.58187138598,0.054843531427627136,0.17360671949208006,783.3438178262684
2004-02-15 21:12:39,0.07693442285428465,0.3992394228624758,11045.270914009681,0.09185301900106155,0.14464925198802536,18600.749519331417,0.09973017797255503,1.5627694128802103,49662.698108143784,0.0560988681509039,0.1990257947915035,1041.3187432331458
2004-02-15 21:22:39,0.07845103780085545,0.42221413329817814,3412.9399766587653,0.09336539311147024,0.1835669638262889,9163.814966839062,0.09983659060794668,1.317258751139728,92107.34985982887,0.05647240623539629,0.09353129567488061,1098.7319174189197
2004-02-15 21:32:39,0.07712598352036994,0.47643644736944246,3929.404233103367,0.09329416472574799,0.09321172243452835,21099.83033179759,0.09867469364541055,0.9472235555081192,50267.25561431328,0.054627688274096635,0.06793219412311569,3395.9824977480775
2004-02-15 21:42:39,0.07664916109445931,0.36493871305970593,9128.5705567053,0.09175464161453904,0.08256233771311816,12929.82591565027,0.10026710104882047,1.1279737055499819,84908.41402514807,0.0541728056417032,0.14743494367123677,1467.5271897195996
2004-02-15 21:52:39,0.07609715052720026,0.4046983336170258,949.7048288124637,0.09097526170441886,0.22141653338927503,5085.121825914062,0.09769822223025927,2.1162770492780822,7323.604126919017,0.05536178506961052,0.1478021154586564,652.1882034562132
2004-02-15 22:02:39,0.07746998977930906,0.4164259373181851,2907.9972445885664,0.09242665588860176,0.14491202925303215,18589.62576916545,0.09777709897508913,1.6722173955776913,35274.198101156755,0.05492334279688715,0.04412977604103974,1416.2795137449887
2004-02-15 22:12:39,0.07800517279271853,0.5485896012354474,4314.231682433729,0.09218471500030523,0.16840468050521995,7047.2520942548035,0.09988879216799676,1.551875856610648,31538.13580488782,0.05516254124885156,0.14761253259897256,1917.5236136063681
2004-02-15 22:22:39,0.07763653012948786,0.37794366180997097,9748.327029301092,0.09378911033162045,0.07664734567438058,31653.51187274495,0.09991370812989389,1.7611751224031407,80484.87680449865,0.05510428722615986,0.11737544548996981,2035.2436584532309
2004-02-15 22:32:39,0.0791884014846082,0.3224069468935795,5087.778642006095,0.09391152127468173,0.221932647612467,30759.320562363955,0.10013236649711471,1.87083602381965,51336.11365207069,0.056301456932608546,0.18007713659528024,3047.1299528124955
2004-02-15 22:42:39,0.07754853035710525,0.2677201212044107,4042.4270136766263,0.09343051552072669,0.08494396205026744,6975.2181347683645,0.0993458614906152,0.9054034323123576,92315.46439133526,0.05545708019847984,0.08871633217315811,2896.4292785613256
2004-02-15 22:52:39,0.07856042875899338,0.3885134945276123,3411.5339743357526,0.09291271131458885,0.1669422709341366,11334.258006172211,0.0984372361107574,1.377376549700779,59619.64444363282,0.055709211623982124,0.09911456891856929,868.3196935773725
2004-02-15 23:02:39,0.0789819683115037,0.4070034550620174,7714.562456849566,0.0940320977134437,0.17875891084395423,37848.04374994479,0.10033628660736976,1.6491722736048189,59647.48269044426,0.05542731374850309,0.11642061019907901,1904.65751113198
2004-02-15 23:12:39,0.0790762796786274,0.3474743632273807,10572.068678010846,0.09335233943155227,0.20756383670963263,21190.59258291694,0.09911963479529738,1.027964660119797,38301.937942023695,0.05538307776509333,0.31828470769416706,1374.3063737844839
2004-02-15 23:22:39,0.07822047728316575,0.545918411380272,3058.7813507077312,0.09353178014174848,0.09523401377016372,18859.81625707511,0.09840601207695912,1.447449848286639,45962.03419575089,0.05526893676463977,0.03833948077185578,1444.525337664669
2004-02-15 23:32:39,0.0778155094799552,0.43269991308322275,2195.166804560324,0.09283142615321939,0.13670270622924852,14531.997507698257,0.0986023998285697,1.3241064050174147,22930.372147652142,0.05505578004184143,0.11637561101918203,1757.0860983224313
2004-02-15 23:42:39,0.077529087283419,0.30299900081291,8366.039400652848,0.09196958991291632,0.053420771645599,22017.02014423824,0.1020652417535899,1.2709424884420022,179221.67742741425,0.054667947397503865,0.1460577981878317,2980.5047191518856
2004-02-15 23:52:39,0.08153544630347129,0.5666889213621578,15477.752476998405,0.09374747574726679,0.17405964614203784,34686.899531758885,0.10047335623188866,1.3488460736869783,97014.12946240339,0.0559614085602469,0.17518885201802936,1381.6032590609948
2004-02-16 00:02:39,0.07680178169726923,0.3561730038030797,5055.748982279909,0.092942016114215,0.24894003277124988,34847.41351995839,0.09915234022586468,1.0801917275828918,44295.894751664666,0.055627657503231925,0.09074411967391516,3966.08655218529
2004-02-16 00:12:39,0.07831487270697295,0.38899196237205436,8149.032622919339,0.09129114253353457,0.14402135686401119,18311.521593725396,0.09895877801435177,1.9026449767325033,51650.70445641149,0.05561291345162672,0.07273194036230723,759.2345308696885
2004-02-16 00:22:39,0.07714297013854778,0.35279620493135777,4726.033968391152,0.09269065576429819,0.2273541581982923,11167.005199274863,0.09995281748233138,1.9077749992110533,87357.94506918726,0.05609026364513943,0.14408391764233386,2699.6292869963913
2004-02-16 00:32:39,0.07835456303769503,0.44221756979937377,1364.450073236319,0.09190654672044928,0.15422881774785768,4466.987790696811,0.09869106429598883,1.0410534543837784,11035.630174976242,0.05503741802458124,0.15833503429849793,783.6718325911511
2004-02-16 00:42:39,0.07742108696622162,0.28391523619049597,3077.856154563055,0.09365008973108688,0.24764310640818588,12759.640639224659,0.10123373205537459,2.7835504465928738,27025.11716092631,0.05499906471150782,0.09491692448448052,2087.186877320018
2004-02-16 00:52:39,0.0755716893063095,0.3718072446196725,15135.706349553742,0.09178688562668894,0.0614647912692714,52914.747062468865,0.09981447732073989,1.668858201748849,128367.71615590759,0.05405897387344676,0.06097086548905395,2062.3481011952144
2004-02-16 01:02:39,0.07788295128949917,0.33128732679968653,1525.680014381079,0.09257087207875853,0.20745817529015964,7652.743745671377,0.09898054895920524,1.7788890337928391,8572.109368113006,0.05501141305589459,0.1352599426178469,1503.2124690729104
2004-02-16 01:12:39,0.0790382315149803,0.4731143985341131,5654.498249446969,0.0928039226886787,0.1731689182323728,6915.325022911243,0.10031674226816217,1.1841613961448578,94967.6894842714,0.05549845551412332,0.12320201736726144,1047.8799923562724
2004-02-16 01:22:39,0.07650243562299176,0.4433637639149004,4907.277368764164,0.0917439528299243,0.0690577399583936,13288.815822255285,0.09898859427668927,1.6679211123410305,38546.14275877457,0.05432284945265896,0.05019523438248319,386.7446731248156
2004-02-16 01:32:39,0.07822062241816012,0.32019748710613216,1403.3221324847066,0.09221435519856712,0.1869307523144048,5177.043830823766,0.0999469300096775,1.8918873781800318,49449.8676731499,0.05555131750870653,0.09041978201163836,893.4941937364213
2004-02-16 01:42:39,0.0796214999353386,0.37007201037201254,8160.48793574079,0.09341923577765582,0.21623906625156764,16528.922912031954,0.10255333168573194,1.8039115265374983,163903.24317794913,0.056601823347397565,0.1778142482792111,3504.711073510604
2004-02-16 01:52:39,0.07955654282244407,0.3755785190178629,4587.875911057522,0.0928768035343897,0.1046672839799676,14621.141439996785,0.09921035249896429,1.8780385265443948,28752.957736228593,0.055606077803346955,0.10079533260991269,1306.3596313229764
2004-02-16 02:02:39,0.080108293097824,0.5260048179163546,5263.044146421138,0.09402939461030924,0.26473318765325127,15257.153910281993,0.09975540643634936,1.8750917723132412,28573.37304587705,0.05683053894034439,0.14806704856447261,667.5208878863434
2004-02-16 02:12:39,0.07790080048880675,0.3387606415850897,4412.973426905303,0.0925941789877845,0.1667782639722062,13568.3256242442,0.09936835546772109,1.7398713224472226,78553.63253652182,0.055209401178745135,0.16326690193261806,3038.9577736878696
2004-02-16 02:22:39,0.07848352017750684,0.2777135623768947,3889.436698205225,0.09201563800093301,0.11646974394962584,6579.980207355123,0.09977380986393987,2.0187072430823587,81839.2479794876,0.05600597589487662,0.1753126106419538,3820.9465497551037
2004-02-16 02:32:39,0.07816136965938641,0.37018849360160333,2728.6210681549123,0.09295412253625104,0.15218113607583916,5884.139296718643,0.09971210927629665,1.4548836534268341,65470.14506578371,0.05535530873437637,0.08925333455996887,524.0924568173472
2004-02-16 02:42:39,0.0778284258300751,0.458982255928821,5260.336131269308,0.09093022280805142,0.1875220017560717,24605.27705349806,0.09940935112853758,2.148852572255282,71823.3087292768,0.05485581998592424,0.13241421240847684,3335.5104483714827
2004-02-16 02:52:39,0.07946396957701962,0.33043739316895504,3658.5377636498843,0.09381133462384089,0.16700219312617826,17073.033850989465,0.09983015287891793,1.3273999136932195,35234.79207860181,0.05643000235704076,0.1127331782603882,1233.0630793188504
2004-02-16 03:02:39,0.07711978716429153,0.39377059294869765,2039.9442378001302,0.09198609275192433,0.14702352849743505,10131.179951751084,0.09901232266269941,1.8171464760694853,79895.26260496202,0.055666336028131716,0.21885479768272997,2099.64341267989
2004-02-16 03:12:39,0.08226511158434281,0.5003740741636844,7619.593869911179,0.09309538119584666,0.13053531876469915,11315.73568520105,0.10044532726578798,1.6170526870390542,26630.261698637045,0.05635701928816742,0.1082467389684969,1030.5452249507475
2004-02-16 03:22:39,0.08432588993239636,0.4508448020711775,10871.833958545207,0.09414325852125578,0.2608110799337586,49559.4533816872,0.10005776334627602,1.6765346531826628,102893.91913427622,0.05645067589138105,0.146723231462774,1690.2398595957375
2004-02-16 03:32:39,0.0842800498732685,0.37837651204512657,806.4090327224776,0.09284881470744862,0.11255362363539634,4217.844974369939,0.0986299104152266,2.263792354384579,13647.583700528823,0.055576856799559565,0.09754992204311153,901.7384898286666
2004-02-16 03:42:39,0.08309850817281184,0.2911308678170452,1901.9696806943286,0.09226838744806168,0.3780360303755401,8862.958426603405,0.09790122074538958,1.1078934866460726,27839.364750095174,0.056721935172272635,0.2932817766567024,1115.7500624874322
2004-02-16 03:52:39,0.0826680884126207,0.20897921343268377,7628.702598885222,0.09346711199877006,0.09547209435684234,30164.737834531286,0.09789384297384336,1.4981022004255022,65682.65026084882,0.055905736005882035,0.0752258902877232,2289.085548358122
2004-02-16 04:02:39,0.08427124871137842,0.39805576986482194,5340.556467555881,0.0917120504367474,0.1578116554512965,9328.883713974636,0.10069185521695015,3.300239014685106,100827.14081294018,0.055940463870501424,0.11999025674962738,2428.463015635723
2004-02-16 04:12:39,0.08598723191692109,0.47031290657213587,15752.527501010476,0.09521701646559493,0.2367480294414528,54718.362973012714,0.10269132938500394,1.5958101677892378,143660.033826557,0.05772255545454589,0.107128351933373,3595.5148657634904
2004-02-16 04:22:39,0.08444288039158852,0.4865130026451254,3125.260119307794,0.0937404062799562,0.2251067640293556,19387.707037495737,0.10091138473115595,1.711095870437382,30269.329558508656,0.05734556110900172,0.11806718801610527,1209.7020776657505
2004-02-16 04:32:39,0.08268255902187746,0.26595855893303977,6683.1254434809825,0.09306176754245,0.1861819855521598,8663.836296203812,0.10163316820264066,1.7407521541042463,90230.5486966175,0.05573651479982625,0.0930287768278033,1443.581519201631
2004-02-16 04:42:39,0.0836379520986137,0.3818054415969727,6630.929923217901,0.09343127200188717,0.15846898666997733,20445.73532852047,0.09906503299206411,1.5455891976813954,112044.58235182396,0.05596298825730717,0.10727179610252335,2763.0828708937834
2004-02-16 04:52:39,0.0838157123265829,0.38767370740609763,9040.967067849877,0.09345073145237749,0.22433417482361717,27665.179837134456,0.0992093588075238,1.4229636836643174,54680.01240135736,0.05597826639503719,0.09902074440089725,713.4765359549885
2004-02-16 05:02:39,0.08551655227434408,0.3946015078150089,3782.46425425769,0.09238883020834081,0.06194936659809436,6301.014644092329,0.09991826860184591,1.3930930387347908,68531.01194591197,0.05613321687832771,0.08294381378913407,1925.8134171925258
2004-02-16 05:12:39,0.08430120065361243,0.3658697395741912,5877.747250413356,0.09255914045852995,0.21004918295581954,18050.11061137626,0.09755535638084538,1.1268771129447819,68075.63003862524,0.055406098861186984,0.08247504297642871,1094.6010427775893
2004-02-16 05:22:39,0.08697885681706287,0.4364173780138687,6765.693969443556,0.09305298442369407,0.14997575162030286,17892.17807393124,0.09824955818523434,2.0000726971706984,35992.52818779811,0.055988141357400406,0.02639929641061034,728.7374136685653
2004-02-16 05:32:39,0.0847858305411162,0.4287637975372536,2025.6018293455516,0.09183066585518287,0.15063800199821697,5085.155878987024,0.09906807875655824,1.3495865018807844,40078.33574179214,0.05609140924781843,0.11128757403008871,2805.7567980084664
2004-02-16 05:42:39,0.085168471600044,0.3289489991173604,4265.350937385815,0.09335742257372669,0.13283996653871233,5005.429573254345,0.10046058335782124,1.438257796789748,13543.889401401979,0.05604524974992305,0.07866525144336034,741.3564711057982
2004-02-16 05:52:39,0.08699169910336632,0.4340085155916307,2687.3873344313965,0.09299110104223347,0.17469761333272693,13330.715590139658,0.0986342040124615,1.2732677311286738,34728.61753452305,0.05580558424048506,0.10883530587252954,1384.0966866776994
2004-02-16 06:02:39,0.08695528664204379,0.31669418796819127,8977.744060486999,0.09461645927234001,0.14553749861080112,20668.767722822104,0.09924657951245411,1.4177046068194663,64622.93282566218,0.055955996418223575,0.08727154397023185,2343.1442407113573
2004-02-16 06:12:39,0.08790080163305894,0.430147194240349,6530.241194635874,0.09379703585693354,0.16919941312570996,14059.009010022572,0.10187933824160261,1.6963702299077017,42832.24070405139,0.057546748998640235,0.1690546666138366,769.1968279260055
2004-02-16 06:22:39,0.08565032244174565,0.4363586459691815,4857.506713893575,0.09396673644749907,0.1621465692437174,22209.859665117165,0.10031081603921445,2.1114523013217807,37846.567649986886,0.05665480469061075,0.1949644075427579,1350.653239246514
2004-02-16 06:32:39,0.08544638075644281,0.4780069177953763,3002.0082833466104,0.09204713360386352,0.09438012103255611,7914.861020510873,0.09866735045050047,1.1720999699233419,34221.01350090555,0.057371240004792476,0.21184117118313983,1297.1360155825969
2004-02-16 06:42:39,0.08661301154867697,0.4862233238389191,1866.9961201265123,0.09297210183033403,0.17342844138516078,6420.716786488975,0.09964210271171771,1.6394091864249383,12200.895534700134,0.05561270448728982,0.09634818897434716,1928.7198265244513
2004-02-16 06:52:39,0.08760435629686174,0.4443845022745201,9838.63916339519,0.09304581968335211,0.09993739210107933,19408.16833642304,0.10292608230166322,2.0938357017424982,173555.61020454456,0.05591850279717908,0.19727089091624883,3074.247759306189
2004-02-16 07:02:39,0.08819957754159384,0.4654821554251858,3236.153270087963,0.09193883278903085,0.12940076551308666,7197.135783249775,0.09908280967871332,1.485866546615985,74524.9162342546,0.05626581722058251,0.16194321763518538,2803.1375957056466
2004-02-16 07:12:39,0.08605389220297506,0.4927349634179672,4355.802388114598,0.0912818164780437,0.10517672935976696,20944.108059517886,0.09842002027344335,1.7503415936621574,22912.924286474004,0.05470005302356891,0.008671498687290224,1061.2691958754933
2004-02-16 07:22:39,0.08917826412847893,0.4000941939036653,2117.4085874569637,0.09305815685172701,0.19112026379576186,12871.26474974451,0.10019771786830091,2.13433130985808,61901.05259114155,0.056611615847175084,0.11811451528329187,2345.968703097223
2004-02-16 07:32:39,0.08561711642539709,0.40487944030252443,1693.5802954298827,0.09239715857162153,0.30628234333385285,13024.97841724204,0.09603662250062799,1.4482003748924184,11452.013657555826,0.05588000536864684,0.1346965855250315,1322.3750881588362
2004-02-16 07:42:39,0.08827365730623576,0.3659394532713698,1846.8789905232438,0.0935309660035782,0.15572621599854752,3579.225669162218,0.09894025481793292,2.069027350409196,10441.389529883378,0.055907535619650596,0.12902697179338762,1462.394900177995
2004-02-16 07:52:39,0.08883351291927008,0.3770945051934542,7095.204347258381,0.09272338261514057,0.21411987326961102,26981.714429546657,0.09970987895357962,1.7728420634002866,42935.120933736645,0.0565452775057575,0.20667327581843065,2418.143760074285
2004-02-16 08:02:39,0.08730537730432188,0.37620336380365016,6584.78561190837,0.0930680847992647,0.11551734677915215,18206.366524029414,0.09936554642533925,1.8246169771681258,29899.66208888822,0.055904494015882794,0.12763104309770146,2120.878737816766
2004-02-16 08:12:39,0.08747885570417858,0.4396049452472912,4015.1053925963647,0.09276633137258433,0.113280305095528,15493.53926788908,0.09943073810290005,1.4891968500856523,95901.60942636902,0.05652043929936983,0.18845157979004679,1098.2986988592133
2004-02-16 08:22:39,0.08891707562606085,0.4402469914533116,1556.4103200902916,0.09365815944208025,0.10799424347494657,8319.60877427779,0.09817416065499363,1.5754641873228845,14326.195702879586,0.05581695373467411,0.0368330168373423,2126.5510454341957
2004-02-16 08:32:39,0.08606533531776527,0.32130361436320864,3494.64193680279,0.0926375858626137,0.25564545898443747,6521.8411172748065,0.09962304930649835,1.3681233431968076,61576.612885947216,0.0555271123423335,0.11986421294731198,1381.1457392965985
2004-02-16 08:42:39,0.08849752380010414,0.5412085936380691,6586.550833458691,0.09320813953400543,0.22553770554086894,13116.082197698892,0.0990893528766619,1.544070072550559,30667.58771662607,0.05566831266668903,0.03741396753332493,943.0496384141734
2004-02-16 08:52:39,0.08784936420382122,0.5760381353265771,11352.586611413617,0.09390425174662619,0.20045170107119725,26542.81911451442,0.10005354913901106,1.6539106795948317,61074.12667456352,0.056636509333230674,0.04711901329999435,2157.893163047403
2004-02-16 09:02:39,0.08692632195841919,0.4667661948985651,2055.5757916173316,0.09169913919392184,0.06322262158071057,6813.474949215873,0.09877137550495399,1.3055347216634363,72200.38030610932,0.055533251669748505,0.08521907287011166,1441.249808982137
2004-02-16 09:12:39,0.08674333435306428,0.44798583289768334,6043.642908561432,0.0912041563994276,0.13153138541058462,29152.89555209186,0.09858925678152958,1.8058590135114274,68087.20724612995,0.05634834718488867,0.1580522363904091,1970.506801347515
2004-02-16 09:22:39,0.08853620513180258,0.44239483736892193,3780.019544275224,0.0936110316369851,0.10795031618334239,24020.45598716286,0.0993414568487302,1.7251850786935359,42130.04390324551,0.056298044586102186,0.10932163919855498,2140.1944798636086
2004-02-16 09:32:39,0.08814084160583206,0.42207357939809365,6750.41717531486,0.09275428256201301,0.10129492253769534,11859.40778172615,0.1014253304468366,1.504549459644732,94258.0147580876,0.0553787875221359,0.11285379806146167,1502.9590412413675
2004-02-16 09:42:39,0.0899870048126742,0.418621701128957,11242.733053957085,0.09353485913308938,0.0879387870827335,14372.805207404323,0.09964296394463522,1.314747553267721,52449.292477654,0.05578468564349673,0.07408792667363295,924.5894811139458
2004-02-16 09:52:39,0.08840501059576601,0.5602555996498157,3851.3586713102804,0.09265233945162624,0.06634486792066907,21668.190143159904,0.09737317221888557,1.5694750204566654,23786.595598104646,0.0556516167007415,0.2150777845716889,1924.6176858631186
2004-02-16 10:02:39,0.08764679009783032,0.4137279539953309,15933.7081872675,0.09269172592355533,0.11676953260960676,37838.653207027164,0.10235076454969083,1.8590439329202892,192483.4366088464,0.05574198460457118,0.11432376573957193,3099.4352442203453
2004-02-16 10:12:39,0.08951969957125708,0.49796496157412706,1842.6476143046077,0.0922238985346938,0.09007745829141811,8132.4763903273,0.09940757352349028,1.5877040835069414,21177.918105227684,0.05551092762634669,0.07080997400514821,834.101639063737
2004-02-16 10:22:39,0.08913656021626312,0.4491554236861348,16784.463672557147,0.09488952252158822,0.11517423695139772,54021.70744090207,0.101971905358397,1.2173114891054464,166938.64798469734,0.05570401734909364,0.08770216266433328,2548.3498255639424
2004-02-16 10:32:39,0.08819533236169941,0.5134914074370189,8782.084723397635,0.09316046697726389,0.09733338501993272,30121.297917093667,0.09890342314285688,1.466492187332432,105953.45240784466,0.05573558486211367,0.12655431802226902,3427.1883012549056
2004-02-16 10:42:39,0.08845663938213598,0.48489349535248216,4342.172110191243,0.09288572106483524,0.1485994122137848,22078.726204337916,0.09786359637829457,1.3646989962390217,32577.656011414892,0.05611601055514371,0.029881454150052278,686.6122460931888
2004-02-16 10:52:39,0.090150743170207,0.6217770021628457,1199.4887321789427,0.0927448754059355,0.14148695124189414,2723.00655331234,0.09785003223603839,1.753627274239574,20060.687259720584,0.05520490019789344,0.03579720771200012,796.4551464740426
2004-02-16 11:02:39,0.09071041798845723,0.4888141347703794,5912.799110842196,0.0950661660515158,0.33858184557778115,36248.45995371165,0.09794839501460706,1.1704135021263173,48726.9100327066,0.0574746878729563,0.12144045606344145,2813.837702385022
2004-02-16 11:12:39,0.08991441460146977,0.4496169147110769,8283.210969615298,0.09263150491665889,0.20208397937117617,15414.710991191887,0.0988358376437129,1.3356225085933815,40360.84641164616,0.055543177180010145,0.1708258520956618,951.4356302445185
2004-02-16 11:22:39,0.09103706078046937,0.36341261581366435,6415.888777192232,0.09339420192455739,0.08968086671017472,32158.42735204522,0.09920378848809468,1.319930905020068,69166.49169564778,0.05595032499626342,0.06877670021571092,2219.616792449185
2004-02-16 11:32:39,0.09011333846624067,0.5452279361146344,780.0636357883873,0.09232211252423496,0.20163174740988943,1851.8555254892372,0.0980954707757639,1.4338741260344872,37013.664284991326,0.05583582501825105,0.12366102185271055,1421.2144749084187
2004-02-16 11:42:39,0.09209473537180682,0.6274695337680583,8624.307070867813,0.09345214245637977,0.14421780383838145,32036.148690881986,0.10107643809459564,1.4055184625216857,121070.4327970419,0.05690404864289644,0.07347552236255295,2694.435710652678
2004-02-16 11:52:39,0.0892083709483904,0.587115769874706,3165.078184393601,0.09213045348300623,0.13514505943611654,3670.719977528456,0.09901602172675768,1.3017141187484453,48825.25513149147,0.05573613634376938,0.10319216363893435,2123.103765154857
2004-02-16 12:02:39,0.08972886132503578,0.51467069938347,4798.432488163671,0.09259003562622506,0.12385775604467186,18008.168953520733,0.09739418160921177,1.3548264747662584,64248.33002843482,0.05573562910349627,0.09334066079455816,1914.6525956169
2004-02-16 12:12:39,0.09109389338539316,0.45951746098325197,2334.4147732604974,0.09355993024193103,0.14323677511589006,6210.439841025299,0.09910242097824856,1.992174396109509,7918.140077253523,0.05681175785062565,0.08225973045792179,657.4737158147655
2004-02-16 12:22:39,0.0918239707351109,0.5832556522576771,4507.160070841082,0.09275637981343252,0.1620044491202548,6953.324351276291,0.10030408161716302,2.10104751069524,79213.05306958967,0.057264926666956234,0.06037593877231595,1909.980598317372
2004-02-16 12:32:39,0.08981583914286778,0.5313526949232945,2779.778906656356,0.09300471573225468,0.21617367822971056,19326.143582691882,0.09859257205120411,1.6505647319274894,14567.568639683337,0.05570250613260704,0.07783646967085378,1177.2660568217925
2004-02-16 12:42:39,0.09123699259817464,0.4307299921087786,1782.3753985238156,0.09342941436587301,0.26510933061029185,5163.271567270337,0.10028082662928704,1.4878960516408748,23479.634589253186,0.05711262430906804,0.13326504014213736,1254.4864981649391
2004-02-16 12:52:39,0.090868854030479,0.543120842220695,1454.434116517603,0.09264612850493605,0.20015077422480587,9971.438193023263,0.09726888272656883,1.9500528276692366,19587.601198818913,0.056630612477098025,0.10805513003164435,1140.5323092013064
2004-02-16 13:02:39,0.08962443312887326,0.5000568354441408,1350.820863646296,0.09248093975922822,0.14125959938492905,4821.037744414301,0.09730870381363953,0.9664338477277736,13541.772105464654,0.05524059017366103,0.06479427760246104,1193.8639160103446
2004-02-16 13:12:39,0.08982404539353243,0.44308004759376196,1404.988444324823,0.09325730455849357,0.19473547160253046,6769.993432706487,0.10091752027491312,2.347826808191093,29299.319165914752,0.055504400955155124,0.06471229344357887,660.6967347677273
2004-02-16 13:22:39,0.09140617654911579,0.5828125625920308,2841.65496191926,0.09342513113158112,0.17089116413447059,4775.25496659197,0.09811491862025558,1.3662923675943484,26031.75046454285,0.05701935363938392,0.12392859951421409,669.588629978193
2004-02-16 13:32:39,0.09195853451590287,0.4359665616194075,8422.9643653062,0.09434170433977952,0.27226533641121664,27450.88200681647,0.09913809787953304,1.3767443118034892,84397.88191922057,0.0569017437981089,0.1806758537376667,2224.2825186296527
2004-02-16 13:42:39,0.09039873667146503,0.47912682547507224,1696.9983840630305,0.09209494850976152,0.10093451702889134,6394.246215176297,0.09877371081044603,1.2572929483755075,15762.101844846062,0.05666826523863466,0.159503724875663,1387.4786965565813
2004-02-16 13:52:39,0.09161855206251215,0.47732192161953524,2432.1126396348977,0.0938534416303386,0.174484836859913,9424.130610909848,0.09828857459788688,1.6724239958040474,20131.59857163152,0.055188598870713326,0.062464042138128395,948.3982519104234
2004-02-16 14:02:39,0.09144305642507458,0.5755229887249769,4958.603314502587,0.09443863774339466,0.21302665778101426,14755.626459001343,0.10148283798874567,1.3358812103263995,99795.7926015175,0.05597838109833675,0.12874211977202865,1338.6618935555862
2004-02-16 14:12:39,0.09038385103182842,0.385410349683454,12996.50127074634,0.09463428269362799,0.15029028575722103,29680.0691010868,0.10018066882512813,1.748396879866723,77704.08404379661,0.05610137047819108,0.10153141096687479,1252.729620659143
2004-02-16 14:22:39,0.09101168178153354,0.5069703567366908,1688.3945382872328,0.09362180636450637,0.16945158726480258,11406.113672690492,0.10002334200231713,1.8029287574110109,40598.73369730192,0.05619810062334736,0.06054470079983609,1179.8501213460434
2004-02-16 14:32:39,0.09111499109127158,0.5420037471466377,12257.055096434053,0.09326956611291072,0.20900812894304854,34314.00347931356,0.10058053826528457,1.1486568261352588,137990.41585107386,0.056684813366599786,0.1654686294074974,2124.347863080329
2004-02-16 14:42:39,0.09316506452553379,0.5609820953544635,5017.857253141119,0.09281437603322829,0.034866571565400406,8595.922928334096,0.09740665403348991,2.485914505600973,30038.956841330382,0.05573222898517742,0.05105641543345918,1136.292528620771
2004-02-16 14:52:39,0.09196030611296717,0.39486897540859767,3364.5805309344855,0.09315241705256164,0.22300479431804376,11263.476881193443,0.09806688715090711,1.3899012679431166,24353.9480376116,0.05519782339034076,0.09922804373772331,773.7916745227008
2004-02-16 15:02:39,0.09220456198041396,0.7432975552995371,11231.231753939044,0.09395463837547152,0.12010721699277616,54037.35313492516,0.09865537297677962,1.1541623693432594,126499.06591043672,0.05616380679191337,0.08017831082856519,4411.378347947735
2004-02-16 15:12:39,0.09182987332434706,0.5517784022496657,2390.837901039488,0.0932112307875069,0.1661822793299752,14045.037394011588,0.09840096618674217,1.6645926482878126,17148.21590891219,0.05607215113416374,0.09528870780003906,1615.9581645753133
2004-02-16 15:22:39,0.09341100455237795,0.46252264920486175,9145.305069302001,0.09388151790579909,0.10737785885137496,25657.75887829192,0.10137222681356381,1.6101570165196692,55083.10296990909,0.055662112794801905,0.11966762162604105,490.51136624019296
2004-02-16 15:32:39,0.09314935818183344,0.6215580358289516,2895.9282329503562,0.09361518692314966,0.23236730633218583,7520.187356834935,0.09820358442613296,2.1309458102879564,20001.632904508755,0.05444486711056883,0.09781882601039316,408.2056017969795
2004-02-16 15:42:39,0.09361258209954337,0.5944372850986572,8490.536258685726,0.09468018020387108,0.04486293186626744,22624.66597197657,0.09915316976384946,1.2951554585112905,62651.60580121091,0.0562730920482594,0.06090305627587922,1475.7395948740602
2004-02-16 15:52:39,0.09453647609520888,0.4948223120819719,16174.50275320781,0.09493626151265912,0.19845791835239313,40637.96949075515,0.10178630916962753,1.443353543753731,114876.94250976216,0.05659482242909903,0.08677080626448097,1966.685625287047
2004-02-16 16:02:39,0.09488179632277996,0.45458474965973483,17725.371839346033,0.0935654216832566,0.16265232441951571,41400.66460335554,0.10022210929433809,1.9462027142174438,148664.01092543206,0.055586749928180954,0.08276254986893772,2593.5141529859634
2004-02-16 16:12:39,0.09591115706125188,0.5121334435393043,8547.724122638187,0.09422713763453115,0.13603508231323547,42643.87487941224,0.09819555484943043,1.1746826654010318,70579.94273893724,0.05744529794386461,0.13935865981268192,2328.6230540927822
2004-02-16 16:22:39,0.09453624651051508,0.45030249249972787,1169.245139759222,0.09369124877840113,0.1497165091995898,2719.0275508791033,0.09809212003862428,1.6083886465209387,6326.521861544042,0.056106730740393344,0.19520174692097214,1097.1211192514024
2004-02-16 16:32:39,0.09484404113423192,0.5362435114092148,2406.606159504448,0.0937737287678764,0.14633116697154058,5091.929604610454,0.09859765097274757,1.4562806705242748,43824.73887822029,0.05708606312853975,0.1217424020131892,3064.1602643453098
2004-02-16 16:42:39,0.09559869276613436,0.4700351608607565,2933.786671179924,0.09209459380975832,0.0779550055914684,10829.735632116955,0.10062861721953464,1.602093994721396,102654.84518908529,0.05639069860067238,0.1921006168601651,2591.168229818067
2004-02-16 16:52:39,0.0962706846686077,0.48214773837679425,4794.987341531443,0.094914523892306,0.23356990313979642,25930.182162017587,0.0993006817228613,1.9461005857884262,33929.59539518257,0.057252961594385005,0.17022683957228146,3210.9772763873825
2004-02-16 17:02:39,0.09629343885845754,0.48091499307045593,953.5392767314698,0.09325811139947493,0.14680830994944216,7097.87408485975,0.09841320806418404,1.3974828694628156,10539.600650012486,0.05721967930020887,0.15704481742895693,1212.020313252241
2004-02-16 17:12:39,0.09498840749582946,0.7511586473517373,2893.4314348553225,0.0941080384472582,0.15399316284822673,6609.900761305566,0.09843763343244924,1.857723136871014,29235.34822991744,0.05690344154931449,0.1578094028720649,890.454370912888
2004-02-16 17:22:39,0.09552074356479788,0.6564783060272306,2189.778388846086,0.09441177393016523,0.2627089344475584,7618.185690816564,0.09937945842986115,1.2535287566931324,9386.212279350495,0.057382043157708534,0.06714626401574986,1944.0401102211492
2004-02-16 17:32:39,0.09492288322509818,0.5195036890723932,10605.248007134916,0.0949729903524385,0.1481157096562833,38104.73941613725,0.10088852599644013,1.3640862804838765,102787.12791957794,0.05738178277241502,0.17977559835353718,1633.0573796110193
2004-02-16 17:42:39,0.09428204497096067,0.47955622735407344,8253.199096029815,0.09449111002124419,0.16814585376214186,21927.50155478032,0.09962179334354695,1.6526749274388504,67440.19334436904,0.05695749211651725,0.20131179130871812,2212.0839979130633
2004-02-16 17:52:39,0.09331646084820391,0.6900665599350058,2512.149735700519,0.09301165790297136,0.13774562432716086,21359.981255723782,0.09660399593831509,2.051874929754125,10246.091652556672,0.05568046611371554,0.04931147418752202,1709.761597408836
2004-02-16 18:02:39,0.09846557957645975,0.6142024183200445,10026.790235701443,0.09348963532960486,0.2723032297273442,14811.12705412247,0.1005864151080894,1.2719679643096757,78101.91877416092,0.057890811403208675,0.07205116007266055,1072.0385439492686
2004-02-16 18:12:39,0.09505307008620237,0.5214360964550426,1468.7776672357413,0.09377293026866482,0.15240151857143003,4668.550576909985,0.09887744742546199,1.1978188291220562,11229.038182027067,0.05676091623052014,0.11567350034691115,1191.827047647234
2004-02-16 18:22:39,0.09558984315937742,0.5461967132436896,1257.7311709736705,0.09331405882405261,0.20031477529420716,13111.28373771599,0.10030143947005758,1.4231675876047873,10002.129775440852,0.056712316697824776,0.1224627531250948,1106.4537070394076
2004-02-16 18:32:39,0.09694473044843,0.7066014705423598,11590.045526235932,0.09405298306298888,0.08077170485021634,27263.184919451658,0.1006429790323976,1.213508569555672,153199.45229027086,0.05659320558131294,0.07913044383898304,3830.810901661469
2004-02-16 18:42:39,0.0965114094210498,0.5868126529442286,3996.8870437915243,0.09466585690147544,0.14347059057067124,11970.744622146027,0.09784937004779336,1.2810392077658843,34690.267561461915,0.05627608856815877,0.10422613436732098,1025.8394153195532
2004-02-16 18:52:39,0.09612524026709245,0.5574171385605213,3353.8991404375715,0.09288313678816718,0.07577097474207184,9498.512581328452,0.0967817567895191,0.919337192120683,59311.474223491816,0.056783102267532026,0.1590994539989654,3373.2543964461097
2004-02-16 19:02:39,0.09615338622035434,0.5643935427422329,3385.965272919246,0.09300269837105198,0.14316968529319896,5690.295889725875,0.09839772485103188,1.4441579265993507,19123.18128621591,0.05622769262533143,0.10280419379738959,1490.319093544293
2004-02-16 19:12:39,0.09568015540681293,0.5436207732186147,8096.695425692783,0.0949979006244184,0.06316359366915059,26518.672508993448,0.09943235422339275,1.1577485379099466,48786.60564451841,0.05743181886689098,0.10352277621412131,2400.646054003769
2004-02-16 19:22:39,0.09588543375429867,0.5675984206307501,9458.36431180158,0.09202103057649037,0.11826295012034516,17314.96042431266,0.10063295145213992,2.0626292447505916,134658.79895835108,0.056818024776061384,0.12235933925708897,3429.078763609746
2004-02-16 19:32:39,0.09359121892445693,0.5771797568819839,2406.8314582423777,0.09387507984142743,0.06641802513557726,5097.483079857871,0.09925796862689414,1.766519061067747,11686.752339201666,0.05635890672455863,0.08406543365255015,1613.2684797895588
2004-02-16 19:42:39,0.0978013926401038,0.6771886124561832,10398.501227805851,0.09384173376538688,0.293605936474997,33607.01657653023,0.09832484600444018,1.3466827764639682,57329.20219173868,0.05679119082629584,-0.012066516649287262,1871.0935295679624
2004-02-16 19:52:39,0.09710681060572232,0.6499851458312187,12484.287470855232,0.09287544556378653,0.21196199170264496,22995.367994281853,0.10271488123038391,1.3740827707931489,223539.31266432864,0.05707705138601569,0.08464229926218891,2996.030636507331
2004-02-16 20:02:39,0.09409151883148463,0.5973913543767058,1990.874249885405,0.09203772207718013,0.10004948049197582,1440.6087473024932,0.09918185337581921,1.6305395275342303,60957.97846125167,0.05642001130610707,0.23528827437445088,1453.110971495778
2004-02-16 20:12:39,0.09633701373222937,0.5472246871079176,1192.4047966625242,0.09376858487662926,0.1179868217021629,4052.4804405902664,0.09833825949878308,0.9653432288637505,36033.645999808774,0.05705804036858544,0.09959192548383156,2656.730481268202
2004-02-16 20:22:39,0.09589212714726963,0.6811948931940965,1964.2078513713418,0.09241542533497181,0.2394520618148115,11640.886691464282,0.09960464621128373,1.5750494584585732,62849.7484260823,0.05735825004004437,0.31270397716239184,3836.427645981917
2004-02-16 20:32:39,0.09741922811159702,0.5790203454839511,2931.276730854496,0.09298880482222376,0.10732639771080432,8057.203721549345,0.09764619773263383,1.8205509096108203,22772.57166158462,0.05623282723974494,0.12760317825573164,1174.8658064570077
2004-02-16 20:42:39,0.0976594566973515,0.6133940913684968,8159.220759461826,0.0923204927882855,0.10687831217703536,21795.881722156482,0.09983313812933059,2.0145272324144408,34661.62299348551,0.05687962979095636,0.18395197648519135,1639.3271703566165
2004-02-16 20:52:39,0.09483689122646313,0.6512805700988582,4216.391994549421,0.09425632516698482,0.2102864320436817,20396.141226879274,0.09716006872722006,1.407011104853452,15488.697601854617,0.056869037290460174,0.030714527310490958,1181.8196759615453
2004-02-16 21:02:39,0.09751085676733642,0.5207344685544979,6302.5331322736665,0.0933811182839075,0.114985876422534,6927.860882439248,0.10004060967419368,1.0214688125169946,90726.9731447788,0.05669897038031202,0.14912276246354494,1777.006783067447
2004-02-16 21:12:39,0.09844802225508394,0.5386898269168503,2392.787074325437,0.09381573945106439,0.1838073018899662,7480.135245102796,0.09782801469407613,1.9263947632068792,23016.96693469508,0.05636548908130755,0.1323062341500818,698.8684221150547
2004-02-16 21:22:39,0.09941949426467503,0.6725187096744207,5893.104178157828,0.09297185840391771,0.2582934449040737,12128.216052878544,0.09805663173566462,1.265132194654421,25147.260231017262,0.05699371238964106,0.16185308361238304,288.52618545846
2004-02-16 21:32:39,0.09837946999850884,0.5520838440108813,1401.6859762531142,0.09423890590790382,0.14969123228630732,16203.289578429714,0.09779483990932561,2.002529282017104,12385.242177580041,0.05713950769689699,0.18063149296689973,1719.495404263068
2004-02-16 21:42:39,0.09805131488951334,0.6552368688722146,3209.8562021372486,0.09317831527506816,0.19347625800941382,3734.1557241213623,0.09788177733359961,1.70917260705676,24118.275698970763,0.05660791641786398,0.1934832261475612,1091.838184219329
2004-02-16 21:52:39,0.09792751075811766,0.6111333437801081,3029.9466188143087,0.09407280363002105,0.13426387742937784,10496.597557482433,0.09843695287546364,1.1618136584261185,21861.442937433956,0.05622479860804861,0.12604796327530376,979.6983312743928
2004-02-16 22:02:39,0.09727314629554436,0.5724844892623211,5393.732145662843,0.09372050030667985,0.09976872478077903,15540.885286827837,0.09824424755543897,1.1460013561048275,38165.08604028011,0.05684871301863394,0.14962388403758098,1382.058116759603
2004-02-16 22:12:39,0.09838645353035777,0.5403197851984634,14664.97432344993,0.09345578938895385,0.13085562612766877,32211.763922567163,0.09963149386771485,1.070810562330733,111277.82829207643,0.056535941624001454,0.1323372166418575,2029.0815867189633
2004-02-16 22:22:39,0.10379379699636138,1.0579778032148015,12169.600994309845,0.09351430920126944,0.21107320372461302,19083.33144471534,0.10143504719192535,1.474125626425728,134885.8482183902,0.05683093803183373,0.10415565823468231,2083.2650639992826
2004-02-16 22:32:39,0.10638649114453806,0.8593839482326833,4969.315637195451,0.0926906863178719,0.16052565149392306,7300.320867960352,0.09828064213842228,1.5137345911950089,23830.157898804282,0.05794128855938462,0.13410103877825463,985.272524648391
2004-02-16 22:42:39,0.10502789459271344,0.8594033690020821,1620.0447167489183,0.09364176747175576,0.2848389263936877,2478.586211849096,0.10134688940558315,1.7665340061652328,51962.36805332844,0.05739989587860765,0.11929096069269374,695.7279323634807
2004-02-16 22:52:39,0.10535479352896693,0.8345135768103162,9956.4708062433,0.09498428838003947,0.15184054150520998,33844.06094057353,0.0987690235829597,1.164244553155676,100508.7450011583,0.05805284205534751,0.041171559606673735,2836.3344549333788
2004-02-16 23:02:39,0.1062761847330165,0.8989962838910843,5324.997418365392,0.09357129817308764,0.09717587734604471,15384.005646351772,0.09736498714967434,1.0982601098828129,54620.74706888953,0.05731569434595882,0.19275541326287504,1716.8925771094066
2004-02-16 23:12:39,0.10429216187852698,0.7805928630818695,5343.915315909893,0.09300717981987666,0.1219608394082976,36073.61168159373,0.098088138229493,1.4129885564833797,57241.28433460989,0.05732940045256012,0.03127493129032377,1977.4004878936512
2004-02-16 23:22:39,0.1058579707010176,0.932443746332901,8664.241061200302,0.09351709506989886,0.1615644360699271,22354.78202655945,0.09837245048117829,1.6683315984528768,77785.21496477723,0.05886837102741909,0.126361842094445,557.9963387525356
2004-02-16 23:32:39,0.10620989914212917,0.761813167054199,7224.909348661749,0.09308487731509145,0.10265001764337711,21715.90691634231,0.09889605249563174,1.3815299938346675,44197.06709193526,0.05640300977535463,0.10241999327134321,1300.7583470183993
2004-02-16 23:42:39,0.10301590204535778,1.035295589771101,7039.985274837331,0.09357431350770093,0.1720924482384314,19251.070253355152,0.09952702968878291,1.6824921420275665,40763.5967622073,0.05805726480031375,0.14982655868146688,802.2241536307143
2004-02-16 23:52:39,0.10596938126470778,0.7446224362206095,6529.943820459858,0.09294331479791863,0.125068553737687,25216.12632845784,0.09826283685820329,1.7787757672035207,38066.47954944627,0.05791963131276174,0.09802119598753345,1897.8158675525679
2004-02-17 00:02:39,0.10595938103673266,0.8544294796051406,5832.896754110778,0.09324091019495882,0.274546626197254,6623.5544189334405,0.10033874218662377,1.3671030342176618,79419.77461440963,0.05780084637612908,0.04807811511334492,1429.3644555964606
2004-02-17 00:12:39,0.10464030419355035,0.9503298348422975,6961.138738723796,0.09306068616012753,0.1234867064882823,22234.384432556482,0.10050523467593926,1.4362026064528886,121392.13944780901,0.05703066480864154,0.04586380465608242,3651.3934153340147
2004-02-17 00:22:39,0.10564207193765772,0.8951812464408859,11580.760857825622,0.09403490536888083,0.15659247868165949,20593.47890245628,0.1019866903559755,1.0750359811678916,176462.36771731428,0.057390042196877454,-0.020819380861058612,1906.678442286182
2004-02-17 00:32:39,0.10435954367219488,0.7816348788004697,4745.038626856565,0.09434831757533821,0.25189518136465505,26359.14284089524,0.09859693710181557,1.5339874212514601,47785.71976953442,0.05879731638486998,0.1563361114726498,1339.397382473084
2004-02-17 00:42:39,0.10662787171909487,0.7678642560795548,1200.329059880926,0.09400106538209421,0.23509281624115363,13547.758689746559,0.09754441421291445,1.3484219806451971,5477.530275892206,0.05826460930329512,0.10308800934544893,2192.376821276054
2004-02-17 00:52:39,0.10662177420384168,0.7654697765915426,8195.185534245644,0.09372979235338877,0.14212725928490633,16583.5890483972,0.09999884569646292,1.2153298985240015,113634.37673415523,0.05970491483511847,0.18291372673330386,2119.7788306872762
2004-02-17 01:02:39,0.10470268546579882,0.7869819151709754,5551.546466411054,0.09225857958917695,0.1648527531864885,22932.429255865616,0.09668044071676286,1.2880893119545336,52625.27186980801,0.057859323099490635,0.0758730975785551,1806.6843931706726
2004-02-17 01:12:39,0.10421010318327466,0.8916386740504207,4970.68842354478,0.09308762620425848,0.163804217225322,11994.937010727559,0.09730937770962456,1.2690715925292002,17749.63740836221,0.05779941659388744,0.17107711900334133,1020.0360610307474
2004-02-17 01:22:39,0.10612328036187736,0.8149963220300802,11937.81317690901,0.09329985916764894,0.23492508468283813,52593.817375592065,0.0993147272012691,1.5723532509562945,95482.1148042159,0.057985778748839575,0.03600703003860728,2430.399078119124
2004-02-17 01:32:39,0.10685637013248496,0.9259511693175684,4105.873012963653,0.09286407500094561,0.21957347494825052,13344.479690139919,0.09959141357668906,1.1583167230556386,96901.18850930191,0.0598926085635521,0.19098165076458473,3056.1028933463895
2004-02-17 01:42:39,0.10484058257137954,0.7773012336510248,6380.953982716991,0.09289633261480913,0.0885582151681592,12515.81394656887,0.09727690973693989,1.3063793667742702,16142.4078330839,0.057358568419145106,0.177303850062132,1590.5718606005125
2004-02-17 01:52:39,0.10359935976515493,0.8176352010912522,2860.650458954639,0.09239901344466225,0.2220265038852398,4065.3838378999744,0.09584074645807296,1.3396175207131868,39538.56551785301,0.05810387258837078,0.15635130151115773,1801.535579142187
2004-02-17 02:02:39,0.1061608500070471,0.6430516614183497,4410.4121416990865,0.09284909684620658,0.1286881879827,13841.499440628957,0.0990191777313554,1.729040587640113,54223.01899721491,0.05782372863928787,0.12793629672603712,1939.844444086957
2004-02-17 02:12:39,0.10631852845194717,0.7746946322817005,2477.843394675523,0.09231654738926819,0.2015282091791497,4137.457313998696,0.09781700718449347,1.0981121868621644,40209.83566992908,0.05901016696034252,0.18407062988504252,2159.2183379980647
2004-02-17 02:22:39,0.10491263548297877,0.7594868721250303,3021.8531567901036,0.09455016417183988,0.1606813057511598,21060.73217580622,0.09969235734639466,1.6351820967046367,19094.16850822229,0.05717788810958197,0.046184540528332096,1926.2300107989313
2004-02-17 02:32:39,0.1029637437136551,0.7345061687411092,10673.5085226782,0.09466905941513772,0.19321790555963148,32619.95194357727,0.10092580040554545,1.5576539661030955,68661.03422209593,0.057398407619598864,0.1751304837505332,1799.3915886378604
2004-02-17 02:42:39,0.10200354165305059,0.9054039207769429,14933.45968255449,0.09309714453361338,0.14327116160487385,47279.623215636755,0.1015402610267228,1.3835984825528103,166926.05224141164,0.058017537589669814,0.09415168879150215,3874.1435676630763
2004-02-17 02:52:39,0.10489127136513195,0.7653851180387239,2156.1275379002022,0.09376724685107936,0.15193152206191884,4238.295380767702,0.09757967798003589,1.4101907779089773,12839.477056796313,0.05850800851632941,0.07794237312197971,616.8897917220553
2004-02-17 03:02:39,0.10283863459626931,0.8056773825533741,4265.576122172263,0.09291245065290295,0.12186846538659646,6357.474841125511,0.09875305177246423,1.2571750681576859,68391.03130056227,0.05754872468517982,0.09144880766226837,2338.257169780675
2004-02-17 03:12:39,0.104138791478608,0.767350526474162,1761.6336219747648,0.09333934068511117,0.16399044659273798,1741.7874534033688,0.0986598725875134,1.9111243695235487,31096.07031167124,0.05745047374559891,0.1674088036716923,726.9603682737318
2004-02-17 03:22:39,0.10527105383433104,0.8042036898939058,9882.314978111952,0.09471291454516972,0.12858905862905434,27289.72098160199,0.10002323875487948,1.0988183518384487,106680.91882164957,0.05775944271421124,0.05531970512197404,1290.1431995305763
2004-02-17 03:32:39,0.10531576914436294,0.8374606137177665,3761.184599739918,0.09472708279496288,0.16452330315673747,16901.81475287871,0.09833286328564385,1.3097996294809118,13922.629391807259,0.05823778959334523,0.07341598061523014,1108.5856658521354
2004-02-17 03:42:39,0.10321447893638458,0.7876753191941415,1434.0549575802445,0.09363475103594017,0.03517757188546167,14682.270766710775,0.09798534423854863,1.8906217716180844,13995.50676147283,0.05796454078383827,0.18297062991732993,1102.4125660037969
2004-02-17 03:52:39,0.10400314819265989,0.7657113842738918,1878.723009475546,0.0938261958586027,0.09678011343574378,4890.170948393581,0.10033973393940833,1.5834312297968918,15208.30208312063,0.05752644517551254,0.08632474123221767,617.3871181656353
2004-02-17 04:02:39,0.10480054064895132,0.8513716239181859,1505.1532202162143,0.09305133910366027,0.18420198422949952,10260.052395400162,0.09691920538802862,1.5142759316713805,8121.91791011452,0.0567560307058587,0.06930727829786854,2258.908888104567
2004-02-17 04:12:39,0.10488916094613579,0.8011197732616546,1635.9850377911396,0.09405709001261214,0.13374749702787625,13404.647154049528,0.09779885038546593,1.4728456639479663,10307.486488013477,0.0574512951843505,0.07189803831273389,1143.8606783691177
2004-02-17 04:22:39,0.10448049403028538,0.8875430047913371,2781.6325568259053,0.09318969858238087,0.2563775975191547,3904.72874611143,0.0985108231383264,1.907472991147242,19450.733155066446,0.05848405732280807,0.22194057343653562,883.9350018021202
2004-02-17 04:32:39,0.10532482726442635,0.8239941692202497,3183.251547645694,0.09407093686207964,0.15891128436538438,10329.31304173783,0.09851899900051005,1.669063712295336,23074.35629518422,0.05807027371601692,0.10974515854348033,799.1068636251224
2004-02-17 04:42:39,0.10710761691664371,0.9259360914985333,1385.1541793891488,0.09236862054045666,0.1294276800387344,3841.0563658533633,0.09738417474227716,1.2648076245669255,15446.048452446916,0.05774879809693553,0.2517246940611768,785.773598313224
2004-02-17 04:52:39,0.10712431104832426,1.0499797079690092,4578.799404305897,0.09467279330921186,0.21805827652234244,4064.266531014759,0.09911939538261735,1.2870909979418679,19690.776264010958,0.05829599176830256,0.06585169408518832,808.2337117981606
2004-02-17 05:02:39,0.10520757314597474,0.8787991225503635,5940.055182455069,0.09214141459302178,0.06330583286909297,11948.989581391024,0.09789615083166575,1.0877559485772252,46028.96178718692,0.05739602011463862,0.11073459343053038,1522.8705762668058
2004-02-17 05:12:39,0.1051648280769437,0.8321046946773341,2113.4840549354344,0.09653343995371177,0.253346512590646,19674.76515562209,0.09971449159467433,1.0574691011906276,18505.765858944338,0.05845453252782778,0.06455738647077336,1750.4489662510591
2004-02-17 05:22:39,0.10574962299541249,0.8605328986184082,1769.680821785636,0.09409586954811368,0.2824228917075726,10261.357185092762,0.09936806383026188,1.4907314936539509,10169.94750213691,0.058357573600042484,0.09689483923301001,1177.78893202369
2004-02-17 05:32:39,0.10543929148781836,0.9539876786626973,1188.1785933304666,0.09439809811502758,0.17827472209303608,6201.688629066012,0.09937082980636847,1.209929271634115,35383.13614463617,0.05807313756497598,0.08432071896037119,3100.6846411482525
2004-02-17 05:42:39,0.10669288280028043,0.9485028239098772,3663.802109131391,0.09395846042350976,0.2325604569294506,5861.527844030576,0.0978900738212735,1.5934724329496355,44029.38835660337,0.058845363925025984,0.11714541864841044,788.5619814398323
2004-02-17 05:52:39,0.10714596999756337,0.9324927361688928,6223.510524896349,0.09308907838018311,0.15967203485619352,15755.800215808042,0.10151185179419939,1.4769727731669393,126184.5858536942,0.05758772011299371,0.16521996603884226,2388.422181194687
2004-02-17 06:02:39,0.10824558011870218,1.0423942932084937,2436.9443861848154,0.09471749576454315,0.2378936685893498,9637.922748232086,0.09915690986228595,1.007160265584612,20431.37688315933,0.05864248223477797,0.02072932576136388,811.5311452458388
2004-02-17 06:12:39,0.1066530244622867,1.1178083967298198,3658.4602609011827,0.09424526368238619,0.12790095457065398,19632.381174771504,0.09814786755834282,1.032960033600883,39578.53169341749,0.05801091458456331,0.059802447686597926,1692.238117540256
2004-02-17 06:22:39,0.10575230009134258,0.9838773110024168,2504.812283833657,0.09398896419593633,0.15079327435548606,11847.115887671522,0.09765961319208737,2.0329902820496004,7915.049115882466,0.05772939592873699,0.09391826093703948,1585.1933870715582
2004-02-17 06:32:39,0.10728003431076423,1.068532133388807,4072.3263622360737,0.09560654642204162,0.2923440464426479,18020.888162025327,0.0990707639001821,1.1015400905327297,27478.527618970278,0.05853267525293565,0.0750979228022417,3034.8679879672413
2004-02-17 06:42:39,0.1092699857470305,1.1376804821538258,2536.586029761035,0.09345174640556483,0.1226359528494374,3919.5262508143874,0.09825536324420159,1.460441523101534,15069.038685826295,0.057019178516969186,0.10796954453942087,899.1757366745541
2004-02-17 06:52:39,0.10650088073652841,0.9490147794299428,2524.666256395885,0.09323714304798277,0.05381633299402111,4053.134120057264,0.09798179388842475,1.447269479973209,8350.837195639107,0.056716571497419294,0.08960656483006613,1305.774835289118
2004-02-17 07:02:39,0.10979059235618448,1.0141714282015117,1736.9440555875447,0.09532302324079753,0.10793542966298908,5482.208281368293,0.09937149929958225,1.1473558767572838,10581.803255512117,0.058719438111322006,0.11852699479235262,1175.4184732812785
2004-02-17 07:12:39,0.11276782356350593,1.0775865528894446,773.3763215729,0.09417079184709756,0.2156365546556951,6893.473229649189,0.09965996999367713,1.7593115844865608,9864.00528622984,0.05889617453621245,0.1212732183783829,904.2674370157523
2004-02-17 07:22:39,0.12028870746886945,1.345963647530156,2090.7136304897977,0.094769098761559,0.21998852914626532,11789.341731331177,0.09900583503558641,1.4365369530860708,29527.31834721247,0.06002163875753998,0.10504491083489942,694.6309832608132
2004-02-17 07:32:39,0.16689628653443545,2.3890722982950106,7619.369750965805,0.09743487483434447,0.08282028526338658,16225.747981327762,0.10435653303137339,1.308116674732286,121325.17397011517,0.06424971691024697,0.16506474016485528,1862.5112530398565
2004-02-17 07:42:39,0.1717619405135619,2.3850877136573763,18339.275335369573,0.0982766940517944,0.126511905121931,56067.378751728495,0.10413650920223956,0.8057911150388679,185415.94804079933,0.06458694554750402,0.12756494537915586,2619.7168341658494
2004-02-17 07:52:39,0.1737544359258383,2.6268074089323488,2742.6301184029617,0.09769273943282901,0.19401519724242489,14148.629408528499,0.1005969225190935,0.946027933205694,21027.743971461714,0.06479183991469335,0.23401885373743747,1130.2139914116112
2004-02-17 08:02:39,0.17177918437224501,2.6189030455499074,4305.087559094525,0.09800170622916789,0.11839935394487533,5930.03461951124,0.10265542213326763,1.3983812845764865,64060.366255038956,0.06485588666540802,0.1913506183365823,1049.063395336205
2004-02-17 08:12:39,0.16911726137713776,2.507133901376002,4064.9235030434747,0.09691243883414168,0.16798266293191855,13228.113556119795,0.10072116571335069,0.908697025329047,25137.31533208491,0.06466984889010295,0.1693811752640686,887.4078295981946
2004-02-17 08:22:39,0.17369180469319248,2.5064066518245713,1603.9688248384568,0.09788073423695608,0.30366020389832293,1870.3395646564588,0.10144145815983596,0.8832941250629776,47244.39143214144,0.06308451014252132,0.18891084132376745,1565.597608542007
2004-02-17 08:32:39,0.16859953520542212,2.467265336797422,1526.2024337624819,0.09799622895128095,0.22377883575436197,3511.8927446849175,0.10270148855763057,1.4922883584596836,14202.854981522472,0.06504421535518647,0.1709746744101719,886.5203070309551
2004-02-17 08:42:39,0.16686560557006835,2.686524509219736,15118.309854189052,0.09840111058546609,0.20711845672343276,37698.04542066858,0.10379353519954289,1.0112836032134114,156913.03333442585,0.06408002275597481,0.32459349403565385,2869.989856760479
2004-02-17 08:52:39,0.17252337180324112,2.2215812294847064,4577.340971984949,0.09762459812057167,0.2642053411579348,17037.845156973704,0.10143902036945952,1.3446502359814891,33034.82970147928,0.06447049122103266,0.20629129180811345,995.9364701999586
2004-02-17 09:02:39,0.16982476952361808,2.547557372864662,16818.198563222464,0.10223454884976813,0.07494934763339733,40502.00333362755,0.10308158697953165,1.4909241259206212,116768.73957971547,0.0641965742581672,0.17207377585676875,2124.4902180227955
2004-02-17 09:12:39,0.1688369467847881,2.248777066522476,1569.093288439914,0.0968277596511584,0.1866744173533128,7246.023850748864,0.10041352705694401,1.2362986124417326,24047.500541680372,0.06422372319551203,0.262809830400621,2369.622430710661
2004-02-17 09:22:39,0.16849347762436717,2.29543109013067,2369.857972630375,0.09767085890728873,0.17471776560651664,6352.64536686765,0.10257293470303826,2.011208696220044,57343.774733258935,0.06527773297132032,0.21924284409324546,1879.2302914648315
2004-02-17 09:32:39,0.16950951531182548,2.236064581689714,10363.27225459199,0.09785838979425832,0.19455922888383848,39638.46880052733,0.1013229566916322,0.8915626127387712,86916.61209751193,0.06470379248327528,0.25290657935585426,3099.9331914888385
2004-02-17 09:42:39,0.16993603015753642,2.384176895930011,981.1830576414828,0.09774497769227072,0.11885216102677809,6745.451249744433,0.10029588817866301,1.2886323661846353,5738.3463080040165,0.06361571296108277,0.09242262529920442,885.5337187448297
2004-02-17 09:52:39,0.16509543064755947,2.7590090372117437,6110.9037741311,0.09733217075994838,0.15941665484016854,8748.363043986441,0.10271514435031599,1.5468127545572674,77735.68858304643,0.06489482927928465,0.15212147057543612,2481.477723708866
2004-02-17 10:02:39,0.16552700491300126,2.5098751429398396,1539.760740692173,0.09765241642475495,0.12735086644125326,11290.633257723704,0.10016349647147221,1.0085530001418537,6782.505335377874,0.06416800686844457,0.1818056476744303,2040.9818707646425
2004-02-17 10:12:39,0.16503688256696403,2.373606332702642,6784.158610397989,0.09722120622298987,0.018091856660480854,7556.217602749309,0.10133723696501264,1.2357384491314063,74298.58137547076,0.0647119273775853,0.16944067174166477,1740.4344827867549
2004-02-17 10:22:39,0.16810142507227036,2.370612072790797,1753.5004621843539,0.09723939832155225,0.16806464267524301,2353.4028318035753,0.1020150867748859,1.111891394863619,44430.36676553809,0.06390741823504334,0.26469859518395156,980.48656697319
2004-02-17 10:32:39,0.16409903551523772,2.5158891668515384,8383.211677505282,0.09706073751820622,0.2903953508603321,14652.415264399597,0.1009690546652785,1.3062558730376868,34692.40228309008,0.06515878067627379,0.23998885403520198,854.001639258461
2004-02-17 10:42:39,0.16516423703487537,2.3421508310443384,4761.033573607474,0.09647873617125757,0.1425166360984207,16912.744001070736,0.09979935167977358,1.1775600011491933,29410.495644386836,0.06336461753896551,0.15827653478292936,665.048231582776
2004-02-17 10:52:39,0.16412790006005987,2.578314431277734,4820.086273861472,0.09745285719259339,0.13224657462234823,4093.481234125806,0.09926178003926033,1.1257452308590894,44466.17153002416,0.0644214918585502,0.25007266848631593,1629.1423857332288
2004-02-17 11:02:39,0.16383674542174786,2.531885326050883,4904.850422428721,0.09783957093438728,0.1879986299455556,11444.15994806944,0.10119325691043167,1.3290717047203273,49573.43312120907,0.06390785946934167,0.16353303814104914,2032.662432002835
2004-02-17 11:12:39,0.16321589900343655,2.6241708680097338,3190.48727419708,0.09752507540131025,0.14029670467740196,17869.97017630634,0.10217831954174525,1.4809918274601932,24467.2258564793,0.06559460717341309,0.23258403212018353,1413.3690904978955
2004-02-17 11:22:39,0.16847889623499585,2.3984384000021723,2795.1133143207335,0.09862624464518813,0.17306516854440357,10576.594125095286,0.10301008393637064,1.503680048397083,89827.0026191566,0.06486118026275906,0.17693842398268478,2958.8021966412043
2004-02-17 11:32:39,0.16697350674021613,2.3044913572063175,3442.0282492726565,0.09754133939322855,0.1774179652384298,19931.603348876295,0.10110092975856787,1.2185404486229112,48968.68056472679,0.06545503697374538,0.17365406626446633,2221.0478581831258
2004-02-17 11:42:39,0.16563809588555936,2.6610620225085304,1984.082512249566,0.09827051436794572,0.13568750850826472,3872.996256415399,0.10226277330821563,1.4365700998228341,38758.45177866514,0.06537445364554204,0.15896696755454265,2191.8985483040487
2004-02-17 11:52:39,0.16415866735084764,2.4481806492189087,7112.118523787551,0.09759271358119224,0.14197528247594304,26549.54590937743,0.09932100832811003,1.01503452593324,31763.7154844779,0.06467841459446208,0.1354039344264537,1145.6796387579307
2004-02-17 12:02:39,0.16524972475984076,2.348742119130721,1328.5770489980903,0.0976823247689449,0.1640165075681499,7814.561588050435,0.09983663315793707,1.015031804608821,22820.485109877758,0.06359637087658285,0.17988031076219801,944.6880998578654
2004-02-17 12:12:39,0.16630584896626643,2.555336429076207,898.5260916528164,0.09776120510026587,0.15161423862541046,8215.144389922374,0.100974339494389,1.4196611367918255,6586.600803032637,0.06524839445163096,0.15413817006721242,3596.3991594528793
2004-02-17 12:22:39,0.1575511747218979,2.756871698389002,7039.652732533455,0.09786301935174811,0.12499027173110822,16687.47514783733,0.10261541924865934,1.0566778436338629,127281.64830946278,0.06434054941347737,0.26463737206581284,2814.674722793659
2004-02-17 12:32:39,0.16212426031057164,2.539827058969368,3204.786794314491,0.09829787344509608,0.26685495645041524,9645.180843044429,0.10083915366616965,1.3839193332218107,6158.302254466221,0.06413469521919765,0.2896178822076476,1550.4997211255175
2004-02-17 12:42:39,0.1558261737820283,2.464085946432145,1641.2222307180252,0.0972304411766513,0.15649450105962082,7627.4777730666265,0.10092470410378966,1.3152275394254351,49314.15735613416,0.06385066271313282,0.18186657225382952,3103.1199108918954
2004-02-17 12:52:39,0.15678997088686228,2.397824838205458,7902.327867007276,0.0983743155352618,0.13501295586392992,11475.207060001263,0.10147406750965059,1.5313607430829155,46547.79774078075,0.06458775257897681,0.2536524440806289,490.050910620284
2004-02-17 13:02:39,0.1541765147649866,2.380993795300869,7821.501281704188,0.09796594593275768,0.10246395877727998,21251.1394036818,0.10155767632775846,0.9140264338763329,48147.35146784143,0.06283809180147024,0.15831596122826808,845.6939837062023
2004-02-17 13:12:39,0.15502766606671775,2.3857241830328224,3462.9968181830113,0.09723378093181852,0.1398630807443504,10287.99363325011,0.10157691315997634,1.0749392990849573,29315.836793042454,0.06314709467906064,0.15666246323758726,889.1942349602426
2004-02-17 13:22:39,0.15479955490008887,2.326244291018452,3284.9018598148073,0.09834619525479239,0.14417506598750052,6552.036970526077,0.10028735982672804,1.172650937539614,16557.625747875576,0.06479578157987505,0.22154029029610323,794.475381625406
2004-02-17 13:32:39,0.1450686467016887,2.2603903426575673,6621.075889812043,0.09662535626147128,0.12625495872000103,12688.246968796231,0.10122464068031743,1.3292604972913775,77109.45455910644,0.06349790535423196,0.125285435508264,2501.43086771412
2004-02-17 13:42:39,0.14251295959436022,2.398569851860411,2331.4683177716674,0.09536937007261229,0.13429362925986332,3898.7475800753673,0.100097320075655,1.017334111713625,45121.9156845478,0.06370145286927331,0.16998799974836976,904.5956218689312
2004-02-17 13:52:39,0.14808891668890603,2.158488613774588,6595.031212855735,0.09704377435273732,0.11686160045181371,10242.188884912575,0.10222566135684205,1.500931643619845,79413.60468095088,0.06436843716546954,0.13417201081343588,3032.751589623882
2004-02-17 14:02:39,0.14527101457545222,2.2044594195762057,3631.3465972205804,0.09774301970161668,0.13800264731188205,8966.945390861209,0.09941258207394764,1.2067589979935498,40900.13527402093,0.06383062954082566,0.21308982829550693,710.1772061001981
2004-02-17 14:12:39,0.1439164398197462,2.0271482740199875,2440.340111572251,0.0972325754594043,0.1468467740024022,4381.184918811654,0.10070628510363691,1.6714973016842585,36751.50534858482,0.06387021332664097,0.1197893912693444,1742.4037466465365
2004-02-17 14:22:39,0.13972712158296033,2.342641300811165,10912.032153788108,0.09835002909331675,0.14074850423215324,30793.014135223762,0.10168874317386979,1.1692628139651156,65462.796290764316,0.06337296632893338,0.12640920664874944,1806.2781708405591
2004-02-17 14:32:39,0.13942111694991724,1.9866054341726365,1283.0064347040643,0.09842147662246728,0.02332480645875501,7215.917430237334,0.09911647927990455,0.9100974594468076,10974.566429088703,0.06377386195574171,0.0926098277695564,1054.4476103939164
2004-02-17 14:42:39,0.1397635746076544,2.0716523614208278,11090.89114258708,0.09805594479962383,0.06960149391165027,32006.23277751204,0.10136651330459802,1.5758550898739339,111541.29687327702,0.0628621705816334,0.18391187184659463,1019.7034953890744
2004-02-17 14:52:39,0.14242094915360065,1.9998288945603404,4026.0427562841646,0.09775368664123683,0.11870120282363361,5102.850024124361,0.1011752530806694,1.309527389020639,33755.73067988184,0.062327169631058575,0.16605124946605887,1135.409190448965
2004-02-17 15:02:39,0.13856824279089436,2.2251644103888673,5963.08972799411,0.09854777132143513,0.15196296730748848,17855.0256614518,0.10229177425422889,1.2627445115439908,144340.23407506788,0.06368797150831348,0.19429943676117922,3538.7530735777173
2004-02-17 15:12:39,0.14059532065276256,2.0884088755661026,16813.38705824254,0.09783259178630095,0.08637909954281398,39919.40980617425,0.10230856122152608,1.1852503482648702,127959.48335720816,0.06445103632979361,0.17945128620909578,2487.78618634174
2004-02-17 15:22:39,0.1344781462772739,2.5143137121380645,3993.9156946238986,0.09847599470532463,0.16584293328429967,8534.245038965897,0.10149850435705321,1.2782668432554676,42719.71169246748,0.06251204844805419,0.13733365414103993,928.0522056526127
2004-02-17 15:32:39,0.14053554724361556,2.029423852596696,3686.751415868802,0.09815760157060557,0.16378620781749742,19818.4983050364,0.1000392732939013,1.3240758633182477,15715.102785816727,0.0637487856042421,0.11953899154689784,994.4494729899166
2004-02-17 15:42:39,0.1395541734739036,2.174915562196098,13937.945696088875,0.09788793342269325,0.1845471187474952,51810.935784658475,0.10223412735909179,1.0545538708575428,130121.84466400715,0.062461751577715545,0.0748764686896286,3038.3574362571344
2004-02-17 15:52:39,0.13509444305715124,2.2229778685297505,5648.682201187072,0.09765580149897009,0.14672740674305196,12056.59700426161,0.1006884854079651,1.0464703366135888,47898.62939328717,0.06339908126983683,0.14785488105012146,1330.1906788402523
2004-02-17 16:02:39,0.135658014414925,2.1120656548190597,8671.774319514552,0.09825548599108219,0.07748930575322577,40356.56242710139,0.09837253461412007,0.6952592128223922,55754.184714236646,0.06340289196073295,0.16174745704176097,1438.1073793942637
2004-02-17 16:12:39,0.13497136089451994,2.2537976858385402,6745.8625691155585,0.09729807039172526,0.0290438454795372,12239.935111323644,0.10102531880208297,1.2510617995827689,64357.801492145656,0.06333455470998829,0.14834086494514054,2190.4660160076014
2004-02-17 16:22:39,0.13189689984036773,2.2796867432564882,1910.352048979449,0.098500730932012,0.16487418926755382,8682.228253648198,0.10271749528629787,1.2271896431705018,62854.97915924749,0.06362880790422291,0.15258276928264047,2935.841282947499
2004-02-17 16:32:39,0.12851723194284104,1.9454752438008258,8534.446085259779,0.09651122804457456,0.2033648445705083,16731.067154516397,0.10041418959816512,1.393695866259165,42159.4123089869,0.06224557354367658,0.05887066851779954,621.8100304189066
2004-02-17 16:42:39,0.12589233138504705,1.997542800174501,2506.3204253539975,0.09649110224523295,0.10770104240429745,8475.642630281334,0.10028723275040735,1.7706823377966892,28212.870326556567,0.06210311131937654,0.03733929467765984,711.4811353549387
2004-02-17 16:52:39,0.12576345778664455,1.9092597898346062,4965.564040358398,0.09838239802034902,0.26124058083515633,30296.754175773734,0.09998020116503066,1.1119627774915015,75315.62101431483,0.06269658263900334,-0.013394385069838144,2794.011401558131
2004-02-17 17:02:39,0.12436039114109293,2.0802240990981087,3484.699416409041,0.09897627013977264,0.24084584968463885,8112.665749213797,0.10113742367094822,1.3739487530013745,49944.46297468668,0.0635360741220588,0.41335119550404453,1781.4903008996705
2004-02-17 17:12:39,0.12274867278273062,1.8499449241387067,4529.064196303201,0.09582777953223232,0.11881199499989181,6265.825609076385,0.10136450628679461,1.6138612334598035,83498.38102982208,0.061800859937888405,0.19285497457808853,1937.028330536343
2004-02-17 17:22:39,0.12051210248644377,1.8363394045741623,9396.445292448094,0.09762511228586693,0.09476364173560681,43286.1223082882,0.10117148527917216,1.2019791038299177,71758.14154857887,0.062252735099301064,0.08086262435690061,2769.4156487326063
2004-02-17 17:32:39,0.11666324734572582,1.4947850896938135,20181.90864367618,0.09792672094878521,0.10672182677537201,65473.6647862274,0.10481085409784023,1.184391766111852,189873.31352484995,0.06359618545705002,0.09790826633433758,2175.232504873903
2004-02-17 17:42:39,0.11792317642053819,1.7735457066958276,2142.2375146600034,0.09707990024330475,0.112255594032169,5997.033664875473,0.10168401720756684,1.232150476301138,44584.23228628521,0.06140422348755316,0.10012850590250055,1020.6278759861369
2004-02-17 17:52:39,0.11285861527156722,1.4246082301984373,5211.548882701055,0.09658997561171591,0.12596970494206117,22657.688691781685,0.10054299987676292,1.7328205309217344,34040.556117211476,0.062218006022674015,0.17710772499961314,1968.9790683873293
2004-02-17 18:02:39,0.11249116241329249,1.552294876927517,7770.459041748251,0.09659858953421628,0.03930283472714935,17829.30234554274,0.09926119392361057,0.9496077116389312,76760.08831566529,0.0601560194800778,0.05628424851859126,3675.066234763209
2004-02-17 18:12:39,0.11132827171042965,1.3309587974609638,12690.707879706968,0.097042120465967,0.15014768211817797,19595.7362617128,0.1017398636401466,0.8556466526135247,165895.30235400138,0.061193554188482546,0.08352635879626691,2631.40944057893
2004-02-17 18:22:39,0.1111174328659493,1.3866856891104478,3298.4400141769624,0.09665850304519256,0.13452735734726584,8393.195665205882,0.09905899343162891,1.166895038819944,15515.714304284244,0.06103952156889317,0.08830746479996243,1705.8746152334072
2004-02-17 18:32:39,0.11086750498730173,1.6093428330193849,5898.706637819366,0.09698444775049632,0.16750751565234756,11336.94862211833,0.10229630197830955,1.1287019058518464,97757.93561159741,0.06308577176835817,0.06467250096710142,2995.7582074218035
2004-02-17 18:42:39,0.11017193970711474,1.3689570075773423,16335.84557624903,0.0981181782561054,0.12284166727090495,49538.85166517812,0.10374053444207874,1.0192467875779245,133310.62188728855,0.061198478410542406,0.11618223136711059,1750.2565297355343
2004-02-17 18:52:39,0.11003507652747033,1.273868225323242,3123.3913273676058,0.09768253221333574,0.14765365201010372,28581.0928517451,0.10050128919998676,1.2436479611945392,35269.20112939196,0.061137695991047535,0.07961469678994781,2068.792191089385
2004-02-17 19:02:39,0.1070069605194418,1.2220807735566188,780.4051513183697,0.09725610269653391,0.14493220489717373,1851.7406961988038,0.1010439604013706,1.5060732675505486,18471.966714549577,0.06243295231811683,0.161111870734997,2019.3095569990678
2004-02-17 19:12:39,0.1072848457833893,1.073305002899736,2610.4518087438883,0.0969044640173216,0.07318974453354654,1703.5298267155247,0.10025613681341407,1.288714744315886,6067.890217464922,0.0618798632874116,0.1848205454723333,1340.2591271464069
2004-02-17 19:22:39,0.10781778904599011,1.2331512796328292,5554.39149867741,0.09791364528804833,0.26776987149209397,26474.13885236689,0.10120064455814684,1.4089283061430091,80707.23468395075,0.06055452290407897,0.08730998719383631,4117.398227593082
2004-02-17 19:32:39,0.10573701784786337,1.1528874123752004,2910.8688697383113,0.09817543588361348,0.14692553971503797,14448.757918813915,0.0997315383232813,1.135257256650955,22253.3056123631,0.06052132001023482,0.04561456021261945,1025.5762849199346
2004-02-17 19:42:39,0.10385260668859317,0.9432393234140064,6832.255773557859,0.09956265620083479,0.20497362443659073,17748.50947514227,0.10312011423085399,1.2060670541279297,97554.08991210617,0.060761754183732836,0.08813958710555525,2158.1193667601055
2004-02-17 19:52:39,0.10678984226112637,1.1755023973384349,5057.866259196997,0.09873316485253004,0.0966353013782939,22018.26671983833,0.10164696751924956,2.1132144192014444,36019.182535202504,0.06149111105095801,0.03324805735692227,1194.171512127485
2004-02-17 20:02:39,0.1052975265226913,0.8799226510924183,11400.974827008311,0.09881159372607802,0.13915560201577248,19668.246020496805,0.10503195128633774,1.2177241443061417,179982.91553672185,0.061091909339279535,0.19178285829389763,2618.517489704978
2004-02-17 20:12:39,0.10424662858007687,1.0331776509628554,5105.508335113575,0.09745142845645273,0.11615047244010501,35714.81775890284,0.1019748693287193,2.025430898022223,50569.57758720559,0.06164440379735415,0.16827506175937046,1357.3532650672305
2004-02-17 20:22:39,0.10346354326600385,1.000355245197536,18284.758483045884,0.098831180288741,0.03545778067907568,46289.842350620616,0.10352038668293495,0.9722847849013618,124289.54996845774,0.06028390068368689,0.10047056456177073,2001.6921299329879
2004-02-17 20:32:39,0.10303147274012928,0.9084447005643224,6116.153135129437,0.09799224648457526,0.13430802915125684,16708.51926715805,0.10046916358779569,0.9383727013887295,84173.76543745371,0.06141357939719033,0.0817936065989131,3328.763752287704
2004-02-17 20:42:39,0.09932441224184264,0.7717927254108252,3116.8057391859643,0.09717759344606529,-0.002926868875599453,4496.198636322101,0.10096477161575652,1.1741823810166885,45251.40088152332,0.060392229926927485,0.07515669664453029,813.7112874826007
2004-02-17 20:52:39,0.10277105523892355,0.9268405707904264,3360.883903843817,0.09857881869901744,0.10402398609756691,12311.77103861593,0.10027067566560774,0.9611050070039986,21453.748025691126,0.061284527497133194,0.1347643796283804,898.7309963659607
2004-02-17 21:02:39,0.10151048547864094,0.9667239500366183,1662.4402755413464,0.09958771259548037,0.16427239697565632,3968.542246342437,0.10045462089607925,1.4500884463333037,33342.42050491804,0.0602758296066145,0.20143745287181813,611.172684569999
2004-02-17 21:12:39,0.10050111138028213,0.6652145802848772,3372.0005283054006,0.09751962793218219,0.1549883604599427,8411.7316709085,0.10096324894098223,1.2764743192333663,16182.617603870862,0.060428487484044925,0.11667891956557908,534.9101152770523
2004-02-17 21:22:39,0.09937990578496302,0.7488124696956069,3407.220263062182,0.09826409428963613,0.08855667432914283,9128.292152521242,0.10213947672216715,0.95732830583075,68870.46911589554,0.060776680821188526,0.0990279423601188,1886.2673843870505
2004-02-17 21:32:39,0.10260710653042934,0.8222244311026881,11807.376977199305,0.09864695350362765,0.17006936928605976,31232.434232087213,0.10243880461722622,0.973405527573385,97270.62645109739,0.060415977456557385,0.05851494765808063,2302.5791483438193
2004-02-17 21:42:39,0.10001234542935812,0.6527158309279764,6341.272822295972,0.09830597686758738,0.05500913900104054,9055.277446252221,0.10105671099877843,1.1275785247544334,27243.59835637936,0.05931685804590041,0.07411708721870269,815.2229308749561
2004-02-17 21:52:39,0.10276615596829532,0.6411511578676281,6733.633441169081,0.09899837090278935,0.06522042676459971,29186.58565736013,0.10048632063502785,0.9088956483277792,55020.861251347924,0.0605253752150441,0.05178442379138737,1885.3553848495492
2004-02-17 22:02:39,0.10079244075465804,0.688527101475187,2481.293259418783,0.09662674971127624,0.09607561818971444,4613.658329427189,0.10206096906383949,1.2203446110230498,48904.37157616895,0.060373340023116784,0.08899977841122597,2601.2934298485193
2004-02-17 22:12:39,0.10071724420996635,0.8693732490038779,7474.8620346398175,0.09899175954104084,0.17110917813931437,17809.74592507754,0.10520409201434372,0.9084041716740527,166348.53025138107,0.06041194036829557,0.10528113738547429,1927.930075731623
2004-02-17 22:22:39,0.10212575566772138,0.8122074071808982,3294.47554495246,0.09780585815109377,0.0771448024579593,8668.348909332923,0.10123136450802316,1.1433121995982471,17299.812893380105,0.06066069543537335,0.06659296082299315,1018.5328610825276
2004-02-17 22:32:39,0.10275559452911188,0.7643725473661327,2630.5888245912424,0.09729674477066923,0.16335896508500714,7905.813494963855,0.10030183768295636,1.2112676027306541,55691.12828947605,0.060164619141854246,0.05019519731830924,1733.3357321181056
2004-02-17 22:42:39,0.10324720860141631,0.8305410434162077,3185.0719349846972,0.0977318572317581,0.07622563373426017,21840.807638507165,0.10013081921681881,1.48573608183154,24983.68941581796,0.06013083432256803,0.010743415545312107,1297.2204279597825
2004-02-17 22:52:39,0.10473901018200549,0.8673107336548807,10454.230800739188,0.09749007236116083,0.1823057311897327,25383.07957632495,0.10185166191651589,0.9886892705428507,94716.00602046787,0.06124722291217068,0.06956274915275751,1932.7218940876096
2004-02-17 23:02:39,0.10546040777193058,1.0399953829715907,9178.324469634392,0.09830017926810014,0.17880843379598987,46361.74083144817,0.10216307429790863,1.0803685021134806,114093.33510082027,0.060727893917123243,0.0997795691092973,2428.162491009139
2004-02-17 23:12:39,0.10417618977302347,0.9779203766262876,4007.7366777894895,0.09730129842803358,0.04696430190828771,5918.330145541211,0.10208095051959683,1.1184627584878895,10974.672290420314,0.06027451564573642,0.17030815351420614,639.6260293276081
2004-02-17 23:22:39,0.10512936366909462,0.8677298220452299,3965.0224845158064,0.0984539338960581,0.18198567940030141,8870.94486305068,0.09996510572835528,1.6436138386301247,13316.68662738708,0.06049026466416414,0.1961904498561502,530.4249030801293
2004-02-17 23:32:39,0.10303119336706057,0.9835885532070137,2482.2718528754253,0.0965110411024951,0.13203474217216016,5819.955121155141,0.09999361722794173,1.0710306847282771,5905.836856404467,0.0601138393520213,0.15369158655703918,600.9760979620477
2004-02-17 23:42:39,0.10615366979680035,0.9646319369650564,8429.107979359349,0.09750544130449529,0.07434684611832187,13035.898337843902,0.10431623462645027,0.9353785522768541,115538.76219350057,0.06012295913246245,0.11125756742399462,2816.4325856759942
2004-02-17 23:52:39,0.1057892064492965,0.8522948759061766,6128.781371762734,0.09908416043752591,0.08924521368045513,46330.86187830806,0.10080511902420618,0.9225664919303886,63911.12663558259,0.060029770039669694,0.1259436211901046,4150.672661250547
2004-02-18 00:02:39,0.10624512879458581,1.0616526237676336,11903.721201392418,0.09855168204147062,0.12485292531784609,33924.39982580507,0.10305734546881229,1.3832651039394825,82783.87081470336,0.05959979321744749,0.11116854041342483,3157.6577572617184
2004-02-18 00:12:39,0.10636952169904862,0.943261495800948,5155.946576104238,0.09782984545684091,0.14609270354302017,10073.09983807358,0.10250634626885607,1.4901047356789006,26637.48219130058,0.060556254918593046,0.15596797865710066,827.1301404559944
2004-02-18 00:22:39,0.10593802474980656,1.0365573859673773,3121.9090602039455,0.09603586671297605,0.07455504346871811,6042.827682256898,0.10043708166333226,1.1296279554702107,33949.16811026553,0.05993783563513951,0.06781153270263962,1170.8867952175708
2004-02-18 00:32:39,0.1089140454078783,1.0071678875967942,4954.613405698202,0.09768376687324704,0.14570868917981006,9758.163228968328,0.10168782532023869,0.9174404472216628,65331.208407093014,0.06091361591233626,0.09879194610898923,2017.0327309490847
2004-02-18 00:42:39,0.1074263562701648,0.9072687402430022,1924.9917864787433,0.0974449874849266,0.08231152177345624,5557.976550176543,0.10052491067399973,1.3870717507708674,19698.74372133866,0.05963819585045204,0.08152481695515013,713.463385138493
2004-02-18 00:52:39,0.10872704274567,1.060751117656622,1669.6335020602414,0.09818682740659196,0.1267719210186935,12066.822422419385,0.10080440455910458,1.617073393103869,12281.475471017935,0.060185447865456855,0.22657457430618377,715.2068559640497
2004-02-18 01:02:39,0.1102030913263808,1.030564302451337,6222.6870537850555,0.09791961761399946,0.11300079785880968,5710.49159869706,0.10299267955061478,1.1882472100012365,94845.45408992212,0.060400201779464285,0.0745208732678666,1605.6177763697854
2004-02-18 01:12:39,0.10984870721388805,0.9164351948112492,3467.661172640044,0.0982895351237544,0.17476965145778411,21801.003871046858,0.10292426225028589,1.2593299420135011,56564.95952808821,0.06191003151310073,0.13740066312768828,3669.1876466865656
2004-02-18 01:22:39,0.10855998823195347,0.8935671532086928,5786.903944574222,0.09687040210862914,0.11579881248715518,17591.201962591553,0.1018289950764577,1.7992887763221006,43970.77055160238,0.05937456866619643,0.09146745408746648,1102.5765437645002
2004-02-18 01:32:39,0.10971438572742807,0.8486574602590657,2081.494592093936,0.09718611383657776,0.14612062343408638,10459.48324940456,0.10101354478716579,1.676000732176803,15644.506786689939,0.05924896491711902,-0.0060579481528417745,255.13807660220846
2004-02-18 01:42:39,0.11021514449553597,0.9063512150340021,5061.675615371318,0.09628764660470146,0.07439128953536711,19026.041127058776,0.10132842256124389,1.2280292793116114,84802.6001922199,0.058725126882312906,0.18809169372591494,1567.2336000239713
2004-02-18 01:52:39,0.10842924185053242,1.0126761241968207,9351.456487428688,0.09828338357183337,0.04161033709747253,33934.384584049265,0.10334510955977488,1.6105727772979286,82533.34168127003,0.06042820548037253,0.18595481553422255,3220.3595163727628
2004-02-18 02:02:39,0.10878737571627682,0.832382817194703,2736.612318790359,0.09697353985309924,0.07331856558195993,18921.854426866063,0.10168625681093169,1.7623214184551408,15629.163253163873,0.05918968861449813,0.0863550586368742,1416.1092773413075
2004-02-18 02:12:39,0.10945516459555768,0.8226663722894187,6659.613317159934,0.09760834975249941,0.09307850973806175,10189.958791628276,0.10377837643755863,1.237084978530329,123694.02152105857,0.059722285347996354,0.10217938621775913,2033.8678873513304
2004-02-18 02:22:39,0.11022510370295927,0.8273301046767609,12131.775731046922,0.09704573588528054,0.07439585113901437,16605.955864142976,0.10253507950597628,0.9811456835647618,98358.15017062968,0.05948587058140887,0.04509361742791951,2147.382861072701
2004-02-18 02:32:39,0.11007236278388924,0.9088525634526521,8234.731495846318,0.09963554533664805,0.13757695790427826,28067.63330717912,0.1028840527988303,1.2774813377562824,48045.00810666177,0.05946809067553582,0.04871523083825702,2851.8367864722945
2004-02-18 02:42:39,0.11049097592889091,0.8800067254017039,5597.817034737717,0.09889520623572333,0.11497270389196945,11422.573068773027,0.10216876261699316,1.2439041242492648,56529.65103966412,0.06094484771406542,0.0823004150848492,1654.1582429928374
2004-02-18 02:52:39,0.11108235613161074,0.9103188476473094,1796.5137210223563,0.09789070356142099,0.20242334376545612,6597.666340246525,0.10067023706567585,1.1381168946637112,6094.568944303514,0.059036936432044385,0.1498474489157684,781.8343981921679
2004-02-18 03:02:39,0.11181097024177122,0.7821177360607572,1998.499258488471,0.0988825502312434,0.07330682386825416,5608.6225760602265,0.10296686526158244,1.470107425020358,13914.922454703503,0.06025036063818415,0.06383267543223337,856.8631044453654
2004-02-18 03:12:39,0.11377855346468255,1.0525077600426584,3059.0646654211178,0.09871752630612256,0.0987673656982726,19523.57414575884,0.10118054354755229,1.1407194033479167,11335.578574057648,0.060396708538990346,0.14685954297062542,1376.1407399436173
2004-02-18 03:22:39,0.11121312854576793,1.0037087771263522,4525.886731125556,0.09814450318718504,0.211735851877763,13681.376951765184,0.10074085600370575,0.9153770750013566,30819.588889823386,0.06018157827177059,0.07619651698259222,526.3341556438874
2004-02-18 03:32:39,0.11279849657720675,0.9866371510161294,8648.738571314512,0.0993014549494524,0.03472672084706385,19025.152354678332,0.10399140401675035,0.7272486612490772,84006.64963197567,0.060034309851742275,0.11634236406582366,1447.9032852235316
2004-02-18 03:42:39,0.13760685088379956,1.4340807064842025,6686.10493173543,0.09896345773464504,0.13176087266866698,17595.063576902336,0.10358456548652048,1.2361065543629408,32599.969797714934,0.060879668872549315,0.14081207747676627,825.0205194211289
2004-02-18 03:52:39,0.137160508627495,1.4277365827989597,6380.829818463811,0.09959450869455291,0.03865605980448272,18873.048605284694,0.10367453486602918,1.0778583001277786,53490.90928176957,0.06169674528616765,0.09989234748068876,1503.7959296851593
2004-02-18 04:02:39,0.13582555879463556,1.5253678310169114,10908.868675652137,0.10013948645787472,0.07672876714476295,17628.36087747333,0.10435238480669116,1.0518326296549354,124690.79074324558,0.06254289855895911,0.15393751248994336,2939.5133096277204
2004-02-18 04:12:39,0.14128292273948928,1.3180243004515324,6861.997771540734,0.10231102434794112,0.24930251378887558,31261.647118752826,0.10414035516656717,0.8957164410947862,39924.86020487574,0.06158937468605076,0.1497438247599292,2226.124890179697
2004-02-18 04:22:39,0.1392439846307889,1.6541833883366026,2010.223686325252,0.09884179648520092,0.10439633326311704,5685.8873550364515,0.10292534342113888,0.7743705611191114,19023.136238127405,0.06107204697629678,0.18154732117365313,766.2263820627044
2004-02-18 04:32:39,0.14149214397499468,1.3526310858658794,3298.28127358523,0.10148051426451596,0.12629126005270175,13699.672778819158,0.10497202380277328,1.2412819488795899,16746.05606665588,0.06234967586185292,0.15060433714720745,1573.647194572287
2004-02-18 04:42:39,0.1454615141527455,1.4379920350952462,4978.732228883598,0.09948547981167591,0.14375627007052794,17127.82481716053,0.1048675541158942,1.136607179992562,59657.0308030398,0.06316765614777174,0.22223282813581902,1985.0907307674531
2004-02-18 04:52:39,0.14226609709559232,1.4857916003122558,13761.274884814959,0.10112933589283082,0.057447217737100154,32302.49574627961,0.10528017632652288,0.8441526240555257,89302.71161935129,0.06178534974700212,0.1918214527205926,1718.421223741854
2004-02-18 05:02:39,0.14848516833288014,1.6212744292805032,2709.102849987287,0.10026334197572224,0.11691259527718678,11021.586466481243,0.10264506788412925,0.9687330804249585,22983.606131689492,0.06270027092931398,0.14157113043449554,763.8855611186416
2004-02-18 05:12:39,0.14734120640036724,1.7901524761320955,1966.1733302052317,0.10118376064353782,0.2823647850121591,6581.186905520017,0.10397754415016734,1.2164934405989527,3931.5547193455177,0.06268633473493246,0.16543475348074876,1562.1999256108993
2004-02-18 05:22:39,0.1502073183189238,1.604501405928648,1579.4644830066068,0.10007888538938296,0.11767057915491641,12607.517865429967,0.10309434274420384,1.6471158794685792,11628.125872887815,0.06285914856720341,0.13781328261809245,1403.4325810606972
2004-02-18 05:32:39,0.15236047087725052,1.8112709395100888,7136.469192417504,0.09972861294650787,0.105078124470948,8108.528915772346,0.1058566263480793,1.2871014805929448,87239.34968753891,0.06130706684642889,0.11727074864176457,1526.4930415257443
2004-02-18 05:42:39,0.15797473112440522,1.7398433612694593,3898.2879003126454,0.09972532858862575,0.21412075709523926,15895.374629205937,0.10557545574359957,1.082067373264672,69053.7466068702,0.06286421689343628,0.1475516652706137,2474.988824326914
2004-02-18 05:52:39,0.15642608499978314,2.043003855422814,1669.4705041465854,0.10072575216119015,0.06757974741514561,4468.29420914044,0.10442341925201094,1.2014706697801403,9909.294417702615,0.06299819565868534,0.1843564579445065,1141.693268056246
2004-02-18 06:02:39,0.15855086181175426,1.7222144144207405,3754.3404864398008,0.1023182506401595,0.18526854691342232,3935.0524062116174,0.10426918335566002,1.0082341093411191,9169.208331340376,0.06360781747049159,0.19453624386165114,1246.0073980225636
2004-02-18 06:12:39,0.16185369038067607,1.6780698803653467,3204.8453285083706,0.1010044903956162,0.12088888231862294,13274.177649670002,0.10456727845103482,1.006975935544368,18018.31114621152,0.06355827788337251,0.15064382247287122,1092.644713117701
2004-02-18 06:22:39,0.16324842971583986,2.0147890195042253,9611.639714914028,0.10213356231318503,0.2116384010842629,21631.330067101717,0.10459622420139028,1.2565714201477096,43761.26049765596,0.06308433947279428,0.12892396515087023,1501.899153345523
2004-02-18 06:32:39,0.16117788570347902,1.797566551405458,7218.6870714856495,0.10116742726709892,0.07677129367354318,15124.97037893372,0.10767863383045752,1.0516839853048818,110054.10158615977,0.06486823972785623,0.1965242625093797,2841.754513499177
2004-02-18 06:42:39,0.16386026151185765,1.9389616056842733,2464.2424355348494,0.10219494430070893,0.16181849221969324,5141.910751375967,0.10488197375130175,1.3768690472345808,17352.880362239426,0.06330607152087586,0.1604220950393347,707.4248800850027
2004-02-18 06:52:39,0.16414073566155243,1.7150538029522142,4051.1750345625014,0.10162436313030761,0.24776684544337169,6790.226863562675,0.10564900892075373,1.3003553832930868,37862.3880911797,0.0639016230751663,0.08017739347883346,862.857004935502
2004-02-18 07:02:39,0.16522868178726188,1.9828216546950328,7240.830380959392,0.10338824969879919,0.11146958323756895,35257.29867811449,0.10429441991492462,1.0029180679351306,41422.86785270013,0.06424628249520065,0.28187423845352066,2763.5622796573784
2004-02-18 07:12:39,0.16665703036921176,2.070871004476122,2505.4233631671354,0.10208670894185064,0.20630163360980358,5371.516491276899,0.10538059440776738,0.7295235007311707,6533.171562880026,0.0637676285368897,0.22842265377403637,1896.2887402312815
2004-02-18 07:22:39,0.1676587770662298,2.181972050930778,4084.7775222874648,0.10279294124370239,0.17076503333012516,16239.386577084768,0.10575382630119702,0.7785644058257715,72202.1186946993,0.06528250432614967,0.1931899643253585,2358.409406300438
2004-02-18 07:32:39,0.16649171030297388,2.246652075464767,2504.8404917864987,0.10103410745456519,0.11180904820970117,10797.18585324412,0.10489182136588689,1.0139793745467953,16654.913768452276,0.06481384626735825,0.22877989582056113,2307.7946354834958
2004-02-18 07:42:39,0.16421813585161088,2.048758309317642,6699.323064278576,0.10003457629778878,0.12726742048470374,22755.72419339685,0.10635595727761328,1.0664377084268866,100059.50204559512,0.06312559753739465,0.14703945495783977,2463.534341652411
2004-02-18 07:52:39,0.1702835500051128,1.7639682780390604,11311.430037107648,0.10184506342164737,0.07252662048020797,30797.83463212194,0.10627243237459327,0.8917701305836458,111664.09895538891,0.06451824778211974,0.20008477150746007,2126.372140929926
2004-02-18 08:02:39,0.1736250683382695,1.9486580019141284,2848.117604940059,0.10353858566111054,0.1749102684417334,9280.340640616978,0.104766751019303,0.8534951073726247,7235.411605821077,0.06513841445037924,0.16942936676582843,3076.1858488144117
2004-02-18 08:12:39,0.17298654888097514,1.8538147939928216,1305.457659796691,0.1016475355548525,0.17609337163877026,4152.66640420081,0.1058536848101691,1.5275760380383439,10559.184571201822,0.06488703073660021,0.23850227542978297,3030.189137553853
2004-02-18 08:22:39,0.173294136130417,1.9501769099867907,1345.1450099894319,0.10286692684566734,0.05790787268751885,2598.0699426671786,0.10626656212827486,0.8578493805596445,28520.732202278163,0.06573763288218648,0.18521530909576578,2032.4633231863738
2004-02-18 08:32:39,0.1684884876155768,1.923412204252612,11552.746130476875,0.10208412752135797,0.12540972089480062,28781.611861987287,0.10812337449103282,0.8404071126795825,90112.86743583954,0.06469622752115266,0.20938536742395586,1545.9109171447474
2004-02-18 08:42:39,0.16292540036465883,1.854188484898926,1630.707134777569,0.10207626471594353,0.0822866542279157,3455.4471717603096,0.10458972673020998,0.8194387599930493,15239.051781120901,0.06374877641288988,0.15859680458445835,1646.2803466449204
2004-02-18 08:52:39,0.16105745377960237,1.866960290933977,4784.447384098291,0.10135457610614457,0.2453243100642304,14891.4046673997,0.1056107305912407,1.4801369563831184,68993.27680101717,0.06451326890829805,0.1796474413181639,1821.1944454436732
2004-02-18 09:02:39,0.16325168287919922,1.885574563629949,3807.7471660570764,0.10210787082863029,0.1488915186527997,7159.221540764184,0.10521112795380773,0.7920976033574729,19849.661867673552,0.06473797245917576,0.13020820459561921,456.0414947562464
2004-02-18 09:12:39,0.16558045303048682,2.042238958693524,10647.09092399562,0.10367823878358286,0.1765053750042238,24979.75900074755,0.10678196585763851,0.853051578002582,148582.90719461138,0.06595632432716365,0.14541684873021632,3997.605121770968
2004-02-18 09:22:39,0.17137651092286174,1.9705789740506274,11547.287555916573,0.10304889639791454,0.17675836892421826,25319.322044465505,0.10662278880144185,1.062661326043119,80735.26174238378,0.06487256626275567,0.2237748629619043,2347.076588873285
2004-02-18 09:32:39,0.1615881583228061,1.6569415578388549,3200.742863980754,0.10167463905302296,0.12846731362964325,7634.3210302159605,0.10507862685753762,1.3468491162257843,24234.900195206847,0.06527714092201899,0.24232422720954094,582.6411001739862
2004-02-18 09:42:39,0.1604859989512325,1.9853903021851318,2404.212147023643,0.10085834405940963,0.07617420527387964,6597.2028414578745,0.10605886047269047,0.8485290311045603,67451.27641202205,0.06470046858227245,0.25484866019608887,906.5383037128248
2004-02-18 09:52:39,0.16264127827950267,1.7371857208364903,1161.8583292924222,0.10152703347084768,0.1798268330830921,852.1504702506677,0.10557206837555921,1.1304928364067193,32553.068956666124,0.06483377897735389,0.07809327496193408,1381.932337995344
2004-02-18 10:02:39,0.159670972878849,1.9300105775150938,4285.934507255565,0.10162282727535925,0.047824557292662995,11326.184456247034,0.10633870768423474,0.7517987883231596,54467.28464241586,0.06479778604375211,0.1593173723564698,1442.8330698239367
2004-02-18 10:12:39,0.16523961989311728,1.6979109469031748,13755.522314612263,0.10420530202779092,0.13167471134708775,42908.548837458344,0.1081128176843812,0.9319503219717209,196178.345665168,0.06531158903371878,0.1325764912906573,3345.03211992915
2004-02-18 10:22:39,0.16352310019344363,1.797294405900856,2778.54094947512,0.10167927661509375,0.10157564097321847,9830.493556596408,0.10451414681642685,0.6982863942568316,18310.977626590793,0.06421928337673877,0.215869965551311,2324.188283176152
2004-02-18 10:32:39,0.16181308058026397,1.8622805302434573,11431.773551009952,0.10227194355957613,0.16745948957403511,32662.783846169546,0.10593491815622282,0.8091813822466363,99662.60658715507,0.0648616357110224,0.19344515868647072,2384.265596975458
2004-02-18 10:42:39,0.16014388473606908,1.8024402637382266,2536.636302751711,0.10125439202472589,0.11968426816969657,14968.221206336113,0.10437983404786279,1.0555588663981093,11201.054596661197,0.06362880636944244,0.2506983916288368,676.0385312040878
2004-02-18 10:52:39,0.15362154742738524,1.9897856647817393,2649.2640714498993,0.10282437288968141,0.12604943069520713,17331.896402314662,0.10591788811828483,0.7416997051893457,14282.63434998465,0.06507993469872742,0.07594502492235167,2078.231257788804
2004-02-18 11:02:39,0.1511838291462169,1.9097440860459338,6326.876871616715,0.10032553458928091,0.05196669874907611,9271.250299195755,0.10775322623324034,0.8364502515346244,115388.49524972642,0.0636869817201679,0.15271474944318042,1885.3126466347276
2004-02-18 11:12:39,0.14981626670535897,2.010027807180683,2603.8782402844236,0.10109741903117817,0.056399526967923386,8329.045194038585,0.10579487403033169,0.8817826624923075,68818.87140379418,0.06368231777861301,0.19412273314788653,641.2244188608479
2004-02-18 11:22:39,0.14933519507564602,1.8515875312725703,1246.1224008248123,0.10156423796589896,0.08428446622487984,3100.532569028603,0.10556164196291308,0.9684537535209836,35231.82737508338,0.06542790865119218,0.10033397709653169,1497.614673467717
2004-02-18 11:32:39,0.14981858169758183,1.824710659518746,15670.912883327004,0.10211447959696693,0.07925720840091266,41996.84119939696,0.10704538729625976,0.8805006103881934,189392.47540128045,0.06412816527884803,0.11284052235979392,1630.6043501487463
2004-02-18 11:42:39,0.149862981364958,2.1437787973431313,1190.9161215132438,0.10122671245502901,0.06676376745515977,3537.1775811264793,0.10635503057823299,0.8635927922953694,16598.59792076353,0.06471583052625629,0.15281234652720377,871.2137374039833
2004-02-18 11:52:39,0.16718367533592543,2.348869356891683,14597.041711497406,0.10372376786219854,0.0988510513356049,38013.646010139746,0.10760341909428923,0.7630665091769964,122403.96166665008,0.06747466755545187,0.132455751825018,3069.67854930055
2004-02-18 12:02:39,0.16999917035068693,2.207939092072202,4686.346283205126,0.10334955263230158,0.2046518141122564,6908.494810564464,0.10739963701637915,0.6967065825452257,20148.87446364397,0.06627456281094013,0.12437081003696848,933.7925105401484
2004-02-18 12:12:39,0.16036722810961876,2.159949000136546,4217.597723671171,0.10487106271475405,0.022319212971209534,11051.732149209061,0.10904663141182136,0.921219693270702,31711.8974522196,0.06704971518687178,0.13121528469819665,1669.0817080066997
2004-02-18 12:22:39,0.1594284300757122,2.3122078844081697,1573.4156375179848,0.10464218515523507,0.09084799837738133,4989.499094527889,0.1078707220508941,0.6442358187330361,21735.54757603613,0.06839067961786716,0.15130306694156292,2269.5134797949813
2004-02-18 12:32:39,0.15939881317194618,1.9357105328770965,9100.351626389891,0.1039525538275305,0.10526756258892078,23621.16923498635,0.10823523214977472,0.681497691413179,49871.04528130074,0.06743122509036523,0.09891840472972158,2025.6240254013528
2004-02-18 12:42:39,0.15437217640383338,2.0163595484224404,5378.576078630833,0.10496034430656716,0.17447546825577698,8363.325748866517,0.11001673501073314,0.845896754520095,72229.35916031494,0.06729447733423227,0.20983146117028717,2303.0663806874927
2004-02-18 12:52:39,0.150218535631478,1.9590216132875478,4683.35836576656,0.10534650137314717,0.01193135778380583,9994.412237114184,0.10835955884988009,1.0133575991621155,41977.805547097734,0.06703389964168782,0.11368936406824615,1230.0416166849514
2004-02-18 13:02:39,0.15378793961521742,2.3246693265761538,2212.8845563470927,0.10551740775741104,0.06276329794214375,7061.1833652118075,0.1095294258050662,0.9482614002738274,8360.898759831927,0.0670020208708756,0.15632811034375838,1145.8721837161083
2004-02-18 13:12:39,0.15559491551581947,2.1431939239028566,5561.039834514909,0.10551403958160319,0.06711661916563694,5443.751032871324,0.11024427998554506,0.785560587515338,74418.2850039446,0.06827930238927185,0.2387480406573137,1447.491202488933
2004-02-18 13:22:39,0.15190021604581616,2.4133470314032275,6191.101725088678,0.10556999191701862,0.0696058184570485,21131.733960797555,0.10917646691359074,0.7262371229562823,94428.17130000194,0.0677733588796374,0.1111540380046856,1207.3214954840444
2004-02-18 13:32:39,0.1502383227185436,2.7027362077148753,3054.341469426414,0.10690322658140691,0.014473339997624457,10725.650688040916,0.10902874320885811,0.8678310940174057,9863.355998553021,0.06812220751157438,0.16928234034771927,727.4194676998893
2004-02-18 13:42:39,0.1519778949926806,2.34280981199709,1899.573418901688,0.10715204861988174,0.10758933587919417,8798.169708835103,0.10844385675712283,0.5202986149089726,16981.161200540715,0.06838898680069036,0.1925568212669022,1571.9445141442666
2004-02-18 13:52:39,0.1554629642453569,2.4550896454244606,1246.0798350490747,0.10667604448420871,0.07596495896467381,2706.5706445312735,0.109120043245458,0.6972987304190568,38660.13597395355,0.06826972335488936,0.15341483925250454,1065.2553407494643
2004-02-18 14:02:39,0.15592530873561505,2.2415569799395962,5992.0495905837715,0.10808725022919852,0.14602845781852425,11071.454866285145,0.11131765104238299,0.41925444097853415,62445.54976207647,0.06809130832588878,0.19622170684181706,1078.487153649512
2004-02-18 14:12:39,0.15534268396963735,2.617530006241532,1589.4085085947415,0.10701456462096935,0.21725574278653337,2591.7434832358704,0.10825913960767355,0.5579949037752518,22257.732380714806,0.06959945355781808,0.13502611063653003,1916.776826626285
2004-02-18 14:22:39,0.15443912888659403,2.7844231394321968,14255.219464905487,0.10896717897490969,0.1540588575188755,32974.559581568865,0.1130998336129689,0.9590684438836092,185240.7158838975,0.06961460803842646,0.1792748759691385,1748.0398025003017
2004-02-18 14:32:39,0.1553537588243663,2.61616408241109,10377.498467211282,0.10708662550163828,0.03576375169707591,40391.17985130326,0.11067331880852652,0.9406332717289256,75169.83742973268,0.06841530640427348,0.15843635640745868,1663.4042870401222
2004-02-18 14:42:39,0.1636656377093154,2.826460757283755,6461.3468722527705,0.10867178086803975,0.12114727677785231,11613.378896768778,0.11222279280346473,0.42549076347054005,111667.96288660336,0.07143642209926075,0.14666941437896064,2697.6472494694435
2004-02-18 14:52:39,0.1562463933958757,2.986025426473298,3018.309875656909,0.109098245619559,0.02147219808135903,20867.533882012805,0.10976504270308182,0.5170309855426609,19001.19723737523,0.06939969225548663,0.15508564816849502,2293.9656718700858
2004-02-18 15:02:39,0.145387459832554,2.500774861310396,2590.894431186545,0.10763862042697257,0.06888178278700652,2750.613905594356,0.11142897099126364,0.6829632839100266,36063.31096000294,0.06764047593249918,0.07446289334541767,1237.1591886464048
2004-02-18 15:12:39,0.13575110964383036,1.8574887282894075,7137.594301896711,0.11023950887230154,0.1732471529874453,22072.16421483092,0.11367834732432833,0.7983581834256479,51276.19472456292,0.0697778187831966,0.140609896680159,865.8058127279342
2004-02-18 15:22:39,0.1319658662069476,1.7284183537364086,2440.006941995949,0.11090082470352453,0.02511706823084925,9288.248470191604,0.11415581991603899,0.4256295708417914,55817.6937873161,0.06861107234293073,-0.0077058762776527345,1838.9087893123692
2004-02-18 15:32:39,0.12557964588633583,1.1700207117382746,3086.5233619706796,0.1083268410514564,-0.015181706570771336,4433.7259284608435,0.11267077727935658,0.5169870419458209,18698.559157854022,0.06915510194483122,0.08789212740211383,2254.1491516519263
2004-02-18 15:42:39,0.12250529265511603,0.7577765261606118,10767.190231111137,0.1118254106227091,0.05710451957385487,23284.2377962561,0.114929588031447,0.46643583010324186,45602.93766932077,0.06846591091215577,0.05320824149044068,1412.6992102943884
2004-02-18 15:52:39,0.12193231444797815,0.8535628017026946,1321.740679717176,0.1105492387114787,0.17377162313043382,9271.171097601544,0.11515776839229629,0.6460291201542372,20899.05389710367,0.06870904213204493,0.03487435649309134,706.9455876042543
2004-02-18 16:02:39,0.11888064914120539,0.7442252875255817,5852.209495254357,0.1113497878046502,0.04348440877665061,34117.81754692819,0.11316568695977648,0.5285978025296196,56276.35770599693,0.06782830173036179,0.034664580911717646,2215.191933367181
2004-02-18 16:12:39,0.12123167830323373,0.7446591645433762,3778.642621988843,0.11299711780754632,0.08905159288382425,25697.31253276366,0.11599147265431034,0.45511614804055167,34941.17399534132,0.06794772411855032,0.08139823549901415,3205.325923865151
2004-02-18 16:22:39,0.12019822474738083,0.6216526602009442,1510.1242685823279,0.11095231481185679,0.035516744129998834,2144.806955204616,0.11511956314353948,0.5090312910784425,7711.86336991524,0.06777017580407789,0.12406230945303642,1559.6664487098362
2004-02-18 16:32:39,0.12071113848803731,0.6546762590964943,6274.92261091781,0.11053585589958186,0.014933679534645972,6568.378678281554,0.11622365145788152,0.5747845060599737,80430.3034372342,0.06756706665302077,0.0750221717734143,2418.9699981100807
2004-02-18 16:42:39,0.12601823908478982,0.6512671864651218,7108.488209448025,0.1152111949143561,0.11816643164707141,28940.229789638965,0.11711971935634655,0.6246592089667198,42254.74510876859,0.06909878854310689,0.1352167995364817,1567.1089472059032
2004-02-18 16:52:39,0.12889697940148995,0.7079267107692919,857.9817066282774,0.11300998663869545,0.00923863856801832,6599.860663335354,0.11673739915437607,0.47835415883150434,12903.5432867516,0.06892591874897733,0.043021344375965054,1663.6967846945806
2004-02-18 17:02:39,0.14386658265043908,0.8912405209916154,4316.222416641222,0.11603629024704674,-0.00204228754520841,8183.627488712543,0.11935319929369562,0.3429476129457405,72145.19342523205,0.06956865321224513,0.10901929317710168,2144.6608807088896
2004-02-18 17:12:39,0.1530643899497957,0.9429930692778719,4171.128278786301,0.1148828390109626,0.05008752041276354,3498.341249610338,0.11891001657142103,0.26804342595431674,38660.69260007925,0.06838030465311723,0.06118034357453439,1445.7543988123753
2004-02-18 17:22:39,0.16624198964489612,1.348028731376786,1305.987178468658,0.1175902086813965,0.0790551908109336,7541.57218218608,0.11913526955176572,0.5559976784608609,7117.404960011664,0.07001354430907458,0.10897342501202179,1461.292796637453
2004-02-18 17:32:39,0.17545500989725793,1.1832916895998533,5661.834302313833,0.1190700998230664,0.08913317260230835,12577.007224005694,0.12167161876337472,0.5389886189167212,32728.429175562338,0.07182240195005316,0.13906707641785054,1920.3666939827506
2004-02-18 17:42:39,0.18285186194832348,1.385662486057388,16002.419747300974,0.11794790399426616,0.0299184465600959,37825.08520432215,0.12282190147698363,0.38229998545457766,108658.32809459977,0.0699209898686993,0.14823524072460614,1352.8789404466322
2004-02-18 17:52:39,0.18304781036359397,1.2336770503160857,16560.32904064419,0.1193797303545759,0.05396465221160618,40188.91809427808,0.12433940955920311,0.4434552554079807,213458.72734978053,0.07171452159376004,0.14278171822446328,3628.0146961729292
2004-02-18 18:02:39,0.18434091303017047,1.303366189780892,1199.4077181150546,0.11644586280690161,0.08134382952000108,6370.592733050572,0.12050231414725508,0.3090213131930857,12452.779517307448,0.07141366755784567,0.08448595789123337,1240.1805207885704
2004-02-18 18:12:39,0.17369571009967763,1.0203749635404202,8210.785088956167,0.11746041387686747,0.018082650571844994,14986.781333236844,0.12244059066415638,0.4737704184590634,34994.08380498195,0.07086054746824921,0.25539485715784815,1443.9816826063184
2004-02-18 18:22:39,0.16510211595072383,1.067268555058079,2894.6684047408116,0.11688586868748559,-0.032902630973898894,15065.878372190213,0.12248585855875362,0.22203235568007162,77950.05084207372,0.06975803185162623,0.07821361659797788,4156.653326287594
2004-02-18 18:32:39,0.17317741069831213,1.146197452969874,24056.330529175033,0.12060983348630307,0.046183161902863645,71577.71065330089,0.12704489490831825,0.49777070265223156,202434.16954007972,0.07126679558071732,0.1303740551601118,2633.2191531454127
2004-02-18 18:42:39,0.17769195249213948,1.3526061061171655,4650.578190662185,0.11871828482733295,0.09607863909551684,14642.661440937325,0.12437756278766682,0.40660753368568336,61962.239744230246,0.07010025465806098,0.19771375074949127,1025.8073428526197
2004-02-18 18:52:39,0.1765543943106221,1.339958487414516,5093.115795586448,0.11935326904626975,0.08999275270341744,11146.126607362055,0.12393202837140205,0.33635810256168686,37921.26405794098,0.07212591968921869,0.14156693896207972,627.7728124454704
2004-02-18 19:02:39,0.19303768417012682,1.830056361432022,5385.930420648413,0.12199432559965905,0.09425678459337039,30752.294293350147,0.12648120884703093,0.24723968411900588,61039.11026702429,0.07341580829905181,0.22309746734486602,2265.547072956591
2004-02-18 19:12:39,0.17691763882590783,1.3679778747043585,5032.765573523899,0.12301562361075828,0.07423116597277257,4687.470417563466,0.12941833324714372,0.23647604469031203,71298.11606995504,0.07363864043580907,0.29304576674188354,1239.324142300338
2004-02-18 19:22:39,0.17101502598113455,1.6965917277658908,10271.918398833237,0.12082427819429287,0.024490743116874825,23641.960663668735,0.12784219398344193,0.22843108776393795,42602.01013417169,0.07574778771521978,0.3173731673467177,1849.6578176785529
2004-02-18 19:32:39,0.17515580745372283,1.7447864206890555,6097.496296359352,0.12112257136851858,0.1745973421635867,11365.87760979592,0.12685690892417675,0.32026250842191706,29133.041858578275,0.07549867516169985,0.3369013707985955,999.8415586063132
2004-02-18 19:42:39,0.16993852734495457,2.255060008475886,3235.9139259640942,0.1234174574313866,0.1413164028449274,4029.993965746599,0.12940773174411274,0.29053053484608604,50739.115248049464,0.0769631735190604,0.42224338024596264,1591.5754054622014
2004-02-18 19:52:39,0.17552127358377032,2.0630298792829587,4323.469886091733,0.12582173882496417,0.20527634020410712,24155.646116108113,0.12943072490266028,0.10914678291589253,25580.74423354182,0.07766078426148795,0.29344483568561675,1227.180312605446
2004-02-18 20:02:39,0.16959605990457519,2.1145702826278567,5201.978038015826,0.12586788204489957,0.04007652311982701,13013.427300239864,0.13307821599445052,0.29030760999002325,61072.94915560563,0.0795259916606475,0.3965165088167124,818.972716899554
2004-02-18 20:12:39,0.18459811645737173,2.410826161644821,2420.160190633192,0.12801402224982278,0.14400114401570185,4263.412087985746,0.13433679362368953,0.30095975087198656,16777.955580363894,0.08292028422018494,0.5138241127090044,481.88725636192964
2004-02-18 20:22:39,0.17965330544203745,2.0081460484581886,12416.268338047386,0.12767232303953938,0.12701639602084747,17342.47115579017,0.13491285580740398,0.16480164597557323,50507.35183154233,0.0842070446410958,0.4557222547150639,1140.0955773955627
2004-02-18 20:32:39,0.17156891922189388,1.3135115993832214,3652.182380656241,0.129627746023228,0.1525626570368468,19485.928553998194,0.1337111372058836,0.13771399146428953,10354.4952270933,0.08215667999839925,0.37124593463921673,1533.6864560250433
2004-02-18 20:42:39,0.16924480048212523,1.0764268059592403,2399.1536598680846,0.13041202771468685,0.017207213871990756,12645.747179426895,0.13780149775384565,0.2739836706076484,81098.23967484779,0.0823701342336643,0.3838862506269338,1911.6717230010145
2004-02-18 20:52:39,0.1579695922949849,0.7112063302087432,5112.881546224445,0.13071375759950155,-0.05035413337772665,20083.403528385243,0.13785713562870078,0.092557670052416,54130.68639437391,0.08105283168056192,0.260173677788317,3476.026367276947
2004-02-18 21:02:39,0.1509290111484535,0.8786514148313511,3391.505490189727,0.1286565720256475,-0.12770999414488404,8392.015020118779,0.13801231616802356,0.006292413513931283,24971.27349629717,0.07899702266442546,0.25484522731575865,1811.8553392960866
2004-02-18 21:12:39,0.1583352741280449,0.5093037113259804,7836.978669554667,0.12905296953310488,-0.13504009437182152,26483.92043760657,0.1385658538371174,0.09826613308017151,49796.99278845498,0.0809062753476206,0.2934711567472412,2637.9396852842588
2004-02-18 21:22:39,0.1705056983331129,0.35985567966639387,2351.053027250894,0.13071961865447695,-0.059265548807057034,4079.2404651372417,0.13958859089134487,0.19290421240419509,31536.354121419758,0.08242731824443125,0.19500962390463128,1405.686262098499
2004-02-18 21:32:39,0.1677026281379484,0.39780194254189194,3749.545402264213,0.1264757582765987,-0.20812434849487182,6099.586997747862,0.1378480961327427,0.08485720969332355,31511.34646957912,0.07707262358737131,0.20320442604025413,1081.1403181209673
2004-02-18 21:42:39,0.17962051482417904,0.5302426757931595,3112.3767077827993,0.12685672686298755,-0.15403171729617426,14764.06971663053,0.1369988507521938,-0.009326719318424548,36135.48596079738,0.08004548237125489,0.3685407592705028,975.8235087076281
2004-02-18 21:52:39,0.192045559881796,0.7571049470480635,3717.2870149360892,0.130220611337789,-0.21905361188531947,18021.983009859443,0.14158237167370097,0.08209916081139701,38785.904308902565,0.08059037834649524,0.3331707235814001,2304.259998658624
2004-02-18 22:02:39,0.19999621285476882,0.8609358829813223,20707.520529246587,0.12996715799848485,-0.13168293128131214,69483.07185438374,0.14282382306041855,0.05115474188054803,178286.2255893476,0.08098863159274655,0.34741447782438284,1497.7145325028066
2004-02-18 22:12:39,0.22445728524686076,1.4313680652798766,3740.983083272454,0.1301809246569222,-0.16178156745942252,13125.794773790947,0.14342471263125953,0.4930957982519977,97296.11204254444,0.0824191815318194,0.5077556650038066,3070.2874665100435
2004-02-18 22:22:39,0.26592951772685464,2.188355898835968,3482.7692650145455,0.13365761083303018,0.0043573536680949765,22725.372398177864,0.14185050432117566,0.17029582526202214,62678.04713930704,0.08918987410338758,0.6275766429811225,3636.028655449453
2004-02-18 22:32:39,0.2011581127574153,1.8162248042569438,2256.7893802384824,0.13302817066115405,-0.006275300874390322,6482.016232147732,0.1437263917434573,-0.014763189215067918,22744.455522585587,0.08456276272594072,0.539569905001799,773.5059509365209
2004-02-18 22:42:39,0.19690958785954438,1.4284091908193126,11051.764149428254,0.1308814257540843,-0.046120372079649474,13187.889927746442,0.1465399342969349,0.07251810420395444,88052.37812019612,0.08850099421228272,0.5687705364955304,2622.315921701072
2004-02-18 22:52:39,0.19559759904444923,1.1907125645598278,4474.767698142651,0.1340497999884861,-0.03732627675049116,11660.373154809815,0.14881775045861464,0.06687286330644726,54905.958821962064,0.08980250248809885,0.547702609322414,1818.4053492186463
2004-02-18 23:02:39,0.16647280153930175,0.7069339010890476,2630.83610578041,0.13041200000802744,0.007138948612849916,21799.731246259093,0.14505850281276603,0.005403565975532487,17340.319312449854,0.08470963185208412,0.47051072242835623,1525.581199440899
2004-02-18 23:12:39,0.16240046470838684,0.8365146408675299,17652.972088974,0.13219226480035387,-0.09480713658315576,47151.573322435186,0.1466137017439451,0.03525111172201045,128627.55137322222,0.08533190398608616,0.4305497049518916,1632.0665101748937
2004-02-18 23:22:39,0.17006932323917576,0.8079763666608222,1479.3264673792935,0.1330387567253078,0.05968484424538234,9770.912793726671,0.14636688104618306,0.03267467182437489,10051.40592929539,0.08844842164230872,0.46199201871497353,2334.6485284904957
2004-02-18 23:32:39,0.16308295465086547,0.23859552164660824,3317.9730125830206,0.1339275859971187,-0.06928841199306612,20112.593798249112,0.14812738641933124,-0.16141177011697172,17403.01725846937,0.08715754861886606,0.1160450402193911,1711.1612180348113
2004-02-18 23:42:39,0.19798816462121702,0.6918752464391398,4258.963085682346,0.13530528163483216,-0.11216481062455941,22340.61403564055,0.15035234675198164,-0.031456028084376975,18841.416235353896,0.08862409946430697,0.05833397857493727,1055.6340245374201
2004-02-18 23:52:39,0.18847632684570761,0.6431576445294054,5181.467054545428,0.13394255961920298,-0.20618702495640617,6063.64461900549,0.15039000844029457,-0.04386647226617546,44923.68051187869,0.08666092863992617,0.15353352513536667,946.2043727552772
2004-02-19 00:02:39,0.21543727935965637,1.4587115959458012,2611.953948922747,0.13569316277479912,-0.06490679687582013,9305.879616185803,0.1505584610552077,-0.12408573998380845,31423.31186507904,0.08968323160574668,0.23705738193965464,2016.84441277634
2004-02-19 00:12:39,0.18385103886621773,0.8855776669293616,11266.398402401888,0.1389291936549312,-0.01755972306147413,32690.29306551981,0.15649009116494406,-0.04179681559119386,99437.1848650178,0.0890026229643332,0.09531215093231271,1520.5600766238001
2004-02-19 00:22:39,0.16387582177044147,0.26447976532175055,5104.589805818988,0.13632821597418168,-0.046251728648389445,7963.831393725483,0.15566464887750284,0.012570827284061448,34659.10139076458,0.08695627240485229,0.25832977958846604,3244.9890108283344
2004-02-19 00:32:39,0.1583213382414958,0.3269080575747445,4786.5010004957385,0.12885858436916417,-0.15498674580676752,6608.555139438008,0.15023557039306012,0.05444081147591451,14149.312996348304,0.0849731181641987,0.08292163453572776,482.16239805516403
2004-02-19 00:42:39,0.16120348893169154,0.5962783117213477,11981.003561058811,0.12696804969964393,-0.16295203585815843,17331.536795970344,0.14824818947829937,-0.06257243737925755,209824.87356178486,0.08395177448662491,-0.08350579457369989,2703.1270366880835
2004-02-19 00:52:39,0.18293621668494187,0.9118408191974585,8985.613841954268,0.13576413244374644,-0.11428336375062731,11011.684452171565,0.15130328719759156,-0.06465034733224195,127055.13992681852,0.09242641525196206,0.021963560669603588,2526.482719940842
2004-02-19 01:02:39,0.2144247164699143,1.374046176080066,6670.8860064163655,0.14294694796196464,0.13507211150578735,5563.613535709352,0.15408566350968136,-0.12161509812391946,81557.3674935651,0.0995241821960717,0.2901797192976967,1572.2665851249255
2004-02-19 01:12:39,0.23728752594838,1.2521377158068754,4934.156634117884,0.14393329601302082,0.3337137770361083,9121.821714940188,0.15239768596504344,0.008361765118453768,35059.05612898398,0.10138030412487983,0.3852631973901772,1510.6156864408613
2004-02-19 01:22:39,0.198759839575617,0.3930067403957853,4814.6743613756325,0.13207541569000456,-0.16324041917310295,11948.758938079729,0.1443372505437569,-0.014290908694749582,51448.2688671936,0.09233229915255482,-0.1420881496754265,463.39863241798554
2004-02-19 01:32:39,0.2361434556379342,0.6124751846308487,9874.958355729193,0.13644289760423817,-0.15914768498982612,40698.927668113945,0.14443579466080034,0.04734454710178415,92121.1559470904,0.09543659416523295,-0.12005863937305117,1699.1918527792232
2004-02-19 01:42:39,0.20298839432938495,0.5611380194014495,20920.743246850943,0.12184771409299192,-0.08013181116807688,45444.0683446312,0.13519089927967368,0.12692200454756675,217270.3005331194,0.08991959298798566,-0.16579779502910164,3641.3378394142464
2004-02-19 01:52:39,0.2210419021583139,0.4655669752736662,3555.417404243146,0.12189188484799501,-0.015361463334166103,24719.453564197993,0.1266342157924745,0.11940326955069258,23154.860355045796,0.094004500910362,-0.10158455309784165,1700.3594961011593
2004-02-19 02:02:39,0.20722116595824314,0.16874461540068753,2157.754112591821,0.12071105030615725,-0.009145531519339833,17480.440905283147,0.1216560988873323,0.26726536844861526,21906.629344002373,0.08916761368388258,-0.17802577670782904,792.6058120242651
2004-02-19 02:12:39,0.2615312065920325,0.819911092895623,1333.8966754850214,0.13503415149625111,0.08826956954594056,3036.404119895166,0.12738028731972717,0.18359859003248102,24177.872867380873,0.09953380000658069,-0.004348323225340511,1130.7257739505555
2004-02-19 02:22:39,0.201622636741226,0.5009320077403623,13580.890777089076,0.12770529084025356,-0.1351892761271869,33199.439568881855,0.12214001195157649,0.47518130832824346,99127.0828733468,0.0910845637520774,-0.17910630546688555,418.9629530908149
2004-02-19 02:32:39,0.22289943638384188,0.5709460275133078,4035.155887933045,0.15857807357866938,0.009402563398536845,12093.645663141458,0.14862841653321843,0.030136719412941382,84356.2717031866,0.1017911100151924,-0.19522339065679795,2832.575271258989
2004-02-19 02:42:39,0.25924244834032173,0.16828137278919275,17818.654792372192,0.1723265134739682,0.23552098449788073,32876.59191896574,0.16392207919275245,-0.19616282598163837,84960.24881360293,0.11069233164567566,-0.15389460749192319,1579.0542782004916
2004-02-19 02:52:39,0.2316656449388253,0.2930961828855869,11322.6226393264,0.1778901828057745,-0.4992488391429104,22095.527405932404,0.18336271061090398,-0.34387183822377265,53144.48160964293,0.106301931242746,-0.3413025240834848,848.3706372923549
2004-02-19 03:02:39,0.23457642022127484,0.4463146708758181,5781.557720767048,0.13942110854462642,-0.33381979561595543,13622.52168729939,0.1649013613781736,-0.40764219211149566,20093.489256368837,0.09584180691704951,-0.2565489694450216,972.4259218549638
2004-02-19 03:12:39,0.24749721490699395,0.16235307119876863,17133.634768036438,0.14020749725016937,-0.09604370416438357,13771.02145363898,0.15023669752494936,-0.0675777676281295,60450.09683686239,0.09154305334231742,-0.24272258570973193,3519.7790644101688
2004-02-19 03:22:39,0.2971881006007338,0.4668719209344352,6644.943025831698,0.17051667062471487,-0.3469354854149258,24804.441245092323,0.1644325549783824,-0.20138734022535987,30838.826533522708,0.1086640233504315,-0.002035598429834362,2729.754371078385
2004-02-19 03:32:39,0.29165111235496877,0.17370458548626067,12245.662869951273,0.1767922396376429,-0.5621264719189867,11783.070125638267,0.1639180788450915,-0.21263871545469604,15290.58405016629,0.11001347906584845,0.046365050269709496,748.7665712281669
2004-02-19 03:42:39,0.3437355161721363,-0.26454133607088526,7702.45489328644,0.1753833381002971,-0.4576937682256865,20571.068595710563,0.1610617431528104,-0.2361030913277622,42802.13751966589,0.11697331572541181,0.6516244075268829,914.9890133834688
2004-02-19 03:52:39,0.3148111378891517,-0.25887405123123797,23606.741042160043,0.14647182746260243,0.21908635118494013,51469.28446774356,0.15001939653237345,-0.05444243160199935,119277.14684050059,0.10939108140706102,0.0543306564842605,2897.8247878368297
2004-02-19 04:02:39,0.3257155681690027,1.5961439154093577,11844.669573285975,0.14836215884039047,-0.059759901908034596,7327.856410821428,0.15610522261392715,-0.07943153178572082,5567.921284788845,0.11879107328329379,0.04655397570430431,1161.0154707152922
2004-02-19 04:12:39,0.35309010723627615,2.2372547302258763,26112.782069041536,0.18421984957793128,-0.2588116846864277,30482.915228601178,0.18384502166821787,0.0011215245736377888,126851.50819082746,0.13417685445517186,0.18022964669061725,5579.0701071787025
2004-02-19 04:22:39,0.429678447916015,6.0228666429516124,11238.75325111255,0.1909521630263798,-0.16607653671947542,5771.360516652241,0.1873818371157124,0.013627803781257608,72770.86092216808,0.14244427621414585,0.760694354730397,2241.357266928148
2004-02-19 04:32:39,0.41556983063121816,2.7108349028301975,18728.129457341725,0.16281259701892503,0.15673449270855366,6468.101953437831,0.1553994002047124,0.46521805647804326,18723.716902992186,0.12783392145518097,0.8134602805347289,644.3783696617221
2004-02-19 04:42:39,0.37168108658761895,8.78736473241632,27637.48362567652,0.13659868656716653,0.3211945879190945,68513.54353971634,0.12074348374627718,0.5709870910254353,184929.93857178034,0.11741531668311794,0.7730207002527321,3010.5420896862515
2004-02-19 04:52:39,0.44767279010673977,3.161553346450286,13736.8435157055,0.19085699804086798,-0.06134567819183934,9287.760213070138,0.16521276011106292,-0.2140138926106392,133700.53199434333,0.1299100297140775,0.35809150024948533,1914.3781063711212
2004-02-19 05:02:39,0.6721374879698163,14.110009232265156,64352.567660376524,0.1910746474507738,0.47430328508995157,11608.333336017211,0.176178534380788,-0.16339917254306124,13719.446759180635,0.12464481608065878,0.7860189649897813,1458.5481103560007
2004-02-19 05:12:39,0.530956128967989,9.796460845214698,81335.63055669406,0.17107461065894428,0.6182460598491453,58718.58081030886,0.16042634800669628,0.15035249495375735,71170.01904613196,0.14689424292161904,0.9702485897479214,6004.872836427258
2004-02-19 05:22:39,0.4459182473835416,1.624277812551865,57852.62813991107,0.17319634233449296,0.1283123837509894,114526.0339540304,0.14947759862345386,0.2827088715802075,76953.46559426132,0.1464202701398017,-0.04261227658948741,14108.800984796899
2004-02-19 05:32:39,0.38697483181595205,0.46885747700291747,64195.08063291063,0.1767019242100415,0.09926774891115064,117503.06230876663,0.1394090273414777,0.1264808644305262,74215.25297343425,0.143398986182892,-0.11676904377771224,15422.249048758937
2004-02-19 05:42:39,0.7250014697250727,12.577704574521317,112733.51332442198,0.21829447570884608,2.452738748815692,169730.0497174129,0.17057677932967422,-0.09803718892522051,70444.074353504,0.14835112421106725,-0.0932865896544186,18860.992973148466
2004-02-19 05:52:39,0.46201166565273954,3.759971680444238,99820.2407785207,0.17081688529176867,0.911258398675006,147761.88721107258,0.17787780654848429,-0.31920590755036216,251761.11563695845,0.11662979918783085,0.25959088689080634,33527.39250059174
2004-02-19 06:02:39,0.4838353953514789,4.891755233183495,66884.33947410468,0.19364109313164588,0.33062749098565325,64822.732216479475,0.18740544816507637,-0.13566238753029802,44889.33198829981,0.1305823384655851,0.6971666810946306,13444.0660719682
2004-02-19 06:12:39,0.002103011233921493,3.6375126385863172,2.2210843944982503,0.004017825272691062,-1.8710393454475822,6.5482492459528645,0.003950171821816743,-1.9354181434079027,1.557172622927088,0.002153666931073605,1.6527216082391964,6.199665002888063
2004-02-19 06:22:39,0.001532732063383878,-1.60977403546715,4.775618426911837,0.0012386989141837494,-1.0940985534953698,4.62890599246914,0.0011971034377300065,-1.0690123508911995,8.387476520783016,0.002124103671257597,1.1704938581594888,7.903802182839683
